user_id,item_id,item_type,interaction
1,2003,exercise,1
1,350,exercise,1
1,2119,exercise,1
1,2078,exercise,1
1,2740,exercise,1
1,1338,exercise,1
1,2166,exercise,1
1,994,exercise,1
1,2135,exercise,1
1,2177,exercise,1
1,2236,exercise,1
1,885,exercise,1
1,2124,exercise,1
1,2076,exercise,1
1,2739,exercise,1
1,2176,exercise,1
1,2192,exercise,1
1,2072,exercise,1
1,2077,exercise,1
1,2172,exercise,1
2,2072,exercise,1
2,2172,exercise,1
2,2077,exercise,1
2,2177,exercise,1
2,2124,exercise,1
2,2031,exercise,1
2,2170,exercise,1
2,2176,exercise,1
2,150,exercise,1
2,2168,exercise,1
2,1730,exercise,1
2,2160,exercise,1
2,2076,exercise,1
2,2067,exercise,1
2,2178,exercise,1
2,2208,exercise,1
2,2740,exercise,1
2,2125,exercise,1
2,2079,exercise,1
2,2078,exercise,1
3,384,exercise,1
3,2131,exercise,1
3,1622,exercise,1
3,1027,exercise,1
3,274,exercise,1
3,2336,exercise,1
3,441,exercise,1
3,2171,exercise,1
3,347,exercise,1
3,1269,exercise,1
3,2136,exercise,1
3,579,exercise,1
3,328,exercise,1
3,279,exercise,1
3,858,exercise,1
3,1271,exercise,1
3,353,exercise,1
3,970,exercise,1
3,397,exercise,1
3,2188,exercise,1
4,2324,exercise,1
4,2143,exercise,1
4,519,exercise,1
4,2154,exercise,1
4,2123,exercise,1
4,615,exercise,1
4,1032,exercise,1
4,332,exercise,1
4,536,exercise,1
4,987,exercise,1
4,520,exercise,1
4,2342,exercise,1
4,2173,exercise,1
4,1038,exercise,1
4,687,exercise,1
4,1526,exercise,1
4,300,exercise,1
4,961,exercise,1
4,251,exercise,1
4,1508,exercise,1
5,1034,exercise,1
5,321,exercise,1
5,618,exercise,1
5,1394,exercise,1
5,673,exercise,1
5,2730,exercise,1
5,2206,exercise,1
5,2335,exercise,1
5,478,exercise,1
5,1028,exercise,1
5,471,exercise,1
5,991,exercise,1
5,1024,exercise,1
5,2273,exercise,1
5,2213,exercise,1
5,2147,exercise,1
5,692,exercise,1
5,470,exercise,1
5,2891,exercise,1
5,2733,exercise,1
6,195,exercise,1
6,466,exercise,1
6,645,exercise,1
6,689,exercise,1
6,1953,exercise,1
6,2811,exercise,1
6,275,exercise,1
6,1771,exercise,1
6,1758,exercise,1
6,2809,exercise,1
6,2238,exercise,1
6,2500,exercise,1
6,1094,exercise,1
6,2599,exercise,1
6,48,exercise,1
6,490,exercise,1
6,2544,exercise,1
6,1178,exercise,1
6,1572,exercise,1
6,477,exercise,1
7,2286,exercise,1
7,509,exercise,1
7,2325,exercise,1
7,192,exercise,1
7,1025,exercise,1
7,2733,exercise,1
7,551,exercise,1
7,2747,exercise,1
7,403,exercise,1
7,1280,exercise,1
7,593,exercise,1
7,499,exercise,1
7,2161,exercise,1
7,516,exercise,1
7,187,exercise,1
7,1526,exercise,1
7,2409,exercise,1
7,227,exercise,1
7,418,exercise,1
7,2149,exercise,1
8,976,exercise,1
8,304,exercise,1
8,979,exercise,1
8,347,exercise,1
8,361,exercise,1
8,2391,exercise,1
8,327,exercise,1
8,443,exercise,1
8,448,exercise,1
8,2369,exercise,1
8,524,exercise,1
8,1028,exercise,1
8,2262,exercise,1
8,619,exercise,1
8,597,exercise,1
8,1400,exercise,1
8,2225,exercise,1
8,2172,exercise,1
8,2306,exercise,1
8,2907,exercise,1
9,433,exercise,1
9,993,exercise,1
9,698,exercise,1
9,317,exercise,1
9,1610,exercise,1
9,229,exercise,1
9,909,exercise,1
9,689,exercise,1
9,200,exercise,1
9,331,exercise,1
9,306,exercise,1
9,906,exercise,1
9,324,exercise,1
9,250,exercise,1
9,1594,exercise,1
9,338,exercise,1
9,2900,exercise,1
9,985,exercise,1
9,1252,exercise,1
9,2405,exercise,1
10,2541,exercise,1
10,558,exercise,1
10,2677,exercise,1
10,2699,exercise,1
10,2257,exercise,1
10,1060,exercise,1
10,2258,exercise,1
10,1888,exercise,1
10,820,exercise,1
10,403,exercise,1
10,414,exercise,1
10,1989,exercise,1
10,1639,exercise,1
10,1958,exercise,1
10,1904,exercise,1
10,2243,exercise,1
10,232,exercise,1
10,422,exercise,1
10,263,exercise,1
10,1875,exercise,1
11,2135,exercise,1
11,2001,exercise,1
11,2078,exercise,1
11,2072,exercise,1
11,2739,exercise,1
11,2119,exercise,1
11,2077,exercise,1
11,1338,exercise,1
11,2076,exercise,1
11,1730,exercise,1
11,2031,exercise,1
11,2177,exercise,1
11,2003,exercise,1
11,885,exercise,1
11,2166,exercise,1
11,2168,exercise,1
11,2067,exercise,1
11,2178,exercise,1
11,2176,exercise,1
11,2192,exercise,1
12,721,exercise,1
12,1885,exercise,1
12,2310,exercise,1
12,2292,exercise,1
12,932,exercise,1
12,1862,exercise,1
12,254,exercise,1
12,714,exercise,1
12,1745,exercise,1
12,9,exercise,1
12,1797,exercise,1
12,1156,exercise,1
12,2122,exercise,1
12,1265,exercise,1
12,1956,exercise,1
12,2624,exercise,1
12,2329,exercise,1
12,655,exercise,1
12,822,exercise,1
12,1349,exercise,1
13,253,exercise,1
13,2711,exercise,1
13,2553,exercise,1
13,264,exercise,1
13,1438,exercise,1
13,246,exercise,1
13,210,exercise,1
13,2738,exercise,1
13,2273,exercise,1
13,2380,exercise,1
13,2508,exercise,1
13,663,exercise,1
13,244,exercise,1
13,2401,exercise,1
13,344,exercise,1
13,808,exercise,1
13,300,exercise,1
13,2821,exercise,1
13,298,exercise,1
13,1035,exercise,1
14,431,exercise,1
14,990,exercise,1
14,267,exercise,1
14,353,exercise,1
14,2254,exercise,1
14,2903,exercise,1
14,1397,exercise,1
14,1020,exercise,1
14,604,exercise,1
14,1393,exercise,1
14,974,exercise,1
14,1029,exercise,1
14,2206,exercise,1
14,454,exercise,1
14,1283,exercise,1
14,2346,exercise,1
14,1512,exercise,1
14,335,exercise,1
14,205,exercise,1
14,2348,exercise,1
15,2001,exercise,1
15,1338,exercise,1
15,2076,exercise,1
15,2079,exercise,1
15,2739,exercise,1
15,2178,exercise,1
15,2069,exercise,1
15,885,exercise,1
15,2003,exercise,1
15,2177,exercise,1
15,2032,exercise,1
15,1730,exercise,1
15,2077,exercise,1
15,2119,exercise,1
15,2168,exercise,1
15,2172,exercise,1
15,2160,exercise,1
15,2176,exercise,1
15,2124,exercise,1
15,150,exercise,1
16,1153,exercise,1
16,489,exercise,1
16,455,exercise,1
16,2599,exercise,1
16,655,exercise,1
16,1194,exercise,1
16,1249,exercise,1
16,2847,exercise,1
16,919,exercise,1
16,1576,exercise,1
16,878,exercise,1
16,1151,exercise,1
16,2391,exercise,1
16,2322,exercise,1
16,1093,exercise,1
16,213,exercise,1
16,395,exercise,1
16,1969,exercise,1
16,1231,exercise,1
16,183,exercise,1
17,1525,exercise,1
17,552,exercise,1
17,1142,exercise,1
17,698,exercise,1
17,2059,exercise,1
17,2592,exercise,1
17,1975,exercise,1
17,2630,exercise,1
17,40,exercise,1
17,475,exercise,1
17,323,exercise,1
17,629,exercise,1
17,2567,exercise,1
17,149,exercise,1
17,1700,exercise,1
17,2756,exercise,1
17,2610,exercise,1
17,631,exercise,1
17,1995,exercise,1
17,543,exercise,1
18,1415,exercise,1
18,1681,exercise,1
18,166,exercise,1
18,1653,exercise,1
18,916,exercise,1
18,1087,exercise,1
18,438,exercise,1
18,1636,exercise,1
18,2626,exercise,1
18,1885,exercise,1
18,2916,exercise,1
18,652,exercise,1
18,1034,exercise,1
18,704,exercise,1
18,765,exercise,1
18,1923,exercise,1
18,103,exercise,1
18,779,exercise,1
18,1528,exercise,1
18,1920,exercise,1
19,2078,exercise,1
19,2119,exercise,1
19,2067,exercise,1
19,2001,exercise,1
19,2072,exercise,1
19,2176,exercise,1
19,350,exercise,1
19,2178,exercise,1
19,2740,exercise,1
19,2003,exercise,1
19,2208,exercise,1
19,2077,exercise,1
19,2069,exercise,1
19,2032,exercise,1
19,2170,exercise,1
19,2236,exercise,1
19,2177,exercise,1
19,1338,exercise,1
19,2135,exercise,1
19,2125,exercise,1
20,328,exercise,1
20,1240,exercise,1
20,1777,exercise,1
20,2751,exercise,1
20,2214,exercise,1
20,1596,exercise,1
20,242,exercise,1
20,422,exercise,1
20,1020,exercise,1
20,551,exercise,1
20,1029,exercise,1
20,264,exercise,1
20,408,exercise,1
20,2285,exercise,1
20,1738,exercise,1
20,1401,exercise,1
20,2303,exercise,1
20,2895,exercise,1
20,427,exercise,1
20,2196,exercise,1
21,2072,exercise,1
21,2079,exercise,1
21,885,exercise,1
21,2176,exercise,1
21,150,exercise,1
21,2739,exercise,1
21,2170,exercise,1
21,2119,exercise,1
21,2135,exercise,1
21,2166,exercise,1
21,2177,exercise,1
21,2168,exercise,1
21,2172,exercise,1
21,2001,exercise,1
21,2069,exercise,1
21,2003,exercise,1
21,2067,exercise,1
21,1730,exercise,1
21,2031,exercise,1
21,2076,exercise,1
22,2125,exercise,1
22,2236,exercise,1
22,2740,exercise,1
22,2172,exercise,1
22,2067,exercise,1
22,2072,exercise,1
22,2160,exercise,1
22,2032,exercise,1
22,2119,exercise,1
22,1338,exercise,1
22,2001,exercise,1
22,2076,exercise,1
22,2135,exercise,1
22,2178,exercise,1
22,1730,exercise,1
22,2170,exercise,1
22,2168,exercise,1
22,2739,exercise,1
22,2131,exercise,1
22,2176,exercise,1
23,1256,exercise,1
23,616,exercise,1
23,2276,exercise,1
23,1512,exercise,1
23,2348,exercise,1
23,2300,exercise,1
23,2301,exercise,1
23,675,exercise,1
23,2754,exercise,1
23,2365,exercise,1
23,533,exercise,1
23,359,exercise,1
23,1250,exercise,1
23,2888,exercise,1
23,1604,exercise,1
23,378,exercise,1
23,971,exercise,1
23,1391,exercise,1
23,856,exercise,1
23,595,exercise,1
24,102,exercise,1
24,192,exercise,1
24,1067,exercise,1
24,2267,exercise,1
24,2873,exercise,1
24,313,exercise,1
24,2129,exercise,1
24,1918,exercise,1
24,2696,exercise,1
24,837,exercise,1
24,1767,exercise,1
24,2345,exercise,1
24,1856,exercise,1
24,1064,exercise,1
24,621,exercise,1
24,23,exercise,1
24,456,exercise,1
24,1975,exercise,1
24,959,exercise,1
24,764,exercise,1
25,2739,exercise,1
25,2178,exercise,1
25,994,exercise,1
25,2078,exercise,1
25,2740,exercise,1
25,2176,exercise,1
25,2236,exercise,1
25,2077,exercise,1
25,1338,exercise,1
25,2170,exercise,1
25,2192,exercise,1
25,2135,exercise,1
25,2079,exercise,1
25,2119,exercise,1
25,2125,exercise,1
25,2003,exercise,1
25,2032,exercise,1
25,885,exercise,1
25,2031,exercise,1
25,2168,exercise,1
26,2265,exercise,1
26,2100,exercise,1
26,1131,exercise,1
26,1077,exercise,1
26,1224,exercise,1
26,2463,exercise,1
26,2305,exercise,1
26,1044,exercise,1
26,1205,exercise,1
26,2051,exercise,1
26,332,exercise,1
26,1267,exercise,1
26,1025,exercise,1
26,1191,exercise,1
26,1547,exercise,1
26,1473,exercise,1
26,2560,exercise,1
26,347,exercise,1
26,584,exercise,1
26,637,exercise,1
27,1763,exercise,1
27,644,exercise,1
27,933,exercise,1
27,278,exercise,1
27,1920,exercise,1
27,1890,exercise,1
27,1510,exercise,1
27,2555,exercise,1
27,2227,exercise,1
27,1925,exercise,1
27,270,exercise,1
27,895,exercise,1
27,1944,exercise,1
27,1793,exercise,1
27,2738,exercise,1
27,81,exercise,1
27,2711,exercise,1
27,1759,exercise,1
27,2287,exercise,1
27,25,exercise,1
28,1280,exercise,1
28,2194,exercise,1
28,2254,exercise,1
28,689,exercise,1
28,2395,exercise,1
28,687,exercise,1
28,1044,exercise,1
28,2288,exercise,1
28,2390,exercise,1
28,245,exercise,1
28,2192,exercise,1
28,1606,exercise,1
28,2224,exercise,1
28,524,exercise,1
28,2353,exercise,1
28,448,exercise,1
28,241,exercise,1
28,2211,exercise,1
28,358,exercise,1
28,2284,exercise,1
29,2210,exercise,1
29,784,exercise,1
29,210,exercise,1
29,1135,exercise,1
29,1745,exercise,1
29,1495,exercise,1
29,923,exercise,1
29,2120,exercise,1
29,1493,exercise,1
29,1554,exercise,1
29,1228,exercise,1
29,1950,exercise,1
29,1098,exercise,1
29,352,exercise,1
29,2247,exercise,1
29,80,exercise,1
29,2557,exercise,1
29,219,exercise,1
29,1631,exercise,1
29,983,exercise,1
30,1338,exercise,1
30,885,exercise,1
30,350,exercise,1
30,2078,exercise,1
30,2001,exercise,1
30,2172,exercise,1
30,150,exercise,1
30,2125,exercise,1
30,2740,exercise,1
30,2003,exercise,1
30,2178,exercise,1
30,2208,exercise,1
30,2135,exercise,1
30,994,exercise,1
30,2124,exercise,1
30,2076,exercise,1
30,2031,exercise,1
30,2079,exercise,1
30,1730,exercise,1
30,2072,exercise,1
31,2003,exercise,1
31,2067,exercise,1
31,2125,exercise,1
31,2001,exercise,1
31,2124,exercise,1
31,150,exercise,1
31,2032,exercise,1
31,2192,exercise,1
31,2135,exercise,1
31,2072,exercise,1
31,2170,exercise,1
31,2160,exercise,1
31,2208,exercise,1
31,885,exercise,1
31,2176,exercise,1
31,2739,exercise,1
31,2076,exercise,1
31,1338,exercise,1
31,2168,exercise,1
31,2178,exercise,1
32,2273,exercise,1
32,2154,exercise,1
32,327,exercise,1
32,2744,exercise,1
32,1616,exercise,1
32,211,exercise,1
32,2256,exercise,1
32,2399,exercise,1
32,402,exercise,1
32,2283,exercise,1
32,2137,exercise,1
32,2337,exercise,1
32,499,exercise,1
32,2287,exercise,1
32,546,exercise,1
32,1044,exercise,1
32,2400,exercise,1
32,2361,exercise,1
32,2300,exercise,1
32,1040,exercise,1
33,988,exercise,1
33,363,exercise,1
33,1240,exercise,1
33,2319,exercise,1
33,985,exercise,1
33,2347,exercise,1
33,2172,exercise,1
33,1606,exercise,1
33,244,exercise,1
33,2408,exercise,1
33,1518,exercise,1
33,558,exercise,1
33,2394,exercise,1
33,672,exercise,1
33,2122,exercise,1
33,1021,exercise,1
33,1624,exercise,1
33,1248,exercise,1
33,1241,exercise,1
33,206,exercise,1
34,2072,exercise,1
34,1730,exercise,1
34,2078,exercise,1
34,2172,exercise,1
34,2236,exercise,1
34,2119,exercise,1
34,2168,exercise,1
34,2003,exercise,1
34,2160,exercise,1
34,2192,exercise,1
34,2131,exercise,1
34,2208,exercise,1
34,2170,exercise,1
34,2077,exercise,1
34,150,exercise,1
34,2178,exercise,1
34,1338,exercise,1
34,2739,exercise,1
34,2001,exercise,1
34,2032,exercise,1
35,2151,exercise,1
35,2365,exercise,1
35,1622,exercise,1
35,2267,exercise,1
35,1595,exercise,1
35,1778,exercise,1
35,2325,exercise,1
35,1040,exercise,1
35,1377,exercise,1
35,1000,exercise,1
35,910,exercise,1
35,433,exercise,1
35,580,exercise,1
35,1396,exercise,1
35,430,exercise,1
35,567,exercise,1
35,581,exercise,1
35,684,exercise,1
35,2402,exercise,1
35,1241,exercise,1
36,2739,exercise,1
36,2124,exercise,1
36,2001,exercise,1
36,2072,exercise,1
36,2032,exercise,1
36,2003,exercise,1
36,2069,exercise,1
36,1730,exercise,1
36,2192,exercise,1
36,150,exercise,1
36,2160,exercise,1
36,2119,exercise,1
36,1338,exercise,1
36,2031,exercise,1
36,350,exercise,1
36,2177,exercise,1
36,2168,exercise,1
36,2740,exercise,1
36,2076,exercise,1
36,885,exercise,1
37,51,exercise,1
37,2690,exercise,1
37,1261,exercise,1
37,2243,exercise,1
37,2281,exercise,1
37,2054,exercise,1
37,1567,exercise,1
37,795,exercise,1
37,215,exercise,1
37,1101,exercise,1
37,2277,exercise,1
37,484,exercise,1
37,282,exercise,1
37,1861,exercise,1
37,2335,exercise,1
37,321,exercise,1
37,2717,exercise,1
37,232,exercise,1
37,644,exercise,1
37,634,exercise,1
38,2125,exercise,1
38,1730,exercise,1
38,2078,exercise,1
38,2003,exercise,1
38,2119,exercise,1
38,2168,exercise,1
38,2076,exercise,1
38,2740,exercise,1
38,2176,exercise,1
38,2170,exercise,1
38,2172,exercise,1
38,2208,exercise,1
38,2079,exercise,1
38,2072,exercise,1
38,2077,exercise,1
38,994,exercise,1
38,2124,exercise,1
38,350,exercise,1
38,885,exercise,1
38,2178,exercise,1
39,2001,exercise,1
39,2076,exercise,1
39,2739,exercise,1
39,2079,exercise,1
39,2135,exercise,1
39,885,exercise,1
39,1730,exercise,1
39,2003,exercise,1
39,2177,exercise,1
39,2119,exercise,1
39,2178,exercise,1
39,2172,exercise,1
39,150,exercise,1
39,2236,exercise,1
39,2077,exercise,1
39,2170,exercise,1
39,2032,exercise,1
39,2124,exercise,1
39,2192,exercise,1
39,2740,exercise,1
40,1248,exercise,1
40,2325,exercise,1
40,331,exercise,1
40,964,exercise,1
40,1027,exercise,1
40,591,exercise,1
40,2266,exercise,1
40,421,exercise,1
40,698,exercise,1
40,491,exercise,1
40,1030,exercise,1
40,477,exercise,1
40,332,exercise,1
40,308,exercise,1
40,525,exercise,1
40,1392,exercise,1
40,1273,exercise,1
40,2309,exercise,1
40,444,exercise,1
40,2370,exercise,1
41,2125,exercise,1
41,2170,exercise,1
41,2119,exercise,1
41,2208,exercise,1
41,2077,exercise,1
41,885,exercise,1
41,2740,exercise,1
41,350,exercise,1
41,2076,exercise,1
41,2166,exercise,1
41,2067,exercise,1
41,2177,exercise,1
41,2031,exercise,1
41,150,exercise,1
41,2178,exercise,1
41,1338,exercise,1
41,2168,exercise,1
41,2176,exercise,1
41,2236,exercise,1
41,2192,exercise,1
42,2248,exercise,1
42,2453,exercise,1
42,2061,exercise,1
42,1228,exercise,1
42,783,exercise,1
42,2753,exercise,1
42,2035,exercise,1
42,2335,exercise,1
42,390,exercise,1
42,2246,exercise,1
42,1608,exercise,1
42,1893,exercise,1
42,1524,exercise,1
42,1470,exercise,1
42,445,exercise,1
42,697,exercise,1
42,1510,exercise,1
42,1915,exercise,1
42,2363,exercise,1
42,1281,exercise,1
43,2170,exercise,1
43,885,exercise,1
43,2178,exercise,1
43,1730,exercise,1
43,2067,exercise,1
43,2031,exercise,1
43,2192,exercise,1
43,994,exercise,1
43,2168,exercise,1
43,2072,exercise,1
43,2079,exercise,1
43,150,exercise,1
43,2135,exercise,1
43,2119,exercise,1
43,2077,exercise,1
43,2003,exercise,1
43,2177,exercise,1
43,2739,exercise,1
43,2032,exercise,1
43,2125,exercise,1
44,2208,exercise,1
44,2177,exercise,1
44,994,exercise,1
44,2076,exercise,1
44,2031,exercise,1
44,2119,exercise,1
44,1338,exercise,1
44,2032,exercise,1
44,2077,exercise,1
44,2160,exercise,1
44,2078,exercise,1
44,2236,exercise,1
44,150,exercise,1
44,2131,exercise,1
44,2125,exercise,1
44,2739,exercise,1
44,2072,exercise,1
44,1730,exercise,1
44,2176,exercise,1
44,2135,exercise,1
45,980,exercise,1
45,481,exercise,1
45,2209,exercise,1
45,498,exercise,1
45,649,exercise,1
45,2362,exercise,1
45,1305,exercise,1
45,2405,exercise,1
45,1200,exercise,1
45,1923,exercise,1
45,2297,exercise,1
45,2255,exercise,1
45,1063,exercise,1
45,2164,exercise,1
45,2590,exercise,1
45,611,exercise,1
45,1773,exercise,1
45,824,exercise,1
45,2840,exercise,1
45,2417,exercise,1
46,2031,exercise,1
46,1338,exercise,1
46,2119,exercise,1
46,2172,exercise,1
46,2067,exercise,1
46,2178,exercise,1
46,2170,exercise,1
46,2079,exercise,1
46,2740,exercise,1
46,150,exercise,1
46,2032,exercise,1
46,2166,exercise,1
46,2168,exercise,1
46,2124,exercise,1
46,2135,exercise,1
46,2131,exercise,1
46,2072,exercise,1
46,2003,exercise,1
46,885,exercise,1
46,1730,exercise,1
47,2168,exercise,1
47,2328,exercise,1
47,1512,exercise,1
47,572,exercise,1
47,975,exercise,1
47,2180,exercise,1
47,964,exercise,1
47,2237,exercise,1
47,275,exercise,1
47,1401,exercise,1
47,2364,exercise,1
47,2176,exercise,1
47,2186,exercise,1
47,497,exercise,1
47,2410,exercise,1
47,261,exercise,1
47,445,exercise,1
47,2751,exercise,1
47,1604,exercise,1
47,392,exercise,1
48,390,exercise,1
48,2910,exercise,1
48,2331,exercise,1
48,217,exercise,1
48,481,exercise,1
48,2235,exercise,1
48,502,exercise,1
48,339,exercise,1
48,2357,exercise,1
48,1028,exercise,1
48,1611,exercise,1
48,2210,exercise,1
48,350,exercise,1
48,1525,exercise,1
48,2174,exercise,1
48,1508,exercise,1
48,2409,exercise,1
48,260,exercise,1
48,327,exercise,1
48,972,exercise,1
49,2124,exercise,1
49,2077,exercise,1
49,1730,exercise,1
49,2176,exercise,1
49,994,exercise,1
49,2168,exercise,1
49,2131,exercise,1
49,2160,exercise,1
49,2192,exercise,1
49,2739,exercise,1
49,2236,exercise,1
49,2208,exercise,1
49,2032,exercise,1
49,150,exercise,1
49,350,exercise,1
49,2119,exercise,1
49,2178,exercise,1
49,1338,exercise,1
49,2125,exercise,1
49,885,exercise,1
50,484,exercise,1
50,986,exercise,1
50,2239,exercise,1
50,554,exercise,1
50,534,exercise,1
50,544,exercise,1
50,347,exercise,1
50,2179,exercise,1
50,979,exercise,1
50,2727,exercise,1
50,479,exercise,1
50,961,exercise,1
50,2340,exercise,1
50,1006,exercise,1
50,2337,exercise,1
50,1018,exercise,1
50,205,exercise,1
50,2362,exercise,1
50,1268,exercise,1
50,512,exercise,1
51,2059,exercise,1
51,1591,exercise,1
51,2768,exercise,1
51,1353,exercise,1
51,1961,exercise,1
51,1089,exercise,1
51,2167,exercise,1
51,1365,exercise,1
51,857,exercise,1
51,1770,exercise,1
51,2300,exercise,1
51,453,exercise,1
51,1036,exercise,1
51,1757,exercise,1
51,2681,exercise,1
51,1665,exercise,1
51,2707,exercise,1
51,1334,exercise,1
51,1331,exercise,1
51,90,exercise,1
52,2170,exercise,1
52,2119,exercise,1
52,150,exercise,1
52,994,exercise,1
52,2178,exercise,1
52,2125,exercise,1
52,2166,exercise,1
52,2078,exercise,1
52,2172,exercise,1
52,2032,exercise,1
52,2168,exercise,1
52,2003,exercise,1
52,2192,exercise,1
52,2069,exercise,1
52,2177,exercise,1
52,2208,exercise,1
52,2740,exercise,1
52,2077,exercise,1
52,2076,exercise,1
52,2067,exercise,1
53,2298,exercise,1
53,254,exercise,1
53,2143,exercise,1
53,455,exercise,1
53,370,exercise,1
53,1273,exercise,1
53,1522,exercise,1
53,2246,exercise,1
53,545,exercise,1
53,597,exercise,1
53,456,exercise,1
53,2145,exercise,1
53,2735,exercise,1
53,1044,exercise,1
53,522,exercise,1
53,1019,exercise,1
53,2396,exercise,1
53,1282,exercise,1
53,1621,exercise,1
53,423,exercise,1
54,340,exercise,1
54,474,exercise,1
54,854,exercise,1
54,2209,exercise,1
54,2145,exercise,1
54,370,exercise,1
54,2204,exercise,1
54,214,exercise,1
54,1027,exercise,1
54,439,exercise,1
54,2327,exercise,1
54,2150,exercise,1
54,1022,exercise,1
54,2176,exercise,1
54,2156,exercise,1
54,410,exercise,1
54,970,exercise,1
54,2376,exercise,1
54,238,exercise,1
54,1597,exercise,1
55,2077,exercise,1
55,1338,exercise,1
55,2178,exercise,1
55,2125,exercise,1
55,2131,exercise,1
55,2076,exercise,1
55,994,exercise,1
55,2739,exercise,1
55,350,exercise,1
55,2172,exercise,1
55,2032,exercise,1
55,2078,exercise,1
55,2177,exercise,1
55,2160,exercise,1
55,2003,exercise,1
55,2166,exercise,1
55,150,exercise,1
55,2124,exercise,1
55,2135,exercise,1
55,2119,exercise,1
56,2740,exercise,1
56,2172,exercise,1
56,2032,exercise,1
56,2739,exercise,1
56,2131,exercise,1
56,994,exercise,1
56,2208,exercise,1
56,2078,exercise,1
56,2125,exercise,1
56,2076,exercise,1
56,2031,exercise,1
56,350,exercise,1
56,2160,exercise,1
56,2069,exercise,1
56,2001,exercise,1
56,2003,exercise,1
56,2170,exercise,1
56,2077,exercise,1
56,1730,exercise,1
56,2192,exercise,1
57,2166,exercise,1
57,2160,exercise,1
57,994,exercise,1
57,2170,exercise,1
57,2031,exercise,1
57,2001,exercise,1
57,2236,exercise,1
57,2176,exercise,1
57,2172,exercise,1
57,2077,exercise,1
57,885,exercise,1
57,2135,exercise,1
57,2178,exercise,1
57,2131,exercise,1
57,2740,exercise,1
57,2168,exercise,1
57,2177,exercise,1
57,2192,exercise,1
57,2739,exercise,1
57,2078,exercise,1
58,2645,exercise,1
58,888,exercise,1
58,296,exercise,1
58,2603,exercise,1
58,896,exercise,1
58,2757,exercise,1
58,942,exercise,1
58,1019,exercise,1
58,1500,exercise,1
58,621,exercise,1
58,2810,exercise,1
58,12,exercise,1
58,1224,exercise,1
58,609,exercise,1
58,549,exercise,1
58,2556,exercise,1
58,1102,exercise,1
58,759,exercise,1
58,469,exercise,1
58,108,exercise,1
59,61,exercise,1
59,1655,exercise,1
59,1039,exercise,1
59,2773,exercise,1
59,1481,exercise,1
59,65,exercise,1
59,753,exercise,1
59,1156,exercise,1
59,219,exercise,1
59,536,exercise,1
59,1948,exercise,1
59,2487,exercise,1
59,482,exercise,1
59,275,exercise,1
59,2271,exercise,1
59,2105,exercise,1
59,1681,exercise,1
59,2442,exercise,1
59,2815,exercise,1
59,467,exercise,1
60,2739,exercise,1
60,691,exercise,1
60,274,exercise,1
60,2900,exercise,1
60,1286,exercise,1
60,2334,exercise,1
60,249,exercise,1
60,310,exercise,1
60,2376,exercise,1
60,2218,exercise,1
60,2269,exercise,1
60,407,exercise,1
60,2400,exercise,1
60,2304,exercise,1
60,336,exercise,1
60,355,exercise,1
60,1519,exercise,1
60,494,exercise,1
60,323,exercise,1
60,449,exercise,1
61,1518,exercise,1
61,2176,exercise,1
61,1272,exercise,1
61,2325,exercise,1
61,2743,exercise,1
61,2277,exercise,1
61,389,exercise,1
61,420,exercise,1
61,678,exercise,1
61,2276,exercise,1
61,2320,exercise,1
61,905,exercise,1
61,2243,exercise,1
61,1612,exercise,1
61,2324,exercise,1
61,2220,exercise,1
61,2256,exercise,1
61,380,exercise,1
61,1395,exercise,1
61,2281,exercise,1
62,1008,exercise,1
62,2162,exercise,1
62,498,exercise,1
62,2367,exercise,1
62,323,exercise,1
62,372,exercise,1
62,360,exercise,1
62,376,exercise,1
62,2280,exercise,1
62,383,exercise,1
62,2159,exercise,1
62,452,exercise,1
62,308,exercise,1
62,1528,exercise,1
62,436,exercise,1
62,2250,exercise,1
62,2131,exercise,1
62,2275,exercise,1
62,291,exercise,1
62,1268,exercise,1
63,2125,exercise,1
63,2160,exercise,1
63,2001,exercise,1
63,2076,exercise,1
63,1338,exercise,1
63,2135,exercise,1
63,2078,exercise,1
63,2003,exercise,1
63,994,exercise,1
63,2069,exercise,1
63,2119,exercise,1
63,2170,exercise,1
63,2172,exercise,1
63,2031,exercise,1
63,2124,exercise,1
63,2077,exercise,1
63,1730,exercise,1
63,885,exercise,1
63,2176,exercise,1
63,2079,exercise,1
64,778,exercise,1
64,1200,exercise,1
64,1419,exercise,1
64,1563,exercise,1
64,1621,exercise,1
64,26,exercise,1
64,783,exercise,1
64,603,exercise,1
64,2652,exercise,1
64,1861,exercise,1
64,300,exercise,1
64,598,exercise,1
64,127,exercise,1
64,392,exercise,1
64,2505,exercise,1
64,947,exercise,1
64,1745,exercise,1
64,1956,exercise,1
64,2167,exercise,1
64,1583,exercise,1
65,1703,exercise,1
65,1430,exercise,1
65,1483,exercise,1
65,2657,exercise,1
65,2811,exercise,1
65,364,exercise,1
65,220,exercise,1
65,656,exercise,1
65,663,exercise,1
65,2903,exercise,1
65,208,exercise,1
65,351,exercise,1
65,1193,exercise,1
65,2064,exercise,1
65,1960,exercise,1
65,2322,exercise,1
65,2870,exercise,1
65,2075,exercise,1
65,1928,exercise,1
65,1206,exercise,1
66,2424,exercise,1
66,483,exercise,1
66,1589,exercise,1
66,1984,exercise,1
66,471,exercise,1
66,1257,exercise,1
66,2798,exercise,1
66,2314,exercise,1
66,2491,exercise,1
66,1416,exercise,1
66,189,exercise,1
66,961,exercise,1
66,1830,exercise,1
66,2823,exercise,1
66,236,exercise,1
66,32,exercise,1
66,889,exercise,1
66,1368,exercise,1
66,926,exercise,1
66,583,exercise,1
67,1261,exercise,1
67,1524,exercise,1
67,431,exercise,1
67,201,exercise,1
67,2414,exercise,1
67,2277,exercise,1
67,545,exercise,1
67,450,exercise,1
67,2174,exercise,1
67,909,exercise,1
67,2732,exercise,1
67,2121,exercise,1
67,333,exercise,1
67,2209,exercise,1
67,272,exercise,1
67,2302,exercise,1
67,225,exercise,1
67,2350,exercise,1
67,348,exercise,1
67,1399,exercise,1
68,2176,exercise,1
68,2170,exercise,1
68,2172,exercise,1
68,2124,exercise,1
68,994,exercise,1
68,2072,exercise,1
68,150,exercise,1
68,2067,exercise,1
68,1730,exercise,1
68,2739,exercise,1
68,2125,exercise,1
68,2077,exercise,1
68,2160,exercise,1
68,2069,exercise,1
68,885,exercise,1
68,2131,exercise,1
68,2076,exercise,1
68,2740,exercise,1
68,2168,exercise,1
68,2003,exercise,1
69,1730,exercise,1
69,2170,exercise,1
69,2125,exercise,1
69,2135,exercise,1
69,2003,exercise,1
69,2067,exercise,1
69,2168,exercise,1
69,2740,exercise,1
69,885,exercise,1
69,2079,exercise,1
69,2131,exercise,1
69,994,exercise,1
69,2739,exercise,1
69,2160,exercise,1
69,2001,exercise,1
69,1338,exercise,1
69,2172,exercise,1
69,2069,exercise,1
69,2076,exercise,1
69,2192,exercise,1
70,1118,exercise,1
70,849,exercise,1
70,750,exercise,1
70,2837,exercise,1
70,645,exercise,1
70,323,exercise,1
70,765,exercise,1
70,2344,exercise,1
70,2219,exercise,1
70,2642,exercise,1
70,2712,exercise,1
70,2095,exercise,1
70,2645,exercise,1
70,1478,exercise,1
70,1448,exercise,1
70,638,exercise,1
70,2059,exercise,1
70,294,exercise,1
70,2251,exercise,1
70,2071,exercise,1
71,2125,exercise,1
71,2119,exercise,1
71,994,exercise,1
71,2160,exercise,1
71,2079,exercise,1
71,885,exercise,1
71,2032,exercise,1
71,2077,exercise,1
71,2176,exercise,1
71,350,exercise,1
71,2170,exercise,1
71,2069,exercise,1
71,2177,exercise,1
71,2178,exercise,1
71,2131,exercise,1
71,150,exercise,1
71,2031,exercise,1
71,2124,exercise,1
71,2003,exercise,1
71,2067,exercise,1
72,571,exercise,1
72,1511,exercise,1
72,2370,exercise,1
72,2734,exercise,1
72,494,exercise,1
72,312,exercise,1
72,2318,exercise,1
72,397,exercise,1
72,1621,exercise,1
72,358,exercise,1
72,2741,exercise,1
72,539,exercise,1
72,266,exercise,1
72,993,exercise,1
72,2292,exercise,1
72,2306,exercise,1
72,516,exercise,1
72,2151,exercise,1
72,2169,exercise,1
72,1256,exercise,1
73,2233,exercise,1
73,1610,exercise,1
73,293,exercise,1
73,1603,exercise,1
73,320,exercise,1
73,1528,exercise,1
73,379,exercise,1
73,2187,exercise,1
73,1250,exercise,1
73,1002,exercise,1
73,493,exercise,1
73,1600,exercise,1
73,352,exercise,1
73,475,exercise,1
73,1747,exercise,1
73,1393,exercise,1
73,2212,exercise,1
73,454,exercise,1
73,362,exercise,1
73,1392,exercise,1
74,2168,exercise,1
74,2135,exercise,1
74,2031,exercise,1
74,1730,exercise,1
74,2131,exercise,1
74,2739,exercise,1
74,2076,exercise,1
74,2079,exercise,1
74,2069,exercise,1
74,150,exercise,1
74,2172,exercise,1
74,2032,exercise,1
74,2208,exercise,1
74,2001,exercise,1
74,2067,exercise,1
74,994,exercise,1
74,2078,exercise,1
74,2740,exercise,1
74,2072,exercise,1
74,2160,exercise,1
75,1329,exercise,1
75,431,exercise,1
75,2400,exercise,1
75,2543,exercise,1
75,2489,exercise,1
75,157,exercise,1
75,1551,exercise,1
75,2904,exercise,1
75,553,exercise,1
75,2815,exercise,1
75,1732,exercise,1
75,650,exercise,1
75,703,exercise,1
75,780,exercise,1
75,718,exercise,1
75,2052,exercise,1
75,182,exercise,1
75,1913,exercise,1
75,1689,exercise,1
75,1044,exercise,1
76,1252,exercise,1
76,2315,exercise,1
76,965,exercise,1
76,975,exercise,1
76,1383,exercise,1
76,2356,exercise,1
76,583,exercise,1
76,2149,exercise,1
76,2298,exercise,1
76,2341,exercise,1
76,1246,exercise,1
76,2178,exercise,1
76,2737,exercise,1
76,2253,exercise,1
76,517,exercise,1
76,596,exercise,1
76,469,exercise,1
76,1002,exercise,1
76,292,exercise,1
76,2394,exercise,1
77,396,exercise,1
77,2889,exercise,1
77,441,exercise,1
77,1252,exercise,1
77,357,exercise,1
77,514,exercise,1
77,1044,exercise,1
77,2316,exercise,1
77,2884,exercise,1
77,487,exercise,1
77,2291,exercise,1
77,373,exercise,1
77,692,exercise,1
77,2319,exercise,1
77,1746,exercise,1
77,240,exercise,1
77,2255,exercise,1
77,295,exercise,1
77,2217,exercise,1
77,2749,exercise,1
78,968,exercise,1
78,2186,exercise,1
78,353,exercise,1
78,2163,exercise,1
78,697,exercise,1
78,243,exercise,1
78,1402,exercise,1
78,388,exercise,1
78,1604,exercise,1
78,485,exercise,1
78,467,exercise,1
78,264,exercise,1
78,1256,exercise,1
78,2363,exercise,1
78,470,exercise,1
78,2371,exercise,1
78,2328,exercise,1
78,196,exercise,1
78,350,exercise,1
78,224,exercise,1
79,679,exercise,1
79,492,exercise,1
79,2262,exercise,1
79,413,exercise,1
79,1259,exercise,1
79,972,exercise,1
79,1285,exercise,1
79,435,exercise,1
79,283,exercise,1
79,974,exercise,1
79,2255,exercise,1
79,2332,exercise,1
79,314,exercise,1
79,2731,exercise,1
79,219,exercise,1
79,2903,exercise,1
79,990,exercise,1
79,485,exercise,1
79,1275,exercise,1
79,2288,exercise,1
80,2888,exercise,1
80,1633,exercise,1
80,1050,exercise,1
80,2676,exercise,1
80,1928,exercise,1
80,807,exercise,1
80,367,exercise,1
80,2477,exercise,1
80,1665,exercise,1
80,292,exercise,1
80,2487,exercise,1
80,2561,exercise,1
80,2399,exercise,1
80,2400,exercise,1
80,2602,exercise,1
80,84,exercise,1
80,1812,exercise,1
80,2253,exercise,1
80,181,exercise,1
80,1787,exercise,1
81,1005,exercise,1
81,219,exercise,1
81,2127,exercise,1
81,324,exercise,1
81,1624,exercise,1
81,979,exercise,1
81,398,exercise,1
81,1598,exercise,1
81,459,exercise,1
81,276,exercise,1
81,1779,exercise,1
81,1611,exercise,1
81,544,exercise,1
81,2347,exercise,1
81,2376,exercise,1
81,565,exercise,1
81,467,exercise,1
81,317,exercise,1
81,2346,exercise,1
81,262,exercise,1
82,598,exercise,1
82,275,exercise,1
82,594,exercise,1
82,271,exercise,1
82,1396,exercise,1
82,1385,exercise,1
82,2888,exercise,1
82,2211,exercise,1
82,2365,exercise,1
82,1004,exercise,1
82,260,exercise,1
82,577,exercise,1
82,1254,exercise,1
82,2127,exercise,1
82,283,exercise,1
82,1608,exercise,1
82,1236,exercise,1
82,444,exercise,1
82,2161,exercise,1
82,2303,exercise,1
83,2296,exercise,1
83,2187,exercise,1
83,1612,exercise,1
83,568,exercise,1
83,2412,exercise,1
83,2414,exercise,1
83,2148,exercise,1
83,2896,exercise,1
83,1032,exercise,1
83,355,exercise,1
83,2265,exercise,1
83,347,exercise,1
83,2277,exercise,1
83,555,exercise,1
83,1270,exercise,1
83,1516,exercise,1
83,398,exercise,1
83,350,exercise,1
83,1595,exercise,1
83,1280,exercise,1
84,2309,exercise,1
84,2268,exercise,1
84,527,exercise,1
84,2305,exercise,1
84,1777,exercise,1
84,2311,exercise,1
84,272,exercise,1
84,1780,exercise,1
84,2286,exercise,1
84,1048,exercise,1
84,303,exercise,1
84,339,exercise,1
84,2227,exercise,1
84,2140,exercise,1
84,2883,exercise,1
84,516,exercise,1
84,249,exercise,1
84,481,exercise,1
84,2304,exercise,1
84,257,exercise,1
85,290,exercise,1
85,1031,exercise,1
85,1688,exercise,1
85,1671,exercise,1
85,1763,exercise,1
85,2656,exercise,1
85,134,exercise,1
85,2848,exercise,1
85,647,exercise,1
85,2099,exercise,1
85,1707,exercise,1
85,1711,exercise,1
85,2070,exercise,1
85,329,exercise,1
85,2689,exercise,1
85,583,exercise,1
85,2513,exercise,1
85,1698,exercise,1
85,1860,exercise,1
85,1446,exercise,1
86,2119,exercise,1
86,2078,exercise,1
86,2003,exercise,1
86,350,exercise,1
86,2166,exercise,1
86,1730,exercise,1
86,2739,exercise,1
86,2079,exercise,1
86,2072,exercise,1
86,2740,exercise,1
86,994,exercise,1
86,2031,exercise,1
86,2192,exercise,1
86,2077,exercise,1
86,2001,exercise,1
86,2172,exercise,1
86,2236,exercise,1
86,2160,exercise,1
86,2076,exercise,1
86,2067,exercise,1
87,318,exercise,1
87,2108,exercise,1
87,747,exercise,1
87,2080,exercise,1
87,376,exercise,1
87,1464,exercise,1
87,1606,exercise,1
87,280,exercise,1
87,2585,exercise,1
87,2553,exercise,1
87,1286,exercise,1
87,1356,exercise,1
87,664,exercise,1
87,753,exercise,1
87,1668,exercise,1
87,2418,exercise,1
87,985,exercise,1
87,517,exercise,1
87,874,exercise,1
87,588,exercise,1
88,2344,exercise,1
88,109,exercise,1
88,1666,exercise,1
88,2602,exercise,1
88,2683,exercise,1
88,1699,exercise,1
88,2234,exercise,1
88,2592,exercise,1
88,548,exercise,1
88,2876,exercise,1
88,370,exercise,1
88,284,exercise,1
88,1420,exercise,1
88,1850,exercise,1
88,2281,exercise,1
88,2497,exercise,1
88,1911,exercise,1
88,1906,exercise,1
88,2707,exercise,1
88,319,exercise,1
89,1452,exercise,1
89,318,exercise,1
89,2100,exercise,1
89,2227,exercise,1
89,2446,exercise,1
89,1587,exercise,1
89,542,exercise,1
89,2591,exercise,1
89,2769,exercise,1
89,785,exercise,1
89,545,exercise,1
89,1996,exercise,1
89,2380,exercise,1
89,238,exercise,1
89,525,exercise,1
89,2463,exercise,1
89,650,exercise,1
89,1399,exercise,1
89,719,exercise,1
89,708,exercise,1
90,853,exercise,1
90,1739,exercise,1
90,2895,exercise,1
90,1250,exercise,1
90,347,exercise,1
90,999,exercise,1
90,588,exercise,1
90,1048,exercise,1
90,442,exercise,1
90,1370,exercise,1
90,377,exercise,1
90,2737,exercise,1
90,531,exercise,1
90,501,exercise,1
90,536,exercise,1
90,1621,exercise,1
90,270,exercise,1
90,244,exercise,1
90,353,exercise,1
90,279,exercise,1
91,2079,exercise,1
91,2076,exercise,1
91,2172,exercise,1
91,350,exercise,1
91,2078,exercise,1
91,2177,exercise,1
91,2131,exercise,1
91,2119,exercise,1
91,2032,exercise,1
91,2178,exercise,1
91,2236,exercise,1
91,2192,exercise,1
91,2003,exercise,1
91,2135,exercise,1
91,2072,exercise,1
91,1730,exercise,1
91,2031,exercise,1
91,2069,exercise,1
91,2067,exercise,1
91,2208,exercise,1
92,2247,exercise,1
92,2387,exercise,1
92,2347,exercise,1
92,603,exercise,1
92,1614,exercise,1
92,480,exercise,1
92,1390,exercise,1
92,1506,exercise,1
92,1738,exercise,1
92,2212,exercise,1
92,453,exercise,1
92,2154,exercise,1
92,2887,exercise,1
92,403,exercise,1
92,981,exercise,1
92,2364,exercise,1
92,437,exercise,1
92,1038,exercise,1
92,2328,exercise,1
92,998,exercise,1
93,413,exercise,1
93,212,exercise,1
93,1285,exercise,1
93,1768,exercise,1
93,2890,exercise,1
93,1936,exercise,1
93,1081,exercise,1
93,688,exercise,1
93,1496,exercise,1
93,2705,exercise,1
93,1434,exercise,1
93,818,exercise,1
93,686,exercise,1
93,2361,exercise,1
93,2435,exercise,1
93,2244,exercise,1
93,2375,exercise,1
93,1424,exercise,1
93,2370,exercise,1
93,95,exercise,1
94,1818,exercise,1
94,2391,exercise,1
94,2187,exercise,1
94,1051,exercise,1
94,939,exercise,1
94,2734,exercise,1
94,1633,exercise,1
94,203,exercise,1
94,212,exercise,1
94,1247,exercise,1
94,2348,exercise,1
94,2816,exercise,1
94,2248,exercise,1
94,1267,exercise,1
94,2531,exercise,1
94,34,exercise,1
94,459,exercise,1
94,1997,exercise,1
94,567,exercise,1
94,1157,exercise,1
95,2166,exercise,1
95,2170,exercise,1
95,2740,exercise,1
95,885,exercise,1
95,2072,exercise,1
95,350,exercise,1
95,2124,exercise,1
95,2119,exercise,1
95,2001,exercise,1
95,2069,exercise,1
95,2176,exercise,1
95,2032,exercise,1
95,2208,exercise,1
95,2192,exercise,1
95,2079,exercise,1
95,2135,exercise,1
95,2160,exercise,1
95,1338,exercise,1
95,150,exercise,1
95,2076,exercise,1
96,1823,exercise,1
96,1716,exercise,1
96,1560,exercise,1
96,2617,exercise,1
96,1685,exercise,1
96,607,exercise,1
96,857,exercise,1
96,2837,exercise,1
96,2406,exercise,1
96,1864,exercise,1
96,2369,exercise,1
96,167,exercise,1
96,188,exercise,1
96,162,exercise,1
96,578,exercise,1
96,1531,exercise,1
96,2272,exercise,1
96,2473,exercise,1
96,2200,exercise,1
96,634,exercise,1
97,2236,exercise,1
97,2031,exercise,1
97,2131,exercise,1
97,2740,exercise,1
97,1730,exercise,1
97,2072,exercise,1
97,2125,exercise,1
97,2166,exercise,1
97,2172,exercise,1
97,2032,exercise,1
97,2124,exercise,1
97,2067,exercise,1
97,2079,exercise,1
97,2160,exercise,1
97,2119,exercise,1
97,350,exercise,1
97,2168,exercise,1
97,2208,exercise,1
97,2170,exercise,1
97,2176,exercise,1
98,1596,exercise,1
98,410,exercise,1
98,2249,exercise,1
98,1380,exercise,1
98,240,exercise,1
98,2367,exercise,1
98,1029,exercise,1
98,858,exercise,1
98,291,exercise,1
98,2379,exercise,1
98,535,exercise,1
98,2906,exercise,1
98,2174,exercise,1
98,488,exercise,1
98,982,exercise,1
98,251,exercise,1
98,414,exercise,1
98,581,exercise,1
98,224,exercise,1
98,2311,exercise,1
99,2253,exercise,1
99,496,exercise,1
99,2241,exercise,1
99,603,exercise,1
99,2236,exercise,1
99,2735,exercise,1
99,2361,exercise,1
99,313,exercise,1
99,468,exercise,1
99,2895,exercise,1
99,610,exercise,1
99,1518,exercise,1
99,2375,exercise,1
99,2909,exercise,1
99,2167,exercise,1
99,1397,exercise,1
99,543,exercise,1
99,2347,exercise,1
99,1738,exercise,1
99,2127,exercise,1
100,2079,exercise,1
100,2192,exercise,1
100,2072,exercise,1
100,2078,exercise,1
100,2031,exercise,1
100,2119,exercise,1
100,2032,exercise,1
100,2003,exercise,1
100,2177,exercise,1
100,2168,exercise,1
100,2172,exercise,1
100,2160,exercise,1
100,2001,exercise,1
100,2208,exercise,1
100,2067,exercise,1
100,350,exercise,1
100,2124,exercise,1
100,885,exercise,1
100,1338,exercise,1
100,2236,exercise,1
101,2687,exercise,1
101,2557,exercise,1
101,1748,exercise,1
101,1827,exercise,1
101,1589,exercise,1
101,616,exercise,1
101,1286,exercise,1
101,175,exercise,1
101,1275,exercise,1
101,338,exercise,1
101,1594,exercise,1
101,2061,exercise,1
101,1120,exercise,1
101,2283,exercise,1
101,933,exercise,1
101,875,exercise,1
101,2552,exercise,1
101,1194,exercise,1
101,2649,exercise,1
101,1198,exercise,1
102,464,exercise,1
102,2894,exercise,1
102,2762,exercise,1
102,1045,exercise,1
102,1058,exercise,1
102,212,exercise,1
102,2508,exercise,1
102,985,exercise,1
102,1018,exercise,1
102,220,exercise,1
102,427,exercise,1
102,1913,exercise,1
102,1507,exercise,1
102,2255,exercise,1
102,428,exercise,1
102,585,exercise,1
102,22,exercise,1
102,2600,exercise,1
102,685,exercise,1
102,1897,exercise,1
103,2192,exercise,1
103,2740,exercise,1
103,2072,exercise,1
103,2124,exercise,1
103,2067,exercise,1
103,2032,exercise,1
103,2131,exercise,1
103,350,exercise,1
103,2168,exercise,1
103,885,exercise,1
103,2177,exercise,1
103,2208,exercise,1
103,2003,exercise,1
103,2119,exercise,1
103,2176,exercise,1
103,2078,exercise,1
103,2135,exercise,1
103,2172,exercise,1
103,2069,exercise,1
103,2001,exercise,1
104,567,exercise,1
104,1261,exercise,1
104,262,exercise,1
104,204,exercise,1
104,1280,exercise,1
104,405,exercise,1
104,1604,exercise,1
104,1251,exercise,1
104,2326,exercise,1
104,2906,exercise,1
104,2407,exercise,1
104,460,exercise,1
104,2740,exercise,1
104,2354,exercise,1
104,1044,exercise,1
104,585,exercise,1
104,419,exercise,1
104,1605,exercise,1
104,522,exercise,1
104,2346,exercise,1
105,2079,exercise,1
105,2069,exercise,1
105,150,exercise,1
105,2135,exercise,1
105,2170,exercise,1
105,2032,exercise,1
105,2124,exercise,1
105,2208,exercise,1
105,2168,exercise,1
105,2001,exercise,1
105,1730,exercise,1
105,2125,exercise,1
105,2131,exercise,1
105,2072,exercise,1
105,2076,exercise,1
105,2160,exercise,1
105,2236,exercise,1
105,2178,exercise,1
105,2003,exercise,1
105,2192,exercise,1
106,592,exercise,1
106,2276,exercise,1
106,1480,exercise,1
106,1081,exercise,1
106,28,exercise,1
106,1138,exercise,1
106,1766,exercise,1
106,1029,exercise,1
106,2086,exercise,1
106,1171,exercise,1
106,1505,exercise,1
106,1364,exercise,1
106,2724,exercise,1
106,2685,exercise,1
106,47,exercise,1
106,1147,exercise,1
106,1670,exercise,1
106,1036,exercise,1
106,271,exercise,1
106,503,exercise,1
107,1378,exercise,1
107,513,exercise,1
107,2226,exercise,1
107,2737,exercise,1
107,1386,exercise,1
107,426,exercise,1
107,1273,exercise,1
107,2148,exercise,1
107,690,exercise,1
107,686,exercise,1
107,459,exercise,1
107,2375,exercise,1
107,499,exercise,1
107,2327,exercise,1
107,2161,exercise,1
107,2259,exercise,1
107,2373,exercise,1
107,691,exercise,1
107,998,exercise,1
107,353,exercise,1
108,2177,exercise,1
108,2739,exercise,1
108,2166,exercise,1
108,1338,exercise,1
108,2178,exercise,1
108,2124,exercise,1
108,994,exercise,1
108,350,exercise,1
108,2172,exercise,1
108,2119,exercise,1
108,2079,exercise,1
108,2001,exercise,1
108,2192,exercise,1
108,2170,exercise,1
108,2208,exercise,1
108,2076,exercise,1
108,1730,exercise,1
108,2032,exercise,1
108,2135,exercise,1
108,150,exercise,1
109,2076,exercise,1
109,2208,exercise,1
109,1730,exercise,1
109,2177,exercise,1
109,2170,exercise,1
109,350,exercise,1
109,2077,exercise,1
109,1338,exercise,1
109,2079,exercise,1
109,2740,exercise,1
109,2739,exercise,1
109,2124,exercise,1
109,2178,exercise,1
109,2119,exercise,1
109,2168,exercise,1
109,2001,exercise,1
109,2176,exercise,1
109,2135,exercise,1
109,2125,exercise,1
109,2166,exercise,1
110,2076,exercise,1
110,1338,exercise,1
110,885,exercise,1
110,2176,exercise,1
110,2069,exercise,1
110,2160,exercise,1
110,2236,exercise,1
110,2119,exercise,1
110,350,exercise,1
110,2177,exercise,1
110,2078,exercise,1
110,2172,exercise,1
110,2032,exercise,1
110,2740,exercise,1
110,1730,exercise,1
110,2072,exercise,1
110,2131,exercise,1
110,2001,exercise,1
110,2003,exercise,1
110,2135,exercise,1
111,2165,exercise,1
111,350,exercise,1
111,458,exercise,1
111,1743,exercise,1
111,428,exercise,1
111,551,exercise,1
111,2200,exercise,1
111,446,exercise,1
111,694,exercise,1
111,193,exercise,1
111,232,exercise,1
111,1280,exercise,1
111,2344,exercise,1
111,2264,exercise,1
111,2172,exercise,1
111,964,exercise,1
111,1000,exercise,1
111,2354,exercise,1
111,1776,exercise,1
111,509,exercise,1
112,572,exercise,1
112,417,exercise,1
112,251,exercise,1
112,2254,exercise,1
112,218,exercise,1
112,978,exercise,1
112,608,exercise,1
112,323,exercise,1
112,392,exercise,1
112,254,exercise,1
112,2310,exercise,1
112,285,exercise,1
112,987,exercise,1
112,276,exercise,1
112,2219,exercise,1
112,2308,exercise,1
112,975,exercise,1
112,692,exercise,1
112,306,exercise,1
112,480,exercise,1
113,2124,exercise,1
113,2077,exercise,1
113,2131,exercise,1
113,2236,exercise,1
113,2003,exercise,1
113,2032,exercise,1
113,2177,exercise,1
113,1338,exercise,1
113,2135,exercise,1
113,2079,exercise,1
113,2192,exercise,1
113,2076,exercise,1
113,2178,exercise,1
113,2031,exercise,1
113,350,exercise,1
113,2168,exercise,1
113,2170,exercise,1
113,2078,exercise,1
113,994,exercise,1
113,885,exercise,1
114,1586,exercise,1
114,1756,exercise,1
114,2481,exercise,1
114,1460,exercise,1
114,1927,exercise,1
114,1893,exercise,1
114,630,exercise,1
114,1356,exercise,1
114,1729,exercise,1
114,793,exercise,1
114,2536,exercise,1
114,2260,exercise,1
114,1052,exercise,1
114,984,exercise,1
114,1359,exercise,1
114,608,exercise,1
114,2227,exercise,1
114,248,exercise,1
114,2651,exercise,1
114,1923,exercise,1
115,460,exercise,1
115,2191,exercise,1
115,983,exercise,1
115,1008,exercise,1
115,602,exercise,1
115,1594,exercise,1
115,347,exercise,1
115,2317,exercise,1
115,2155,exercise,1
115,375,exercise,1
115,576,exercise,1
115,291,exercise,1
115,1035,exercise,1
115,2168,exercise,1
115,266,exercise,1
115,337,exercise,1
115,577,exercise,1
115,689,exercise,1
115,2392,exercise,1
115,672,exercise,1
116,1370,exercise,1
116,217,exercise,1
116,619,exercise,1
116,575,exercise,1
116,426,exercise,1
116,2376,exercise,1
116,982,exercise,1
116,604,exercise,1
116,2208,exercise,1
116,976,exercise,1
116,1511,exercise,1
116,1248,exercise,1
116,2175,exercise,1
116,2350,exercise,1
116,2131,exercise,1
116,1390,exercise,1
116,1028,exercise,1
116,2143,exercise,1
116,2898,exercise,1
116,2741,exercise,1
117,387,exercise,1
117,2357,exercise,1
117,1508,exercise,1
117,602,exercise,1
117,2155,exercise,1
117,1390,exercise,1
117,2243,exercise,1
117,279,exercise,1
117,691,exercise,1
117,484,exercise,1
117,219,exercise,1
117,1020,exercise,1
117,2251,exercise,1
117,1273,exercise,1
117,498,exercise,1
117,592,exercise,1
117,1604,exercise,1
117,964,exercise,1
117,2185,exercise,1
117,996,exercise,1
118,1609,exercise,1
118,1013,exercise,1
118,2396,exercise,1
118,2400,exercise,1
118,2339,exercise,1
118,530,exercise,1
118,1779,exercise,1
118,532,exercise,1
118,472,exercise,1
118,562,exercise,1
118,306,exercise,1
118,2906,exercise,1
118,255,exercise,1
118,338,exercise,1
118,285,exercise,1
118,199,exercise,1
118,2251,exercise,1
118,471,exercise,1
118,967,exercise,1
118,328,exercise,1
119,2032,exercise,1
119,150,exercise,1
119,2076,exercise,1
119,2178,exercise,1
119,2069,exercise,1
119,350,exercise,1
119,2125,exercise,1
119,2131,exercise,1
119,2135,exercise,1
119,2177,exercise,1
119,2078,exercise,1
119,2172,exercise,1
119,2168,exercise,1
119,2739,exercise,1
119,2166,exercise,1
119,2160,exercise,1
119,2170,exercise,1
119,2001,exercise,1
119,2176,exercise,1
119,2031,exercise,1
120,2119,exercise,1
120,2124,exercise,1
120,350,exercise,1
120,2176,exercise,1
120,2170,exercise,1
120,2178,exercise,1
120,1730,exercise,1
120,994,exercise,1
120,2208,exercise,1
120,2079,exercise,1
120,1338,exercise,1
120,2003,exercise,1
120,2001,exercise,1
120,2125,exercise,1
120,2192,exercise,1
120,2739,exercise,1
120,2131,exercise,1
120,2172,exercise,1
120,2135,exercise,1
120,2069,exercise,1
121,2227,exercise,1
121,2336,exercise,1
121,984,exercise,1
121,854,exercise,1
121,1283,exercise,1
121,351,exercise,1
121,250,exercise,1
121,377,exercise,1
121,2226,exercise,1
121,2172,exercise,1
121,2168,exercise,1
121,2370,exercise,1
121,300,exercise,1
121,205,exercise,1
121,536,exercise,1
121,359,exercise,1
121,2746,exercise,1
121,2297,exercise,1
121,1605,exercise,1
121,386,exercise,1
122,885,exercise,1
122,2077,exercise,1
122,2076,exercise,1
122,2192,exercise,1
122,2031,exercise,1
122,350,exercise,1
122,2740,exercise,1
122,2135,exercise,1
122,2208,exercise,1
122,2119,exercise,1
122,2124,exercise,1
122,2176,exercise,1
122,2178,exercise,1
122,1730,exercise,1
122,2067,exercise,1
122,2177,exercise,1
122,2739,exercise,1
122,2078,exercise,1
122,2131,exercise,1
122,150,exercise,1
123,518,exercise,1
123,978,exercise,1
123,2192,exercise,1
123,1597,exercise,1
123,2182,exercise,1
123,472,exercise,1
123,346,exercise,1
123,2733,exercise,1
123,1739,exercise,1
123,295,exercise,1
123,386,exercise,1
123,2291,exercise,1
123,961,exercise,1
123,341,exercise,1
123,1615,exercise,1
123,2221,exercise,1
123,1594,exercise,1
123,246,exercise,1
123,1236,exercise,1
123,2332,exercise,1
124,905,exercise,1
124,2124,exercise,1
124,2164,exercise,1
124,2280,exercise,1
124,566,exercise,1
124,2174,exercise,1
124,361,exercise,1
124,1273,exercise,1
124,990,exercise,1
124,336,exercise,1
124,354,exercise,1
124,1034,exercise,1
124,501,exercise,1
124,2193,exercise,1
124,1398,exercise,1
124,2145,exercise,1
124,407,exercise,1
124,376,exercise,1
124,196,exercise,1
124,1390,exercise,1
125,2133,exercise,1
125,1038,exercise,1
125,395,exercise,1
125,457,exercise,1
125,364,exercise,1
125,569,exercise,1
125,2278,exercise,1
125,2315,exercise,1
125,2757,exercise,1
125,2231,exercise,1
125,397,exercise,1
125,239,exercise,1
125,369,exercise,1
125,2120,exercise,1
125,376,exercise,1
125,1526,exercise,1
125,2195,exercise,1
125,211,exercise,1
125,1275,exercise,1
125,2255,exercise,1
126,359,exercise,1
126,983,exercise,1
126,2900,exercise,1
126,533,exercise,1
126,2175,exercise,1
126,470,exercise,1
126,1036,exercise,1
126,1285,exercise,1
126,1035,exercise,1
126,2405,exercise,1
126,484,exercise,1
126,315,exercise,1
126,528,exercise,1
126,2286,exercise,1
126,1234,exercise,1
126,2270,exercise,1
126,1374,exercise,1
126,2400,exercise,1
126,344,exercise,1
126,2146,exercise,1
127,991,exercise,1
127,2411,exercise,1
127,586,exercise,1
127,2333,exercise,1
127,405,exercise,1
127,463,exercise,1
127,1373,exercise,1
127,199,exercise,1
127,2206,exercise,1
127,1598,exercise,1
127,2174,exercise,1
127,1527,exercise,1
127,2297,exercise,1
127,1603,exercise,1
127,2277,exercise,1
127,467,exercise,1
127,1370,exercise,1
127,1515,exercise,1
127,601,exercise,1
127,2391,exercise,1
128,549,exercise,1
128,2211,exercise,1
128,1506,exercise,1
128,1265,exercise,1
128,2401,exercise,1
128,982,exercise,1
128,1520,exercise,1
128,2166,exercise,1
128,1243,exercise,1
128,2200,exercise,1
128,2143,exercise,1
128,419,exercise,1
128,595,exercise,1
128,554,exercise,1
128,241,exercise,1
128,2355,exercise,1
128,672,exercise,1
128,2307,exercise,1
128,1273,exercise,1
128,328,exercise,1
129,2730,exercise,1
129,471,exercise,1
129,1370,exercise,1
129,981,exercise,1
129,1003,exercise,1
129,501,exercise,1
129,2262,exercise,1
129,2168,exercise,1
129,337,exercise,1
129,2315,exercise,1
129,2377,exercise,1
129,2216,exercise,1
129,2745,exercise,1
129,2252,exercise,1
129,261,exercise,1
129,2139,exercise,1
129,362,exercise,1
129,411,exercise,1
129,999,exercise,1
129,2130,exercise,1
130,2879,exercise,1
130,184,exercise,1
130,2639,exercise,1
130,1856,exercise,1
130,1513,exercise,1
130,1987,exercise,1
130,450,exercise,1
130,44,exercise,1
130,420,exercise,1
130,1129,exercise,1
130,967,exercise,1
130,2412,exercise,1
130,2452,exercise,1
130,2618,exercise,1
130,2716,exercise,1
130,2708,exercise,1
130,968,exercise,1
130,2091,exercise,1
130,1727,exercise,1
130,1816,exercise,1
131,2732,exercise,1
131,494,exercise,1
131,1624,exercise,1
131,236,exercise,1
131,2384,exercise,1
131,400,exercise,1
131,1274,exercise,1
131,2247,exercise,1
131,361,exercise,1
131,423,exercise,1
131,476,exercise,1
131,1744,exercise,1
131,1388,exercise,1
131,1620,exercise,1
131,2328,exercise,1
131,615,exercise,1
131,2399,exercise,1
131,2120,exercise,1
131,2385,exercise,1
131,387,exercise,1
132,2322,exercise,1
132,1506,exercise,1
132,323,exercise,1
132,1283,exercise,1
132,277,exercise,1
132,421,exercise,1
132,232,exercise,1
132,1620,exercise,1
132,409,exercise,1
132,522,exercise,1
132,985,exercise,1
132,2889,exercise,1
132,543,exercise,1
132,513,exercise,1
132,1595,exercise,1
132,2282,exercise,1
132,2356,exercise,1
132,968,exercise,1
132,2238,exercise,1
132,571,exercise,1
133,1994,exercise,1
133,1833,exercise,1
133,121,exercise,1
133,2885,exercise,1
133,849,exercise,1
133,2098,exercise,1
133,2794,exercise,1
133,1983,exercise,1
133,1790,exercise,1
133,19,exercise,1
133,937,exercise,1
133,890,exercise,1
133,1229,exercise,1
133,271,exercise,1
133,2703,exercise,1
133,436,exercise,1
133,2544,exercise,1
133,808,exercise,1
133,1693,exercise,1
133,1497,exercise,1
134,2190,exercise,1
134,483,exercise,1
134,1144,exercise,1
134,2325,exercise,1
134,2494,exercise,1
134,1437,exercise,1
134,2814,exercise,1
134,1789,exercise,1
134,2873,exercise,1
134,1814,exercise,1
134,2763,exercise,1
134,484,exercise,1
134,1608,exercise,1
134,1629,exercise,1
134,2191,exercise,1
134,2917,exercise,1
134,748,exercise,1
134,1348,exercise,1
134,2904,exercise,1
134,2799,exercise,1
135,565,exercise,1
135,1436,exercise,1
135,499,exercise,1
135,1042,exercise,1
135,1398,exercise,1
135,496,exercise,1
135,789,exercise,1
135,1717,exercise,1
135,596,exercise,1
135,2413,exercise,1
135,1789,exercise,1
135,1937,exercise,1
135,2811,exercise,1
135,581,exercise,1
135,2693,exercise,1
135,1776,exercise,1
135,1968,exercise,1
135,806,exercise,1
135,2326,exercise,1
135,2547,exercise,1
136,2069,exercise,1
136,2067,exercise,1
136,2208,exercise,1
136,2124,exercise,1
136,1338,exercise,1
136,1730,exercise,1
136,2739,exercise,1
136,2172,exercise,1
136,2077,exercise,1
136,2125,exercise,1
136,350,exercise,1
136,2740,exercise,1
136,150,exercise,1
136,2078,exercise,1
136,2192,exercise,1
136,2236,exercise,1
136,994,exercise,1
136,2166,exercise,1
136,885,exercise,1
136,2160,exercise,1
137,2403,exercise,1
137,2247,exercise,1
137,2305,exercise,1
137,2396,exercise,1
137,528,exercise,1
137,355,exercise,1
137,249,exercise,1
137,689,exercise,1
137,1267,exercise,1
137,252,exercise,1
137,1048,exercise,1
137,698,exercise,1
137,1260,exercise,1
137,530,exercise,1
137,2332,exercise,1
137,2737,exercise,1
137,2894,exercise,1
137,420,exercise,1
137,422,exercise,1
137,1041,exercise,1
138,2166,exercise,1
138,885,exercise,1
138,2177,exercise,1
138,2076,exercise,1
138,2208,exercise,1
138,994,exercise,1
138,2740,exercise,1
138,2172,exercise,1
138,2131,exercise,1
138,2168,exercise,1
138,2003,exercise,1
138,2032,exercise,1
138,350,exercise,1
138,2077,exercise,1
138,2031,exercise,1
138,2236,exercise,1
138,2192,exercise,1
138,2124,exercise,1
138,2067,exercise,1
138,2078,exercise,1
139,2770,exercise,1
139,1620,exercise,1
139,2869,exercise,1
139,1977,exercise,1
139,719,exercise,1
139,2896,exercise,1
139,587,exercise,1
139,894,exercise,1
139,895,exercise,1
139,258,exercise,1
139,2674,exercise,1
139,2513,exercise,1
139,1246,exercise,1
139,2813,exercise,1
139,2539,exercise,1
139,732,exercise,1
139,1486,exercise,1
139,1322,exercise,1
139,1288,exercise,1
139,2695,exercise,1
140,2886,exercise,1
140,381,exercise,1
140,463,exercise,1
140,2238,exercise,1
140,307,exercise,1
140,1236,exercise,1
140,445,exercise,1
140,457,exercise,1
140,997,exercise,1
140,485,exercise,1
140,1512,exercise,1
140,992,exercise,1
140,2200,exercise,1
140,2398,exercise,1
140,477,exercise,1
140,1045,exercise,1
140,2257,exercise,1
140,2175,exercise,1
140,2334,exercise,1
140,341,exercise,1
141,1730,exercise,1
141,2170,exercise,1
141,2236,exercise,1
141,2119,exercise,1
141,2160,exercise,1
141,2178,exercise,1
141,2177,exercise,1
141,2069,exercise,1
141,2077,exercise,1
141,2078,exercise,1
141,2067,exercise,1
141,2124,exercise,1
141,150,exercise,1
141,885,exercise,1
141,2172,exercise,1
141,2003,exercise,1
141,2072,exercise,1
141,2032,exercise,1
141,2131,exercise,1
141,2739,exercise,1
142,619,exercise,1
142,2409,exercise,1
142,1035,exercise,1
142,1514,exercise,1
142,1249,exercise,1
142,1609,exercise,1
142,453,exercise,1
142,2389,exercise,1
142,1621,exercise,1
142,285,exercise,1
142,280,exercise,1
142,389,exercise,1
142,2337,exercise,1
142,219,exercise,1
142,440,exercise,1
142,515,exercise,1
142,2311,exercise,1
142,2343,exercise,1
142,187,exercise,1
142,2284,exercise,1
143,557,exercise,1
143,1364,exercise,1
143,685,exercise,1
143,1203,exercise,1
143,399,exercise,1
143,1664,exercise,1
143,1090,exercise,1
143,354,exercise,1
143,1711,exercise,1
143,717,exercise,1
143,217,exercise,1
143,1837,exercise,1
143,1399,exercise,1
143,1024,exercise,1
143,1982,exercise,1
143,392,exercise,1
143,409,exercise,1
143,5,exercise,1
143,938,exercise,1
143,2289,exercise,1
144,560,exercise,1
144,2800,exercise,1
144,988,exercise,1
144,2455,exercise,1
144,2075,exercise,1
144,39,exercise,1
144,34,exercise,1
144,1583,exercise,1
144,510,exercise,1
144,1953,exercise,1
144,558,exercise,1
144,2277,exercise,1
144,305,exercise,1
144,1002,exercise,1
144,1764,exercise,1
144,385,exercise,1
144,439,exercise,1
144,442,exercise,1
144,1445,exercise,1
144,1702,exercise,1
145,466,exercise,1
145,2179,exercise,1
145,458,exercise,1
145,478,exercise,1
145,326,exercise,1
145,203,exercise,1
145,522,exercise,1
145,2297,exercise,1
145,1777,exercise,1
145,674,exercise,1
145,496,exercise,1
145,2239,exercise,1
145,2302,exercise,1
145,682,exercise,1
145,363,exercise,1
145,394,exercise,1
145,477,exercise,1
145,441,exercise,1
145,2194,exercise,1
145,2126,exercise,1
146,1394,exercise,1
146,472,exercise,1
146,993,exercise,1
146,1236,exercise,1
146,358,exercise,1
146,994,exercise,1
146,1252,exercise,1
146,240,exercise,1
146,1286,exercise,1
146,606,exercise,1
146,2893,exercise,1
146,2751,exercise,1
146,572,exercise,1
146,2198,exercise,1
146,1274,exercise,1
146,298,exercise,1
146,981,exercise,1
146,2734,exercise,1
146,2199,exercise,1
146,418,exercise,1
147,2367,exercise,1
147,2801,exercise,1
147,305,exercise,1
147,2496,exercise,1
147,50,exercise,1
147,1667,exercise,1
147,1450,exercise,1
147,557,exercise,1
147,1781,exercise,1
147,2665,exercise,1
147,1947,exercise,1
147,1684,exercise,1
147,2570,exercise,1
147,747,exercise,1
147,2250,exercise,1
147,315,exercise,1
147,70,exercise,1
147,2787,exercise,1
147,292,exercise,1
147,58,exercise,1
148,679,exercise,1
148,267,exercise,1
148,309,exercise,1
148,2211,exercise,1
148,2745,exercise,1
148,1255,exercise,1
148,2734,exercise,1
148,2246,exercise,1
148,2263,exercise,1
148,2219,exercise,1
148,354,exercise,1
148,498,exercise,1
148,1237,exercise,1
148,357,exercise,1
148,1384,exercise,1
148,349,exercise,1
148,2895,exercise,1
148,607,exercise,1
148,509,exercise,1
148,1596,exercise,1
149,321,exercise,1
149,1385,exercise,1
149,2291,exercise,1
149,974,exercise,1
149,304,exercise,1
149,986,exercise,1
149,362,exercise,1
149,2285,exercise,1
149,423,exercise,1
149,2324,exercise,1
149,298,exercise,1
149,1383,exercise,1
149,545,exercise,1
149,430,exercise,1
149,211,exercise,1
149,474,exercise,1
149,209,exercise,1
149,528,exercise,1
149,2739,exercise,1
149,1780,exercise,1
150,2739,exercise,1
150,2079,exercise,1
150,2067,exercise,1
150,2166,exercise,1
150,1338,exercise,1
150,2208,exercise,1
150,2168,exercise,1
150,2176,exercise,1
150,2031,exercise,1
150,2178,exercise,1
150,994,exercise,1
150,150,exercise,1
150,2236,exercise,1
150,2076,exercise,1
150,2172,exercise,1
150,2032,exercise,1
150,2069,exercise,1
150,2119,exercise,1
150,885,exercise,1
150,350,exercise,1
151,2754,exercise,1
151,2133,exercise,1
151,299,exercise,1
151,2731,exercise,1
151,527,exercise,1
151,2149,exercise,1
151,508,exercise,1
151,1008,exercise,1
151,396,exercise,1
151,422,exercise,1
151,905,exercise,1
151,2750,exercise,1
151,191,exercise,1
151,276,exercise,1
151,211,exercise,1
151,995,exercise,1
151,283,exercise,1
151,2374,exercise,1
151,2153,exercise,1
151,2192,exercise,1
152,773,exercise,1
152,146,exercise,1
152,2597,exercise,1
152,1941,exercise,1
152,979,exercise,1
152,1473,exercise,1
152,1081,exercise,1
152,1926,exercise,1
152,1465,exercise,1
152,1190,exercise,1
152,334,exercise,1
152,2680,exercise,1
152,1715,exercise,1
152,506,exercise,1
152,2377,exercise,1
152,227,exercise,1
152,778,exercise,1
152,978,exercise,1
152,2453,exercise,1
152,192,exercise,1
153,327,exercise,1
153,2348,exercise,1
153,1247,exercise,1
153,1386,exercise,1
153,1523,exercise,1
153,362,exercise,1
153,2331,exercise,1
153,202,exercise,1
153,2151,exercise,1
153,596,exercise,1
153,1266,exercise,1
153,1372,exercise,1
153,982,exercise,1
153,2346,exercise,1
153,2150,exercise,1
153,2733,exercise,1
153,589,exercise,1
153,993,exercise,1
153,497,exercise,1
153,199,exercise,1
154,234,exercise,1
154,963,exercise,1
154,1740,exercise,1
154,205,exercise,1
154,1604,exercise,1
154,188,exercise,1
154,2166,exercise,1
154,1379,exercise,1
154,398,exercise,1
154,606,exercise,1
154,973,exercise,1
154,2255,exercise,1
154,2403,exercise,1
154,308,exercise,1
154,477,exercise,1
154,1251,exercise,1
154,380,exercise,1
154,278,exercise,1
154,968,exercise,1
154,2254,exercise,1
155,2166,exercise,1
155,2178,exercise,1
155,1730,exercise,1
155,2001,exercise,1
155,2079,exercise,1
155,1338,exercise,1
155,2131,exercise,1
155,2172,exercise,1
155,2072,exercise,1
155,885,exercise,1
155,2124,exercise,1
155,2168,exercise,1
155,350,exercise,1
155,2076,exercise,1
155,2739,exercise,1
155,2078,exercise,1
155,2740,exercise,1
155,2208,exercise,1
155,2236,exercise,1
155,2125,exercise,1
156,2131,exercise,1
156,2740,exercise,1
156,2177,exercise,1
156,2119,exercise,1
156,2003,exercise,1
156,885,exercise,1
156,2001,exercise,1
156,1338,exercise,1
156,2168,exercise,1
156,2172,exercise,1
156,2124,exercise,1
156,994,exercise,1
156,2176,exercise,1
156,2166,exercise,1
156,1730,exercise,1
156,2135,exercise,1
156,2170,exercise,1
156,2208,exercise,1
156,2125,exercise,1
156,2069,exercise,1
157,2160,exercise,1
157,2076,exercise,1
157,2177,exercise,1
157,2125,exercise,1
157,2077,exercise,1
157,2031,exercise,1
157,2176,exercise,1
157,994,exercise,1
157,885,exercise,1
157,1730,exercise,1
157,2135,exercise,1
157,2032,exercise,1
157,2740,exercise,1
157,2208,exercise,1
157,350,exercise,1
157,2078,exercise,1
157,2236,exercise,1
157,150,exercise,1
157,2067,exercise,1
157,2079,exercise,1
158,2207,exercise,1
158,2884,exercise,1
158,286,exercise,1
158,1281,exercise,1
158,1018,exercise,1
158,542,exercise,1
158,249,exercise,1
158,2224,exercise,1
158,2322,exercise,1
158,997,exercise,1
158,379,exercise,1
158,2342,exercise,1
158,394,exercise,1
158,472,exercise,1
158,434,exercise,1
158,210,exercise,1
158,314,exercise,1
158,854,exercise,1
158,458,exercise,1
158,598,exercise,1
159,2158,exercise,1
159,358,exercise,1
159,1016,exercise,1
159,339,exercise,1
159,230,exercise,1
159,318,exercise,1
159,590,exercise,1
159,2304,exercise,1
159,449,exercise,1
159,374,exercise,1
159,1597,exercise,1
159,436,exercise,1
159,273,exercise,1
159,2340,exercise,1
159,289,exercise,1
159,539,exercise,1
159,2296,exercise,1
159,2217,exercise,1
159,2739,exercise,1
159,247,exercise,1
160,2269,exercise,1
160,539,exercise,1
160,2120,exercise,1
160,677,exercise,1
160,569,exercise,1
160,1207,exercise,1
160,1242,exercise,1
160,2309,exercise,1
160,490,exercise,1
160,256,exercise,1
160,989,exercise,1
160,1273,exercise,1
160,2729,exercise,1
160,2239,exercise,1
160,2377,exercise,1
160,311,exercise,1
160,366,exercise,1
160,1249,exercise,1
160,2190,exercise,1
160,468,exercise,1
161,594,exercise,1
161,2909,exercise,1
161,996,exercise,1
161,225,exercise,1
161,2179,exercise,1
161,2131,exercise,1
161,2378,exercise,1
161,2388,exercise,1
161,1622,exercise,1
161,2736,exercise,1
161,1511,exercise,1
161,2191,exercise,1
161,1039,exercise,1
161,554,exercise,1
161,239,exercise,1
161,1513,exercise,1
161,690,exercise,1
161,248,exercise,1
161,1250,exercise,1
161,307,exercise,1
162,2128,exercise,1
162,962,exercise,1
162,512,exercise,1
162,391,exercise,1
162,993,exercise,1
162,979,exercise,1
162,1031,exercise,1
162,300,exercise,1
162,687,exercise,1
162,2191,exercise,1
162,2122,exercise,1
162,541,exercise,1
162,546,exercise,1
162,970,exercise,1
162,1401,exercise,1
162,2144,exercise,1
162,243,exercise,1
162,2130,exercise,1
162,479,exercise,1
162,576,exercise,1
163,1382,exercise,1
163,545,exercise,1
163,2400,exercise,1
163,263,exercise,1
163,370,exercise,1
163,301,exercise,1
163,962,exercise,1
163,686,exercise,1
163,226,exercise,1
163,2374,exercise,1
163,187,exercise,1
163,1597,exercise,1
163,598,exercise,1
163,453,exercise,1
163,1615,exercise,1
163,556,exercise,1
163,1526,exercise,1
163,311,exercise,1
163,232,exercise,1
163,494,exercise,1
164,2032,exercise,1
164,2003,exercise,1
164,2166,exercise,1
164,1338,exercise,1
164,2069,exercise,1
164,2160,exercise,1
164,2135,exercise,1
164,2072,exercise,1
164,2124,exercise,1
164,994,exercise,1
164,2067,exercise,1
164,2740,exercise,1
164,2168,exercise,1
164,2208,exercise,1
164,1730,exercise,1
164,2001,exercise,1
164,350,exercise,1
164,2236,exercise,1
164,2076,exercise,1
164,2119,exercise,1
165,2774,exercise,1
165,758,exercise,1
165,1738,exercise,1
165,1409,exercise,1
165,1324,exercise,1
165,538,exercise,1
165,767,exercise,1
165,8,exercise,1
165,2685,exercise,1
165,1809,exercise,1
165,2657,exercise,1
165,134,exercise,1
165,785,exercise,1
165,2837,exercise,1
165,1458,exercise,1
165,2889,exercise,1
165,968,exercise,1
165,2665,exercise,1
165,445,exercise,1
165,2364,exercise,1
166,1511,exercise,1
166,333,exercise,1
166,1039,exercise,1
166,1602,exercise,1
166,1463,exercise,1
166,727,exercise,1
166,380,exercise,1
166,1547,exercise,1
166,2086,exercise,1
166,47,exercise,1
166,1156,exercise,1
166,911,exercise,1
166,1087,exercise,1
166,292,exercise,1
166,1619,exercise,1
166,1129,exercise,1
166,463,exercise,1
166,6,exercise,1
166,202,exercise,1
166,1792,exercise,1
167,2255,exercise,1
167,526,exercise,1
167,2243,exercise,1
167,2405,exercise,1
167,2171,exercise,1
167,1777,exercise,1
167,2164,exercise,1
167,393,exercise,1
167,2377,exercise,1
167,853,exercise,1
167,519,exercise,1
167,2320,exercise,1
167,336,exercise,1
167,254,exercise,1
167,1272,exercise,1
167,227,exercise,1
167,1512,exercise,1
167,1026,exercise,1
167,403,exercise,1
167,339,exercise,1
168,534,exercise,1
168,2164,exercise,1
168,515,exercise,1
168,339,exercise,1
168,376,exercise,1
168,1610,exercise,1
168,2384,exercise,1
168,249,exercise,1
168,2279,exercise,1
168,523,exercise,1
168,2285,exercise,1
168,507,exercise,1
168,295,exercise,1
168,393,exercise,1
168,1596,exercise,1
168,615,exercise,1
168,584,exercise,1
168,2246,exercise,1
168,1038,exercise,1
168,1254,exercise,1
169,972,exercise,1
169,382,exercise,1
169,287,exercise,1
169,2200,exercise,1
169,2401,exercise,1
169,500,exercise,1
169,297,exercise,1
169,2134,exercise,1
169,193,exercise,1
169,2271,exercise,1
169,365,exercise,1
169,1272,exercise,1
169,2379,exercise,1
169,594,exercise,1
169,384,exercise,1
169,239,exercise,1
169,617,exercise,1
169,542,exercise,1
169,1276,exercise,1
169,356,exercise,1
170,422,exercise,1
170,1381,exercise,1
170,2210,exercise,1
170,2360,exercise,1
170,2397,exercise,1
170,1028,exercise,1
170,372,exercise,1
170,2189,exercise,1
170,564,exercise,1
170,2155,exercise,1
170,2177,exercise,1
170,2152,exercise,1
170,568,exercise,1
170,2308,exercise,1
170,277,exercise,1
170,1031,exercise,1
170,2309,exercise,1
170,2362,exercise,1
170,906,exercise,1
170,1042,exercise,1
171,994,exercise,1
171,2032,exercise,1
171,2001,exercise,1
171,1730,exercise,1
171,2135,exercise,1
171,2069,exercise,1
171,2170,exercise,1
171,2119,exercise,1
171,2076,exercise,1
171,2168,exercise,1
171,2124,exercise,1
171,2003,exercise,1
171,2176,exercise,1
171,350,exercise,1
171,2072,exercise,1
171,2160,exercise,1
171,2125,exercise,1
171,885,exercise,1
171,2031,exercise,1
171,2079,exercise,1
172,1281,exercise,1
172,347,exercise,1
172,2204,exercise,1
172,257,exercise,1
172,2736,exercise,1
172,2891,exercise,1
172,487,exercise,1
172,432,exercise,1
172,2315,exercise,1
172,540,exercise,1
172,528,exercise,1
172,619,exercise,1
172,580,exercise,1
172,444,exercise,1
172,273,exercise,1
172,2275,exercise,1
172,349,exercise,1
172,2299,exercise,1
172,608,exercise,1
172,494,exercise,1
173,2079,exercise,1
173,2131,exercise,1
173,1338,exercise,1
173,1730,exercise,1
173,2072,exercise,1
173,2119,exercise,1
173,2192,exercise,1
173,2178,exercise,1
173,2067,exercise,1
173,2031,exercise,1
173,2740,exercise,1
173,2077,exercise,1
173,150,exercise,1
173,2125,exercise,1
173,2124,exercise,1
173,2166,exercise,1
173,2032,exercise,1
173,2076,exercise,1
173,2170,exercise,1
173,2078,exercise,1
174,2653,exercise,1
174,2770,exercise,1
174,2725,exercise,1
174,427,exercise,1
174,449,exercise,1
174,2637,exercise,1
174,430,exercise,1
174,1268,exercise,1
174,2526,exercise,1
174,1584,exercise,1
174,1904,exercise,1
174,1151,exercise,1
174,1763,exercise,1
174,2309,exercise,1
174,2682,exercise,1
174,2879,exercise,1
174,2266,exercise,1
174,156,exercise,1
174,748,exercise,1
174,1221,exercise,1
175,480,exercise,1
175,2218,exercise,1
175,265,exercise,1
175,2206,exercise,1
175,1596,exercise,1
175,972,exercise,1
175,286,exercise,1
175,2369,exercise,1
175,1036,exercise,1
175,2158,exercise,1
175,227,exercise,1
175,1609,exercise,1
175,1370,exercise,1
175,1386,exercise,1
175,1243,exercise,1
175,2729,exercise,1
175,390,exercise,1
175,908,exercise,1
175,464,exercise,1
175,1373,exercise,1
176,2177,exercise,1
176,2131,exercise,1
176,2119,exercise,1
176,2172,exercise,1
176,2125,exercise,1
176,2739,exercise,1
176,885,exercise,1
176,2001,exercise,1
176,2077,exercise,1
176,2176,exercise,1
176,2076,exercise,1
176,2166,exercise,1
176,2078,exercise,1
176,2079,exercise,1
176,2069,exercise,1
176,2192,exercise,1
176,2032,exercise,1
176,2208,exercise,1
176,2067,exercise,1
176,1730,exercise,1
177,2236,exercise,1
177,2170,exercise,1
177,2031,exercise,1
177,350,exercise,1
177,1730,exercise,1
177,2001,exercise,1
177,2177,exercise,1
177,2172,exercise,1
177,2178,exercise,1
177,2208,exercise,1
177,2003,exercise,1
177,2739,exercise,1
177,2077,exercise,1
177,2166,exercise,1
177,2069,exercise,1
177,2078,exercise,1
177,2740,exercise,1
177,2124,exercise,1
177,2135,exercise,1
177,2125,exercise,1
178,2003,exercise,1
178,350,exercise,1
178,2078,exercise,1
178,2166,exercise,1
178,2236,exercise,1
178,2125,exercise,1
178,2077,exercise,1
178,1730,exercise,1
178,2192,exercise,1
178,2124,exercise,1
178,2119,exercise,1
178,2069,exercise,1
178,2208,exercise,1
178,2176,exercise,1
178,2031,exercise,1
178,2067,exercise,1
178,1338,exercise,1
178,2177,exercise,1
178,2135,exercise,1
178,2178,exercise,1
179,2682,exercise,1
179,934,exercise,1
179,964,exercise,1
179,983,exercise,1
179,894,exercise,1
179,1181,exercise,1
179,1898,exercise,1
179,2429,exercise,1
179,83,exercise,1
179,37,exercise,1
179,2262,exercise,1
179,558,exercise,1
179,749,exercise,1
179,2832,exercise,1
179,35,exercise,1
179,987,exercise,1
179,1112,exercise,1
179,2876,exercise,1
179,1414,exercise,1
179,1226,exercise,1
180,2167,exercise,1
180,1745,exercise,1
180,2336,exercise,1
180,1002,exercise,1
180,684,exercise,1
180,2351,exercise,1
180,1368,exercise,1
180,2899,exercise,1
180,2209,exercise,1
180,395,exercise,1
180,201,exercise,1
180,2755,exercise,1
180,2162,exercise,1
180,1247,exercise,1
180,1280,exercise,1
180,409,exercise,1
180,2395,exercise,1
180,317,exercise,1
180,1613,exercise,1
180,1239,exercise,1
181,2131,exercise,1
181,2119,exercise,1
181,2079,exercise,1
181,2125,exercise,1
181,2001,exercise,1
181,1338,exercise,1
181,2236,exercise,1
181,2168,exercise,1
181,2003,exercise,1
181,350,exercise,1
181,2208,exercise,1
181,2072,exercise,1
181,2135,exercise,1
181,2067,exercise,1
181,2178,exercise,1
181,2176,exercise,1
181,2160,exercise,1
181,2740,exercise,1
181,2739,exercise,1
181,2031,exercise,1
182,2191,exercise,1
182,258,exercise,1
182,574,exercise,1
182,1620,exercise,1
182,693,exercise,1
182,2370,exercise,1
182,2130,exercise,1
182,2746,exercise,1
182,1283,exercise,1
182,534,exercise,1
182,556,exercise,1
182,1270,exercise,1
182,385,exercise,1
182,2360,exercise,1
182,448,exercise,1
182,1022,exercise,1
182,565,exercise,1
182,1614,exercise,1
182,369,exercise,1
182,854,exercise,1
183,695,exercise,1
183,1378,exercise,1
183,2257,exercise,1
183,1596,exercise,1
183,2157,exercise,1
183,1019,exercise,1
183,1271,exercise,1
183,2345,exercise,1
183,427,exercise,1
183,2359,exercise,1
183,295,exercise,1
183,331,exercise,1
183,2363,exercise,1
183,584,exercise,1
183,2732,exercise,1
183,434,exercise,1
183,2187,exercise,1
183,1368,exercise,1
183,2252,exercise,1
183,297,exercise,1
184,579,exercise,1
184,862,exercise,1
184,1575,exercise,1
184,1897,exercise,1
184,2670,exercise,1
184,2190,exercise,1
184,603,exercise,1
184,1449,exercise,1
184,778,exercise,1
184,347,exercise,1
184,2318,exercise,1
184,1521,exercise,1
184,764,exercise,1
184,1437,exercise,1
184,250,exercise,1
184,20,exercise,1
184,2122,exercise,1
184,1211,exercise,1
184,921,exercise,1
184,734,exercise,1
185,2067,exercise,1
185,2208,exercise,1
185,1730,exercise,1
185,2031,exercise,1
185,2125,exercise,1
185,2076,exercise,1
185,2131,exercise,1
185,2178,exercise,1
185,2072,exercise,1
185,2176,exercise,1
185,2078,exercise,1
185,2172,exercise,1
185,150,exercise,1
185,350,exercise,1
185,2119,exercise,1
185,2740,exercise,1
185,2003,exercise,1
185,2177,exercise,1
185,2001,exercise,1
185,2170,exercise,1
186,17,exercise,1
186,1084,exercise,1
186,988,exercise,1
186,1586,exercise,1
186,1432,exercise,1
186,545,exercise,1
186,437,exercise,1
186,1766,exercise,1
186,2382,exercise,1
186,2773,exercise,1
186,1401,exercise,1
186,724,exercise,1
186,282,exercise,1
186,190,exercise,1
186,1348,exercise,1
186,1317,exercise,1
186,2198,exercise,1
186,2478,exercise,1
186,2827,exercise,1
186,2493,exercise,1
187,2284,exercise,1
187,460,exercise,1
187,1619,exercise,1
187,2399,exercise,1
187,2131,exercise,1
187,571,exercise,1
187,523,exercise,1
187,2222,exercise,1
187,225,exercise,1
187,905,exercise,1
187,697,exercise,1
187,454,exercise,1
187,618,exercise,1
187,230,exercise,1
187,2741,exercise,1
187,537,exercise,1
187,440,exercise,1
187,2157,exercise,1
187,264,exercise,1
187,2175,exercise,1
188,2079,exercise,1
188,994,exercise,1
188,2739,exercise,1
188,2001,exercise,1
188,2131,exercise,1
188,2172,exercise,1
188,150,exercise,1
188,350,exercise,1
188,2160,exercise,1
188,2236,exercise,1
188,2076,exercise,1
188,2077,exercise,1
188,2072,exercise,1
188,2170,exercise,1
188,2119,exercise,1
188,2740,exercise,1
188,2031,exercise,1
188,2067,exercise,1
188,2078,exercise,1
188,2176,exercise,1
189,2257,exercise,1
189,392,exercise,1
189,2898,exercise,1
189,1038,exercise,1
189,466,exercise,1
189,2253,exercise,1
189,400,exercise,1
189,2755,exercise,1
189,427,exercise,1
189,1247,exercise,1
189,419,exercise,1
189,403,exercise,1
189,2727,exercise,1
189,592,exercise,1
189,595,exercise,1
189,1032,exercise,1
189,607,exercise,1
189,2139,exercise,1
189,2245,exercise,1
189,1283,exercise,1
190,164,exercise,1
190,2578,exercise,1
190,2354,exercise,1
190,898,exercise,1
190,2289,exercise,1
190,1509,exercise,1
190,1025,exercise,1
190,12,exercise,1
190,53,exercise,1
190,381,exercise,1
190,469,exercise,1
190,2690,exercise,1
190,2344,exercise,1
190,629,exercise,1
190,385,exercise,1
190,2435,exercise,1
190,325,exercise,1
190,436,exercise,1
190,1127,exercise,1
190,1019,exercise,1
191,1275,exercise,1
191,1026,exercise,1
191,2346,exercise,1
191,288,exercise,1
191,390,exercise,1
191,543,exercise,1
191,266,exercise,1
191,1264,exercise,1
191,2133,exercise,1
191,1390,exercise,1
191,2268,exercise,1
191,423,exercise,1
191,380,exercise,1
191,279,exercise,1
191,205,exercise,1
191,476,exercise,1
191,542,exercise,1
191,1603,exercise,1
191,2141,exercise,1
191,2306,exercise,1
192,2119,exercise,1
192,1730,exercise,1
192,2166,exercise,1
192,2135,exercise,1
192,2739,exercise,1
192,994,exercise,1
192,2072,exercise,1
192,2177,exercise,1
192,2077,exercise,1
192,2031,exercise,1
192,2176,exercise,1
192,2160,exercise,1
192,2078,exercise,1
192,2076,exercise,1
192,2131,exercise,1
192,2079,exercise,1
192,2069,exercise,1
192,150,exercise,1
192,2192,exercise,1
192,2172,exercise,1
193,1926,exercise,1
193,2787,exercise,1
193,2298,exercise,1
193,2667,exercise,1
193,2044,exercise,1
193,782,exercise,1
193,2873,exercise,1
193,1748,exercise,1
193,1656,exercise,1
193,2874,exercise,1
193,120,exercise,1
193,552,exercise,1
193,2299,exercise,1
193,2320,exercise,1
193,479,exercise,1
193,1911,exercise,1
193,2063,exercise,1
193,192,exercise,1
193,275,exercise,1
193,1145,exercise,1
194,2131,exercise,1
194,150,exercise,1
194,2077,exercise,1
194,2135,exercise,1
194,2079,exercise,1
194,2192,exercise,1
194,2160,exercise,1
194,2177,exercise,1
194,2125,exercise,1
194,994,exercise,1
194,2076,exercise,1
194,2208,exercise,1
194,2003,exercise,1
194,2078,exercise,1
194,2069,exercise,1
194,350,exercise,1
194,2739,exercise,1
194,2168,exercise,1
194,2178,exercise,1
194,2176,exercise,1
195,2067,exercise,1
195,2236,exercise,1
195,2192,exercise,1
195,2208,exercise,1
195,2176,exercise,1
195,1730,exercise,1
195,885,exercise,1
195,2168,exercise,1
195,2078,exercise,1
195,2740,exercise,1
195,2003,exercise,1
195,2170,exercise,1
195,2031,exercise,1
195,350,exercise,1
195,2079,exercise,1
195,2739,exercise,1
195,2160,exercise,1
195,2001,exercise,1
195,2166,exercise,1
195,2172,exercise,1
196,2198,exercise,1
196,2071,exercise,1
196,2686,exercise,1
196,2092,exercise,1
196,377,exercise,1
196,2362,exercise,1
196,2088,exercise,1
196,1448,exercise,1
196,503,exercise,1
196,2358,exercise,1
196,73,exercise,1
196,437,exercise,1
196,1872,exercise,1
196,1909,exercise,1
196,148,exercise,1
196,2629,exercise,1
196,2596,exercise,1
196,1,exercise,1
196,392,exercise,1
196,2859,exercise,1
197,2125,exercise,1
197,2236,exercise,1
197,2076,exercise,1
197,2178,exercise,1
197,2192,exercise,1
197,2067,exercise,1
197,2069,exercise,1
197,2172,exercise,1
197,350,exercise,1
197,2003,exercise,1
197,2077,exercise,1
197,2208,exercise,1
197,2119,exercise,1
197,2740,exercise,1
197,2135,exercise,1
197,2160,exercise,1
197,2131,exercise,1
197,2032,exercise,1
197,2072,exercise,1
197,885,exercise,1
198,2077,exercise,1
198,150,exercise,1
198,2135,exercise,1
198,2160,exercise,1
198,2172,exercise,1
198,2131,exercise,1
198,2170,exercise,1
198,2032,exercise,1
198,2119,exercise,1
198,2079,exercise,1
198,2069,exercise,1
198,2208,exercise,1
198,994,exercise,1
198,350,exercise,1
198,1730,exercise,1
198,2003,exercise,1
198,2067,exercise,1
198,2125,exercise,1
198,2192,exercise,1
198,2739,exercise,1
199,2072,exercise,1
199,2740,exercise,1
199,2003,exercise,1
199,2170,exercise,1
199,2001,exercise,1
199,2077,exercise,1
199,2172,exercise,1
199,2208,exercise,1
199,2192,exercise,1
199,2160,exercise,1
199,2067,exercise,1
199,994,exercise,1
199,2076,exercise,1
199,350,exercise,1
199,2131,exercise,1
199,2166,exercise,1
199,2069,exercise,1
199,2135,exercise,1
199,885,exercise,1
199,150,exercise,1
200,194,exercise,1
200,285,exercise,1
200,2282,exercise,1
200,2385,exercise,1
200,2749,exercise,1
200,548,exercise,1
200,541,exercise,1
200,448,exercise,1
200,398,exercise,1
200,2189,exercise,1
200,1512,exercise,1
200,2740,exercise,1
200,2183,exercise,1
200,2253,exercise,1
200,994,exercise,1
200,1236,exercise,1
200,2220,exercise,1
200,1741,exercise,1
200,1278,exercise,1
200,2335,exercise,1
201,582,exercise,1
201,1911,exercise,1
201,2837,exercise,1
201,2424,exercise,1
201,1352,exercise,1
201,2576,exercise,1
201,1439,exercise,1
201,2600,exercise,1
201,948,exercise,1
201,864,exercise,1
201,911,exercise,1
201,1287,exercise,1
201,1590,exercise,1
201,560,exercise,1
201,768,exercise,1
201,2395,exercise,1
201,2567,exercise,1
201,1484,exercise,1
201,489,exercise,1
201,1640,exercise,1
202,2192,exercise,1
202,2172,exercise,1
202,2124,exercise,1
202,2176,exercise,1
202,2170,exercise,1
202,150,exercise,1
202,2079,exercise,1
202,994,exercise,1
202,2178,exercise,1
202,2072,exercise,1
202,1338,exercise,1
202,350,exercise,1
202,2135,exercise,1
202,2166,exercise,1
202,2001,exercise,1
202,2740,exercise,1
202,2078,exercise,1
202,2236,exercise,1
202,2168,exercise,1
202,2077,exercise,1
203,1326,exercise,1
203,880,exercise,1
203,2549,exercise,1
203,134,exercise,1
203,1657,exercise,1
203,2110,exercise,1
203,436,exercise,1
203,2896,exercise,1
203,2634,exercise,1
203,978,exercise,1
203,2631,exercise,1
203,1790,exercise,1
203,1038,exercise,1
203,2413,exercise,1
203,1275,exercise,1
203,196,exercise,1
203,1765,exercise,1
203,1794,exercise,1
203,1939,exercise,1
203,1441,exercise,1
204,994,exercise,1
204,150,exercise,1
204,2079,exercise,1
204,2072,exercise,1
204,2125,exercise,1
204,2176,exercise,1
204,2168,exercise,1
204,2178,exercise,1
204,2077,exercise,1
204,2003,exercise,1
204,2131,exercise,1
204,2160,exercise,1
204,2166,exercise,1
204,2177,exercise,1
204,2069,exercise,1
204,2170,exercise,1
204,885,exercise,1
204,2740,exercise,1
204,2172,exercise,1
204,1730,exercise,1
205,549,exercise,1
205,338,exercise,1
205,568,exercise,1
205,541,exercise,1
205,2885,exercise,1
205,430,exercise,1
205,2168,exercise,1
205,269,exercise,1
205,2273,exercise,1
205,1240,exercise,1
205,1027,exercise,1
205,452,exercise,1
205,515,exercise,1
205,1008,exercise,1
205,197,exercise,1
205,1606,exercise,1
205,2365,exercise,1
205,508,exercise,1
205,268,exercise,1
205,505,exercise,1
206,290,exercise,1
206,1285,exercise,1
206,2400,exercise,1
206,2129,exercise,1
206,335,exercise,1
206,1400,exercise,1
206,2909,exercise,1
206,688,exercise,1
206,562,exercise,1
206,2899,exercise,1
206,325,exercise,1
206,2742,exercise,1
206,512,exercise,1
206,2247,exercise,1
206,2222,exercise,1
206,377,exercise,1
206,2119,exercise,1
206,697,exercise,1
206,679,exercise,1
206,1605,exercise,1
207,2134,exercise,1
207,1270,exercise,1
207,685,exercise,1
207,2368,exercise,1
207,204,exercise,1
207,420,exercise,1
207,1739,exercise,1
207,2308,exercise,1
207,978,exercise,1
207,985,exercise,1
207,267,exercise,1
207,1510,exercise,1
207,2177,exercise,1
207,418,exercise,1
207,2186,exercise,1
207,1018,exercise,1
207,1255,exercise,1
207,237,exercise,1
207,2906,exercise,1
207,2174,exercise,1
208,2236,exercise,1
208,2177,exercise,1
208,2208,exercise,1
208,885,exercise,1
208,2032,exercise,1
208,2739,exercise,1
208,2131,exercise,1
208,2001,exercise,1
208,2067,exercise,1
208,2079,exercise,1
208,2740,exercise,1
208,994,exercise,1
208,1730,exercise,1
208,2119,exercise,1
208,2135,exercise,1
208,2176,exercise,1
208,2192,exercise,1
208,2076,exercise,1
208,2168,exercise,1
208,350,exercise,1
209,890,exercise,1
209,2535,exercise,1
209,2030,exercise,1
209,310,exercise,1
209,648,exercise,1
209,99,exercise,1
209,2198,exercise,1
209,1513,exercise,1
209,158,exercise,1
209,375,exercise,1
209,315,exercise,1
209,234,exercise,1
209,769,exercise,1
209,1096,exercise,1
209,2618,exercise,1
209,306,exercise,1
209,2709,exercise,1
209,1006,exercise,1
209,1139,exercise,1
209,1901,exercise,1
210,2319,exercise,1
210,2224,exercise,1
210,2282,exercise,1
210,1397,exercise,1
210,220,exercise,1
210,2193,exercise,1
210,428,exercise,1
210,198,exercise,1
210,315,exercise,1
210,279,exercise,1
210,334,exercise,1
210,2128,exercise,1
210,2737,exercise,1
210,403,exercise,1
210,1262,exercise,1
210,1375,exercise,1
210,368,exercise,1
210,1252,exercise,1
210,2305,exercise,1
210,2187,exercise,1
211,249,exercise,1
211,2366,exercise,1
211,506,exercise,1
211,688,exercise,1
211,465,exercise,1
211,2196,exercise,1
211,1273,exercise,1
211,481,exercise,1
211,1279,exercise,1
211,2160,exercise,1
211,208,exercise,1
211,475,exercise,1
211,438,exercise,1
211,271,exercise,1
211,196,exercise,1
211,2217,exercise,1
211,364,exercise,1
211,1386,exercise,1
211,677,exercise,1
211,1747,exercise,1
212,1911,exercise,1
212,2426,exercise,1
212,600,exercise,1
212,696,exercise,1
212,793,exercise,1
212,962,exercise,1
212,2899,exercise,1
212,1102,exercise,1
212,836,exercise,1
212,486,exercise,1
212,782,exercise,1
212,2656,exercise,1
212,234,exercise,1
212,2581,exercise,1
212,2207,exercise,1
212,2597,exercise,1
212,315,exercise,1
212,1317,exercise,1
212,291,exercise,1
212,1101,exercise,1
213,849,exercise,1
213,2717,exercise,1
213,2316,exercise,1
213,1510,exercise,1
213,1650,exercise,1
213,542,exercise,1
213,1025,exercise,1
213,426,exercise,1
213,1264,exercise,1
213,2910,exercise,1
213,300,exercise,1
213,833,exercise,1
213,1455,exercise,1
213,2311,exercise,1
213,2102,exercise,1
213,1507,exercise,1
213,2913,exercise,1
213,1412,exercise,1
213,2768,exercise,1
213,646,exercise,1
214,2166,exercise,1
214,2131,exercise,1
214,2176,exercise,1
214,2067,exercise,1
214,150,exercise,1
214,2208,exercise,1
214,2003,exercise,1
214,2170,exercise,1
214,2177,exercise,1
214,2160,exercise,1
214,2740,exercise,1
214,2739,exercise,1
214,2076,exercise,1
214,2031,exercise,1
214,2069,exercise,1
214,2078,exercise,1
214,2124,exercise,1
214,994,exercise,1
214,350,exercise,1
214,2032,exercise,1
215,1375,exercise,1
215,2393,exercise,1
215,408,exercise,1
215,545,exercise,1
215,353,exercise,1
215,1243,exercise,1
215,472,exercise,1
215,588,exercise,1
215,1025,exercise,1
215,342,exercise,1
215,340,exercise,1
215,224,exercise,1
215,2746,exercise,1
215,249,exercise,1
215,2225,exercise,1
215,682,exercise,1
215,263,exercise,1
215,1029,exercise,1
215,2375,exercise,1
215,497,exercise,1
216,2199,exercise,1
216,695,exercise,1
216,1264,exercise,1
216,460,exercise,1
216,2347,exercise,1
216,2734,exercise,1
216,2753,exercise,1
216,371,exercise,1
216,2208,exercise,1
216,2141,exercise,1
216,2736,exercise,1
216,207,exercise,1
216,975,exercise,1
216,525,exercise,1
216,2885,exercise,1
216,476,exercise,1
216,2319,exercise,1
216,515,exercise,1
216,556,exercise,1
216,488,exercise,1
217,2192,exercise,1
217,2160,exercise,1
217,885,exercise,1
217,2077,exercise,1
217,2168,exercise,1
217,2078,exercise,1
217,2003,exercise,1
217,2236,exercise,1
217,2031,exercise,1
217,2069,exercise,1
217,2177,exercise,1
217,350,exercise,1
217,2135,exercise,1
217,2001,exercise,1
217,2079,exercise,1
217,2119,exercise,1
217,2124,exercise,1
217,994,exercise,1
217,2131,exercise,1
217,2178,exercise,1
218,1482,exercise,1
218,439,exercise,1
218,2463,exercise,1
218,1201,exercise,1
218,1148,exercise,1
218,2709,exercise,1
218,2562,exercise,1
218,2674,exercise,1
218,752,exercise,1
218,1731,exercise,1
218,1743,exercise,1
218,1684,exercise,1
218,2769,exercise,1
218,333,exercise,1
218,2443,exercise,1
218,1098,exercise,1
218,1738,exercise,1
218,974,exercise,1
218,2453,exercise,1
218,1892,exercise,1
219,1624,exercise,1
219,2393,exercise,1
219,2383,exercise,1
219,199,exercise,1
219,2735,exercise,1
219,470,exercise,1
219,2296,exercise,1
219,525,exercise,1
219,909,exercise,1
219,343,exercise,1
219,2886,exercise,1
219,1244,exercise,1
219,619,exercise,1
219,493,exercise,1
219,568,exercise,1
219,512,exercise,1
219,2147,exercise,1
219,430,exercise,1
219,965,exercise,1
219,2255,exercise,1
220,418,exercise,1
220,2382,exercise,1
220,2376,exercise,1
220,2377,exercise,1
220,617,exercise,1
220,516,exercise,1
220,2237,exercise,1
220,231,exercise,1
220,985,exercise,1
220,274,exercise,1
220,447,exercise,1
220,515,exercise,1
220,461,exercise,1
220,2757,exercise,1
220,266,exercise,1
220,492,exercise,1
220,303,exercise,1
220,534,exercise,1
220,1024,exercise,1
220,562,exercise,1
221,2170,exercise,1
221,350,exercise,1
221,2124,exercise,1
221,1730,exercise,1
221,2001,exercise,1
221,2077,exercise,1
221,2125,exercise,1
221,2078,exercise,1
221,2176,exercise,1
221,2208,exercise,1
221,2003,exercise,1
221,2076,exercise,1
221,2177,exercise,1
221,1338,exercise,1
221,2236,exercise,1
221,2072,exercise,1
221,885,exercise,1
221,2740,exercise,1
221,2172,exercise,1
221,2131,exercise,1
222,326,exercise,1
222,908,exercise,1
222,2170,exercise,1
222,2185,exercise,1
222,456,exercise,1
222,408,exercise,1
222,219,exercise,1
222,600,exercise,1
222,2903,exercise,1
222,2740,exercise,1
222,2255,exercise,1
222,492,exercise,1
222,383,exercise,1
222,549,exercise,1
222,2370,exercise,1
222,266,exercise,1
222,2752,exercise,1
222,430,exercise,1
222,378,exercise,1
222,2396,exercise,1
223,2031,exercise,1
223,150,exercise,1
223,2176,exercise,1
223,2172,exercise,1
223,2069,exercise,1
223,2236,exercise,1
223,350,exercise,1
223,2160,exercise,1
223,2079,exercise,1
223,2076,exercise,1
223,2003,exercise,1
223,2078,exercise,1
223,2072,exercise,1
223,2192,exercise,1
223,2124,exercise,1
223,2168,exercise,1
223,2077,exercise,1
223,2135,exercise,1
223,2208,exercise,1
223,1730,exercise,1
224,962,exercise,1
224,357,exercise,1
224,1249,exercise,1
224,2232,exercise,1
224,1013,exercise,1
224,573,exercise,1
224,197,exercise,1
224,200,exercise,1
224,2903,exercise,1
224,427,exercise,1
224,2897,exercise,1
224,2164,exercise,1
224,606,exercise,1
224,1396,exercise,1
224,2233,exercise,1
224,2147,exercise,1
224,407,exercise,1
224,506,exercise,1
224,2281,exercise,1
224,1012,exercise,1
225,2263,exercise,1
225,2144,exercise,1
225,1233,exercise,1
225,2209,exercise,1
225,603,exercise,1
225,2242,exercise,1
225,2384,exercise,1
225,552,exercise,1
225,2154,exercise,1
225,2386,exercise,1
225,1005,exercise,1
225,1378,exercise,1
225,1623,exercise,1
225,2211,exercise,1
225,468,exercise,1
225,429,exercise,1
225,911,exercise,1
225,2323,exercise,1
225,518,exercise,1
225,391,exercise,1
226,2403,exercise,1
226,1860,exercise,1
226,1558,exercise,1
226,2588,exercise,1
226,2885,exercise,1
226,218,exercise,1
226,695,exercise,1
226,1791,exercise,1
226,22,exercise,1
226,390,exercise,1
226,612,exercise,1
226,2252,exercise,1
226,2828,exercise,1
226,2033,exercise,1
226,378,exercise,1
226,279,exercise,1
226,1153,exercise,1
226,973,exercise,1
226,1713,exercise,1
226,345,exercise,1
227,885,exercise,1
227,2168,exercise,1
227,2170,exercise,1
227,2124,exercise,1
227,2160,exercise,1
227,2125,exercise,1
227,350,exercise,1
227,2739,exercise,1
227,2172,exercise,1
227,1730,exercise,1
227,2131,exercise,1
227,2078,exercise,1
227,2077,exercise,1
227,150,exercise,1
227,2001,exercise,1
227,994,exercise,1
227,2208,exercise,1
227,2072,exercise,1
227,2177,exercise,1
227,2076,exercise,1
228,2067,exercise,1
228,885,exercise,1
228,2166,exercise,1
228,2078,exercise,1
228,2131,exercise,1
228,150,exercise,1
228,1730,exercise,1
228,2739,exercise,1
228,2031,exercise,1
228,2168,exercise,1
228,2072,exercise,1
228,2069,exercise,1
228,2135,exercise,1
228,2170,exercise,1
228,2160,exercise,1
228,2032,exercise,1
228,2079,exercise,1
228,350,exercise,1
228,2176,exercise,1
228,2178,exercise,1
229,2584,exercise,1
229,1262,exercise,1
229,2623,exercise,1
229,2726,exercise,1
229,1608,exercise,1
229,1606,exercise,1
229,1221,exercise,1
229,988,exercise,1
229,2853,exercise,1
229,837,exercise,1
229,2120,exercise,1
229,1874,exercise,1
229,2693,exercise,1
229,20,exercise,1
229,1139,exercise,1
229,757,exercise,1
229,1897,exercise,1
229,2404,exercise,1
229,454,exercise,1
229,2633,exercise,1
230,2381,exercise,1
230,1323,exercise,1
230,1564,exercise,1
230,496,exercise,1
230,2429,exercise,1
230,1125,exercise,1
230,2536,exercise,1
230,2693,exercise,1
230,1089,exercise,1
230,2063,exercise,1
230,1733,exercise,1
230,2639,exercise,1
230,2301,exercise,1
230,1061,exercise,1
230,1563,exercise,1
230,2206,exercise,1
230,2215,exercise,1
230,2784,exercise,1
230,114,exercise,1
230,2305,exercise,1
231,1126,exercise,1
231,291,exercise,1
231,1762,exercise,1
231,960,exercise,1
231,1006,exercise,1
231,1447,exercise,1
231,1910,exercise,1
231,1634,exercise,1
231,2442,exercise,1
231,2527,exercise,1
231,40,exercise,1
231,1148,exercise,1
231,1081,exercise,1
231,1273,exercise,1
231,397,exercise,1
231,1866,exercise,1
231,1586,exercise,1
231,328,exercise,1
231,2619,exercise,1
231,774,exercise,1
232,1392,exercise,1
232,2120,exercise,1
232,685,exercise,1
232,1037,exercise,1
232,560,exercise,1
232,575,exercise,1
232,2729,exercise,1
232,594,exercise,1
232,966,exercise,1
232,981,exercise,1
232,1029,exercise,1
232,609,exercise,1
232,907,exercise,1
232,601,exercise,1
232,997,exercise,1
232,2139,exercise,1
232,505,exercise,1
232,404,exercise,1
232,431,exercise,1
232,346,exercise,1
233,2208,exercise,1
233,150,exercise,1
233,885,exercise,1
233,2192,exercise,1
233,2069,exercise,1
233,2125,exercise,1
233,2067,exercise,1
233,2078,exercise,1
233,2124,exercise,1
233,2031,exercise,1
233,2176,exercise,1
233,1730,exercise,1
233,2079,exercise,1
233,2170,exercise,1
233,2072,exercise,1
233,2236,exercise,1
233,2168,exercise,1
233,2739,exercise,1
233,2178,exercise,1
233,350,exercise,1
234,252,exercise,1
234,2737,exercise,1
234,1742,exercise,1
234,2202,exercise,1
234,543,exercise,1
234,2332,exercise,1
234,432,exercise,1
234,2894,exercise,1
234,2338,exercise,1
234,1396,exercise,1
234,203,exercise,1
234,210,exercise,1
234,617,exercise,1
234,2173,exercise,1
234,392,exercise,1
234,1527,exercise,1
234,2145,exercise,1
234,1024,exercise,1
234,575,exercise,1
234,1031,exercise,1
235,1182,exercise,1
235,2251,exercise,1
235,2881,exercise,1
235,1577,exercise,1
235,1686,exercise,1
235,793,exercise,1
235,2363,exercise,1
235,1960,exercise,1
235,919,exercise,1
235,1940,exercise,1
235,1712,exercise,1
235,1683,exercise,1
235,1860,exercise,1
235,1234,exercise,1
235,2103,exercise,1
235,776,exercise,1
235,2693,exercise,1
235,554,exercise,1
235,2711,exercise,1
235,1003,exercise,1
236,1184,exercise,1
236,1030,exercise,1
236,2607,exercise,1
236,1994,exercise,1
236,1753,exercise,1
236,844,exercise,1
236,614,exercise,1
236,631,exercise,1
236,2258,exercise,1
236,40,exercise,1
236,763,exercise,1
236,1950,exercise,1
236,2367,exercise,1
236,567,exercise,1
236,2444,exercise,1
236,2534,exercise,1
236,1455,exercise,1
236,2326,exercise,1
236,1364,exercise,1
236,1101,exercise,1
237,994,exercise,1
237,2170,exercise,1
237,2001,exercise,1
237,2067,exercise,1
237,350,exercise,1
237,2236,exercise,1
237,2172,exercise,1
237,2031,exercise,1
237,2078,exercise,1
237,2131,exercise,1
237,2740,exercise,1
237,2077,exercise,1
237,2208,exercise,1
237,2176,exercise,1
237,2069,exercise,1
237,2124,exercise,1
237,885,exercise,1
237,2166,exercise,1
237,1338,exercise,1
237,2168,exercise,1
238,1907,exercise,1
238,513,exercise,1
238,1622,exercise,1
238,2850,exercise,1
238,856,exercise,1
238,2701,exercise,1
238,2697,exercise,1
238,2538,exercise,1
238,754,exercise,1
238,1262,exercise,1
238,1642,exercise,1
238,1486,exercise,1
238,2411,exercise,1
238,2317,exercise,1
238,2087,exercise,1
238,336,exercise,1
238,1762,exercise,1
238,2901,exercise,1
238,1274,exercise,1
238,2227,exercise,1
239,2032,exercise,1
239,2067,exercise,1
239,2135,exercise,1
239,2172,exercise,1
239,2131,exercise,1
239,2125,exercise,1
239,2124,exercise,1
239,2072,exercise,1
239,885,exercise,1
239,2208,exercise,1
239,1730,exercise,1
239,2739,exercise,1
239,2003,exercise,1
239,2166,exercise,1
239,2236,exercise,1
239,2079,exercise,1
239,2078,exercise,1
239,2119,exercise,1
239,2168,exercise,1
239,350,exercise,1
240,2899,exercise,1
240,2318,exercise,1
240,2243,exercise,1
240,528,exercise,1
240,562,exercise,1
240,233,exercise,1
240,442,exercise,1
240,966,exercise,1
240,1001,exercise,1
240,349,exercise,1
240,617,exercise,1
240,527,exercise,1
240,2209,exercise,1
240,396,exercise,1
240,381,exercise,1
240,317,exercise,1
240,2379,exercise,1
240,297,exercise,1
240,240,exercise,1
240,2221,exercise,1
241,1730,exercise,1
241,2001,exercise,1
241,2079,exercise,1
241,2032,exercise,1
241,885,exercise,1
241,2131,exercise,1
241,2177,exercise,1
241,2072,exercise,1
241,2208,exercise,1
241,2003,exercise,1
241,2170,exercise,1
241,2166,exercise,1
241,2172,exercise,1
241,2077,exercise,1
241,2178,exercise,1
241,150,exercise,1
241,2168,exercise,1
241,994,exercise,1
241,2076,exercise,1
241,2176,exercise,1
242,1649,exercise,1
242,1487,exercise,1
242,2271,exercise,1
242,2232,exercise,1
242,2547,exercise,1
242,1194,exercise,1
242,2579,exercise,1
242,2075,exercise,1
242,570,exercise,1
242,2541,exercise,1
242,765,exercise,1
242,2788,exercise,1
242,2816,exercise,1
242,2164,exercise,1
242,2643,exercise,1
242,2036,exercise,1
242,2486,exercise,1
242,2528,exercise,1
242,1425,exercise,1
242,1610,exercise,1
243,857,exercise,1
243,369,exercise,1
243,2300,exercise,1
243,1380,exercise,1
243,2145,exercise,1
243,2240,exercise,1
243,1018,exercise,1
243,504,exercise,1
243,1371,exercise,1
243,207,exercise,1
243,186,exercise,1
243,2904,exercise,1
243,465,exercise,1
243,1622,exercise,1
243,1256,exercise,1
243,2370,exercise,1
243,204,exercise,1
243,2729,exercise,1
243,2387,exercise,1
243,1372,exercise,1
244,1987,exercise,1
244,1317,exercise,1
244,2814,exercise,1
244,1012,exercise,1
244,30,exercise,1
244,2578,exercise,1
244,1718,exercise,1
244,813,exercise,1
244,1907,exercise,1
244,2629,exercise,1
244,2040,exercise,1
244,1827,exercise,1
244,1088,exercise,1
244,708,exercise,1
244,1794,exercise,1
244,1749,exercise,1
244,964,exercise,1
244,1152,exercise,1
244,340,exercise,1
244,1963,exercise,1
245,2078,exercise,1
245,2739,exercise,1
245,2119,exercise,1
245,2124,exercise,1
245,2131,exercise,1
245,2166,exercise,1
245,2236,exercise,1
245,2170,exercise,1
245,2031,exercise,1
245,2076,exercise,1
245,2001,exercise,1
245,885,exercise,1
245,1730,exercise,1
245,1338,exercise,1
245,2032,exercise,1
245,2192,exercise,1
245,2135,exercise,1
245,2168,exercise,1
245,2077,exercise,1
245,350,exercise,1
246,1468,exercise,1
246,80,exercise,1
246,642,exercise,1
246,208,exercise,1
246,2524,exercise,1
246,91,exercise,1
246,801,exercise,1
246,435,exercise,1
246,1251,exercise,1
246,1181,exercise,1
246,529,exercise,1
246,2045,exercise,1
246,34,exercise,1
246,1018,exercise,1
246,386,exercise,1
246,644,exercise,1
246,62,exercise,1
246,2356,exercise,1
246,956,exercise,1
246,1589,exercise,1
247,1388,exercise,1
247,2728,exercise,1
247,2156,exercise,1
247,2345,exercise,1
247,250,exercise,1
247,1594,exercise,1
247,350,exercise,1
247,485,exercise,1
247,300,exercise,1
247,1031,exercise,1
247,2199,exercise,1
247,332,exercise,1
247,2358,exercise,1
247,557,exercise,1
247,579,exercise,1
247,1005,exercise,1
247,2188,exercise,1
247,211,exercise,1
247,439,exercise,1
247,1002,exercise,1
248,2303,exercise,1
248,992,exercise,1
248,254,exercise,1
248,593,exercise,1
248,2339,exercise,1
248,378,exercise,1
248,2900,exercise,1
248,612,exercise,1
248,2364,exercise,1
248,2192,exercise,1
248,1389,exercise,1
248,1514,exercise,1
248,510,exercise,1
248,272,exercise,1
248,2899,exercise,1
248,439,exercise,1
248,1011,exercise,1
248,2394,exercise,1
248,1368,exercise,1
248,597,exercise,1
249,292,exercise,1
249,684,exercise,1
249,417,exercise,1
249,969,exercise,1
249,2285,exercise,1
249,1517,exercise,1
249,216,exercise,1
249,528,exercise,1
249,1234,exercise,1
249,431,exercise,1
249,2206,exercise,1
249,983,exercise,1
249,204,exercise,1
249,272,exercise,1
249,2369,exercise,1
249,509,exercise,1
249,2168,exercise,1
249,373,exercise,1
249,1005,exercise,1
249,514,exercise,1
250,373,exercise,1
250,1611,exercise,1
250,308,exercise,1
250,2124,exercise,1
250,501,exercise,1
250,405,exercise,1
250,443,exercise,1
250,2395,exercise,1
250,962,exercise,1
250,1398,exercise,1
250,1742,exercise,1
250,2294,exercise,1
250,581,exercise,1
250,229,exercise,1
250,2169,exercise,1
250,2141,exercise,1
250,466,exercise,1
250,1007,exercise,1
250,267,exercise,1
250,2404,exercise,1
251,2177,exercise,1
251,2124,exercise,1
251,2208,exercise,1
251,2072,exercise,1
251,2739,exercise,1
251,1730,exercise,1
251,2119,exercise,1
251,2069,exercise,1
251,2067,exercise,1
251,2166,exercise,1
251,2077,exercise,1
251,2031,exercise,1
251,2125,exercise,1
251,2740,exercise,1
251,2178,exercise,1
251,150,exercise,1
251,885,exercise,1
251,2078,exercise,1
251,2032,exercise,1
251,2003,exercise,1
252,2147,exercise,1
252,2325,exercise,1
252,187,exercise,1
252,2744,exercise,1
252,2172,exercise,1
252,565,exercise,1
252,224,exercise,1
252,2141,exercise,1
252,975,exercise,1
252,1509,exercise,1
252,315,exercise,1
252,2189,exercise,1
252,574,exercise,1
252,2906,exercise,1
252,2414,exercise,1
252,504,exercise,1
252,1254,exercise,1
252,1520,exercise,1
252,2246,exercise,1
252,1519,exercise,1
253,411,exercise,1
253,2476,exercise,1
253,288,exercise,1
253,182,exercise,1
253,548,exercise,1
253,771,exercise,1
253,130,exercise,1
253,869,exercise,1
253,455,exercise,1
253,2309,exercise,1
253,825,exercise,1
253,421,exercise,1
253,132,exercise,1
253,2677,exercise,1
253,1789,exercise,1
253,2340,exercise,1
253,2500,exercise,1
253,2801,exercise,1
253,1129,exercise,1
253,209,exercise,1
254,690,exercise,1
254,331,exercise,1
254,212,exercise,1
254,613,exercise,1
254,2402,exercise,1
254,349,exercise,1
254,2354,exercise,1
254,310,exercise,1
254,2135,exercise,1
254,2247,exercise,1
254,2151,exercise,1
254,305,exercise,1
254,1030,exercise,1
254,269,exercise,1
254,330,exercise,1
254,1382,exercise,1
254,352,exercise,1
254,688,exercise,1
254,391,exercise,1
254,400,exercise,1
255,2077,exercise,1
255,2168,exercise,1
255,2072,exercise,1
255,2236,exercise,1
255,2079,exercise,1
255,2135,exercise,1
255,2003,exercise,1
255,2124,exercise,1
255,2131,exercise,1
255,1730,exercise,1
255,2119,exercise,1
255,2166,exercise,1
255,2739,exercise,1
255,2076,exercise,1
255,994,exercise,1
255,2170,exercise,1
255,2125,exercise,1
255,2031,exercise,1
255,350,exercise,1
255,2192,exercise,1
256,778,exercise,1
256,2585,exercise,1
256,1864,exercise,1
256,2388,exercise,1
256,1554,exercise,1
256,670,exercise,1
256,2519,exercise,1
256,2827,exercise,1
256,2064,exercise,1
256,1631,exercise,1
256,1444,exercise,1
256,2586,exercise,1
256,1484,exercise,1
256,1710,exercise,1
256,1909,exercise,1
256,1996,exercise,1
256,1482,exercise,1
256,2877,exercise,1
256,1052,exercise,1
256,2653,exercise,1
257,2076,exercise,1
257,2168,exercise,1
257,2079,exercise,1
257,2166,exercise,1
257,2192,exercise,1
257,2077,exercise,1
257,2178,exercise,1
257,2072,exercise,1
257,150,exercise,1
257,2208,exercise,1
257,350,exercise,1
257,2032,exercise,1
257,2125,exercise,1
257,2172,exercise,1
257,2236,exercise,1
257,2078,exercise,1
257,2119,exercise,1
257,2176,exercise,1
257,885,exercise,1
257,1338,exercise,1
258,1443,exercise,1
258,89,exercise,1
258,1219,exercise,1
258,2600,exercise,1
258,2416,exercise,1
258,2611,exercise,1
258,2676,exercise,1
258,2680,exercise,1
258,652,exercise,1
258,403,exercise,1
258,157,exercise,1
258,2203,exercise,1
258,1644,exercise,1
258,658,exercise,1
258,583,exercise,1
258,1168,exercise,1
258,1700,exercise,1
258,2755,exercise,1
258,1094,exercise,1
258,1025,exercise,1
259,1284,exercise,1
259,374,exercise,1
259,2214,exercise,1
259,683,exercise,1
259,344,exercise,1
259,1517,exercise,1
259,2384,exercise,1
259,540,exercise,1
259,2395,exercise,1
259,381,exercise,1
259,262,exercise,1
259,2177,exercise,1
259,346,exercise,1
259,300,exercise,1
259,1602,exercise,1
259,2119,exercise,1
259,2298,exercise,1
259,2262,exercise,1
259,438,exercise,1
259,910,exercise,1
260,150,exercise,1
260,2168,exercise,1
260,994,exercise,1
260,2125,exercise,1
260,2079,exercise,1
260,350,exercise,1
260,2067,exercise,1
260,2119,exercise,1
260,2124,exercise,1
260,1338,exercise,1
260,2177,exercise,1
260,2192,exercise,1
260,2160,exercise,1
260,2003,exercise,1
260,2170,exercise,1
260,2178,exercise,1
260,2001,exercise,1
260,2135,exercise,1
260,2032,exercise,1
260,2069,exercise,1
261,1993,exercise,1
261,1283,exercise,1
261,1825,exercise,1
261,623,exercise,1
261,558,exercise,1
261,1548,exercise,1
261,355,exercise,1
261,2270,exercise,1
261,2679,exercise,1
261,206,exercise,1
261,2578,exercise,1
261,1855,exercise,1
261,1145,exercise,1
261,365,exercise,1
261,1852,exercise,1
261,2389,exercise,1
261,2041,exercise,1
261,554,exercise,1
261,573,exercise,1
261,2303,exercise,1
262,2072,exercise,1
262,2208,exercise,1
262,2170,exercise,1
262,2740,exercise,1
262,2119,exercise,1
262,2125,exercise,1
262,2166,exercise,1
262,2079,exercise,1
262,2003,exercise,1
262,2172,exercise,1
262,885,exercise,1
262,2031,exercise,1
262,2076,exercise,1
262,2067,exercise,1
262,2124,exercise,1
262,2178,exercise,1
262,2192,exercise,1
262,2131,exercise,1
262,2032,exercise,1
262,1730,exercise,1
263,576,exercise,1
263,1509,exercise,1
263,1623,exercise,1
263,235,exercise,1
263,1374,exercise,1
263,532,exercise,1
263,1747,exercise,1
263,2301,exercise,1
263,484,exercise,1
263,2298,exercise,1
263,277,exercise,1
263,964,exercise,1
263,594,exercise,1
263,2161,exercise,1
263,505,exercise,1
263,363,exercise,1
263,418,exercise,1
263,299,exercise,1
263,991,exercise,1
263,491,exercise,1
264,214,exercise,1
264,1621,exercise,1
264,413,exercise,1
264,1374,exercise,1
264,2317,exercise,1
264,2360,exercise,1
264,232,exercise,1
264,1597,exercise,1
264,614,exercise,1
264,619,exercise,1
264,603,exercise,1
264,2904,exercise,1
264,1015,exercise,1
264,2385,exercise,1
264,475,exercise,1
264,224,exercise,1
264,2178,exercise,1
264,277,exercise,1
264,1017,exercise,1
264,538,exercise,1
265,1260,exercise,1
265,864,exercise,1
265,2904,exercise,1
265,1190,exercise,1
265,228,exercise,1
265,2223,exercise,1
265,35,exercise,1
265,287,exercise,1
265,1789,exercise,1
265,1663,exercise,1
265,458,exercise,1
265,79,exercise,1
265,1311,exercise,1
265,1778,exercise,1
265,1011,exercise,1
265,1765,exercise,1
265,2418,exercise,1
265,428,exercise,1
265,1457,exercise,1
265,2320,exercise,1
266,2740,exercise,1
266,1730,exercise,1
266,2069,exercise,1
266,2072,exercise,1
266,2079,exercise,1
266,2077,exercise,1
266,2119,exercise,1
266,2160,exercise,1
266,150,exercise,1
266,350,exercise,1
266,2003,exercise,1
266,2192,exercise,1
266,2032,exercise,1
266,2067,exercise,1
266,2078,exercise,1
266,2135,exercise,1
266,2739,exercise,1
266,2176,exercise,1
266,2131,exercise,1
266,2166,exercise,1
267,1369,exercise,1
267,969,exercise,1
267,2734,exercise,1
267,1233,exercise,1
267,312,exercise,1
267,1013,exercise,1
267,2188,exercise,1
267,246,exercise,1
267,1242,exercise,1
267,853,exercise,1
267,496,exercise,1
267,1617,exercise,1
267,2200,exercise,1
267,467,exercise,1
267,365,exercise,1
267,2191,exercise,1
267,909,exercise,1
267,2264,exercise,1
267,985,exercise,1
267,503,exercise,1
268,1389,exercise,1
268,1527,exercise,1
268,2315,exercise,1
268,455,exercise,1
268,609,exercise,1
268,469,exercise,1
268,600,exercise,1
268,468,exercise,1
268,1382,exercise,1
268,2905,exercise,1
268,462,exercise,1
268,2276,exercise,1
268,483,exercise,1
268,509,exercise,1
268,1400,exercise,1
268,324,exercise,1
268,428,exercise,1
268,569,exercise,1
268,1514,exercise,1
268,489,exercise,1
269,350,exercise,1
269,2131,exercise,1
269,2172,exercise,1
269,2236,exercise,1
269,2032,exercise,1
269,2077,exercise,1
269,2166,exercise,1
269,2208,exercise,1
269,2739,exercise,1
269,2177,exercise,1
269,2031,exercise,1
269,1338,exercise,1
269,2001,exercise,1
269,994,exercise,1
269,2170,exercise,1
269,150,exercise,1
269,2176,exercise,1
269,2078,exercise,1
269,2076,exercise,1
269,2135,exercise,1
270,108,exercise,1
270,1659,exercise,1
270,340,exercise,1
270,2273,exercise,1
270,566,exercise,1
270,2378,exercise,1
270,2846,exercise,1
270,2241,exercise,1
270,1719,exercise,1
270,793,exercise,1
270,1784,exercise,1
270,2333,exercise,1
270,2261,exercise,1
270,580,exercise,1
270,710,exercise,1
270,838,exercise,1
270,997,exercise,1
270,135,exercise,1
270,1903,exercise,1
270,62,exercise,1
271,2241,exercise,1
271,693,exercise,1
271,601,exercise,1
271,604,exercise,1
271,321,exercise,1
271,548,exercise,1
271,2295,exercise,1
271,2399,exercise,1
271,1518,exercise,1
271,2333,exercise,1
271,991,exercise,1
271,2271,exercise,1
271,2225,exercise,1
271,271,exercise,1
271,2175,exercise,1
271,1397,exercise,1
271,2212,exercise,1
271,264,exercise,1
271,411,exercise,1
271,2334,exercise,1
272,272,exercise,1
272,989,exercise,1
272,2895,exercise,1
272,2206,exercise,1
272,266,exercise,1
272,2189,exercise,1
272,2890,exercise,1
272,286,exercise,1
272,574,exercise,1
272,1265,exercise,1
272,2296,exercise,1
272,2211,exercise,1
272,1373,exercise,1
272,1254,exercise,1
272,2340,exercise,1
272,529,exercise,1
272,2272,exercise,1
272,1278,exercise,1
272,300,exercise,1
272,2906,exercise,1
273,2217,exercise,1
273,2107,exercise,1
273,387,exercise,1
273,2371,exercise,1
273,480,exercise,1
273,776,exercise,1
273,2753,exercise,1
273,2571,exercise,1
273,571,exercise,1
273,1818,exercise,1
273,1914,exercise,1
273,1479,exercise,1
273,2103,exercise,1
273,104,exercise,1
273,772,exercise,1
273,2157,exercise,1
273,2801,exercise,1
273,878,exercise,1
273,2189,exercise,1
273,388,exercise,1
274,1516,exercise,1
274,521,exercise,1
274,439,exercise,1
274,372,exercise,1
274,419,exercise,1
274,2316,exercise,1
274,2139,exercise,1
274,360,exercise,1
274,2905,exercise,1
274,2182,exercise,1
274,2755,exercise,1
274,513,exercise,1
274,2171,exercise,1
274,2175,exercise,1
274,275,exercise,1
274,542,exercise,1
274,1612,exercise,1
274,498,exercise,1
274,525,exercise,1
274,487,exercise,1
275,215,exercise,1
275,1942,exercise,1
275,1414,exercise,1
275,1421,exercise,1
275,2084,exercise,1
275,1279,exercise,1
275,780,exercise,1
275,498,exercise,1
275,555,exercise,1
275,875,exercise,1
275,15,exercise,1
275,1106,exercise,1
275,51,exercise,1
275,2196,exercise,1
275,2359,exercise,1
275,2378,exercise,1
275,2574,exercise,1
275,25,exercise,1
275,2875,exercise,1
275,2356,exercise,1
276,946,exercise,1
276,2773,exercise,1
276,2269,exercise,1
276,2115,exercise,1
276,1900,exercise,1
276,2059,exercise,1
276,340,exercise,1
276,2832,exercise,1
276,2828,exercise,1
276,27,exercise,1
276,1067,exercise,1
276,2574,exercise,1
276,1228,exercise,1
276,2912,exercise,1
276,2616,exercise,1
276,900,exercise,1
276,206,exercise,1
276,799,exercise,1
276,628,exercise,1
276,238,exercise,1
277,2160,exercise,1
277,885,exercise,1
277,2032,exercise,1
277,2739,exercise,1
277,2135,exercise,1
277,2124,exercise,1
277,2172,exercise,1
277,2125,exercise,1
277,2236,exercise,1
277,2067,exercise,1
277,2208,exercise,1
277,350,exercise,1
277,994,exercise,1
277,2076,exercise,1
277,1730,exercise,1
277,150,exercise,1
277,2079,exercise,1
277,2166,exercise,1
277,2170,exercise,1
277,2003,exercise,1
278,2166,exercise,1
278,885,exercise,1
278,1730,exercise,1
278,2125,exercise,1
278,2067,exercise,1
278,2069,exercise,1
278,2177,exercise,1
278,2072,exercise,1
278,2172,exercise,1
278,2739,exercise,1
278,2168,exercise,1
278,2076,exercise,1
278,2119,exercise,1
278,2170,exercise,1
278,2032,exercise,1
278,2135,exercise,1
278,2077,exercise,1
278,150,exercise,1
278,2740,exercise,1
278,2236,exercise,1
279,2172,exercise,1
279,2739,exercise,1
279,2076,exercise,1
279,2236,exercise,1
279,2125,exercise,1
279,350,exercise,1
279,994,exercise,1
279,2124,exercise,1
279,2166,exercise,1
279,2131,exercise,1
279,2079,exercise,1
279,885,exercise,1
279,2078,exercise,1
279,2192,exercise,1
279,2032,exercise,1
279,2001,exercise,1
279,1338,exercise,1
279,2208,exercise,1
279,2031,exercise,1
279,1730,exercise,1
280,2886,exercise,1
280,2637,exercise,1
280,2354,exercise,1
280,2456,exercise,1
280,2359,exercise,1
280,2338,exercise,1
280,776,exercise,1
280,2866,exercise,1
280,1018,exercise,1
280,1286,exercise,1
280,833,exercise,1
280,7,exercise,1
280,501,exercise,1
280,100,exercise,1
280,2223,exercise,1
280,503,exercise,1
280,902,exercise,1
280,2908,exercise,1
280,1927,exercise,1
280,1924,exercise,1
281,1526,exercise,1
281,1616,exercise,1
281,2628,exercise,1
281,926,exercise,1
281,47,exercise,1
281,866,exercise,1
281,1248,exercise,1
281,1112,exercise,1
281,292,exercise,1
281,1413,exercise,1
281,1357,exercise,1
281,2396,exercise,1
281,2585,exercise,1
281,1481,exercise,1
281,26,exercise,1
281,486,exercise,1
281,1548,exercise,1
281,1585,exercise,1
281,1854,exercise,1
281,2684,exercise,1
282,350,exercise,1
282,2069,exercise,1
282,2072,exercise,1
282,2135,exercise,1
282,2172,exercise,1
282,2067,exercise,1
282,2208,exercise,1
282,2078,exercise,1
282,2176,exercise,1
282,2170,exercise,1
282,2740,exercise,1
282,2131,exercise,1
282,1338,exercise,1
282,2192,exercise,1
282,2160,exercise,1
282,994,exercise,1
282,885,exercise,1
282,2124,exercise,1
282,2168,exercise,1
282,2003,exercise,1
283,994,exercise,1
283,2739,exercise,1
283,2125,exercise,1
283,2131,exercise,1
283,2119,exercise,1
283,2192,exercise,1
283,150,exercise,1
283,2001,exercise,1
283,2124,exercise,1
283,2135,exercise,1
283,2067,exercise,1
283,2069,exercise,1
283,885,exercise,1
283,1338,exercise,1
283,2031,exercise,1
283,2176,exercise,1
283,2236,exercise,1
283,2003,exercise,1
283,2077,exercise,1
283,2168,exercise,1
284,2806,exercise,1
284,495,exercise,1
284,1415,exercise,1
284,1442,exercise,1
284,131,exercise,1
284,1191,exercise,1
284,1916,exercise,1
284,372,exercise,1
284,2356,exercise,1
284,1038,exercise,1
284,1710,exercise,1
284,2108,exercise,1
284,1367,exercise,1
284,943,exercise,1
284,2483,exercise,1
284,1393,exercise,1
284,759,exercise,1
284,478,exercise,1
284,1731,exercise,1
284,157,exercise,1
285,396,exercise,1
285,2068,exercise,1
285,2393,exercise,1
285,104,exercise,1
285,2297,exercise,1
285,2369,exercise,1
285,650,exercise,1
285,820,exercise,1
285,1565,exercise,1
285,2301,exercise,1
285,2477,exercise,1
285,1425,exercise,1
285,1495,exercise,1
285,603,exercise,1
285,419,exercise,1
285,2456,exercise,1
285,563,exercise,1
285,894,exercise,1
285,153,exercise,1
285,2210,exercise,1
286,2902,exercise,1
286,423,exercise,1
286,194,exercise,1
286,1386,exercise,1
286,276,exercise,1
286,364,exercise,1
286,1600,exercise,1
286,2352,exercise,1
286,280,exercise,1
286,397,exercise,1
286,2899,exercise,1
286,1389,exercise,1
286,232,exercise,1
286,615,exercise,1
286,1510,exercise,1
286,603,exercise,1
286,587,exercise,1
286,1263,exercise,1
286,1243,exercise,1
286,1517,exercise,1
287,426,exercise,1
287,1044,exercise,1
287,491,exercise,1
287,508,exercise,1
287,1046,exercise,1
287,420,exercise,1
287,217,exercise,1
287,2885,exercise,1
287,395,exercise,1
287,609,exercise,1
287,1748,exercise,1
287,1402,exercise,1
287,1041,exercise,1
287,475,exercise,1
287,1249,exercise,1
287,995,exercise,1
287,543,exercise,1
287,332,exercise,1
287,1399,exercise,1
287,1624,exercise,1
288,2177,exercise,1
288,994,exercise,1
288,2031,exercise,1
288,350,exercise,1
288,2078,exercise,1
288,2740,exercise,1
288,2135,exercise,1
288,2208,exercise,1
288,2739,exercise,1
288,2072,exercise,1
288,2176,exercise,1
288,885,exercise,1
288,2076,exercise,1
288,2170,exercise,1
288,1730,exercise,1
288,2172,exercise,1
288,2168,exercise,1
288,2131,exercise,1
288,2125,exercise,1
288,2119,exercise,1
289,591,exercise,1
289,346,exercise,1
289,2349,exercise,1
289,455,exercise,1
289,376,exercise,1
289,2355,exercise,1
289,385,exercise,1
289,2329,exercise,1
289,1385,exercise,1
289,2359,exercise,1
289,912,exercise,1
289,696,exercise,1
289,480,exercise,1
289,1014,exercise,1
289,2140,exercise,1
289,2209,exercise,1
289,566,exercise,1
289,1604,exercise,1
289,1528,exercise,1
289,2336,exercise,1
290,247,exercise,1
290,319,exercise,1
290,2369,exercise,1
290,417,exercise,1
290,1777,exercise,1
290,2376,exercise,1
290,2340,exercise,1
290,535,exercise,1
290,1247,exercise,1
290,1744,exercise,1
290,446,exercise,1
290,2748,exercise,1
290,396,exercise,1
290,2226,exercise,1
290,405,exercise,1
290,1528,exercise,1
290,333,exercise,1
290,1376,exercise,1
290,2352,exercise,1
290,2227,exercise,1
291,2172,exercise,1
291,2078,exercise,1
291,2739,exercise,1
291,2067,exercise,1
291,2236,exercise,1
291,2072,exercise,1
291,885,exercise,1
291,2208,exercise,1
291,2001,exercise,1
291,2160,exercise,1
291,2124,exercise,1
291,2076,exercise,1
291,2166,exercise,1
291,2168,exercise,1
291,2176,exercise,1
291,2031,exercise,1
291,2740,exercise,1
291,2077,exercise,1
291,2192,exercise,1
291,350,exercise,1
292,2794,exercise,1
292,2810,exercise,1
292,2215,exercise,1
292,1487,exercise,1
292,2606,exercise,1
292,416,exercise,1
292,2080,exercise,1
292,761,exercise,1
292,1414,exercise,1
292,1883,exercise,1
292,300,exercise,1
292,2819,exercise,1
292,462,exercise,1
292,2811,exercise,1
292,1745,exercise,1
292,1502,exercise,1
292,2355,exercise,1
292,266,exercise,1
292,388,exercise,1
292,953,exercise,1
293,2717,exercise,1
293,1,exercise,1
293,617,exercise,1
293,630,exercise,1
293,2112,exercise,1
293,2509,exercise,1
293,1293,exercise,1
293,1795,exercise,1
293,2894,exercise,1
293,2706,exercise,1
293,2088,exercise,1
293,842,exercise,1
293,890,exercise,1
293,1450,exercise,1
293,1355,exercise,1
293,2686,exercise,1
293,1402,exercise,1
293,2039,exercise,1
293,1594,exercise,1
293,383,exercise,1
294,150,exercise,1
294,2236,exercise,1
294,2170,exercise,1
294,2031,exercise,1
294,2176,exercise,1
294,2032,exercise,1
294,350,exercise,1
294,2069,exercise,1
294,2119,exercise,1
294,2177,exercise,1
294,2740,exercise,1
294,2160,exercise,1
294,2172,exercise,1
294,2192,exercise,1
294,994,exercise,1
294,1338,exercise,1
294,2178,exercise,1
294,2208,exercise,1
294,2001,exercise,1
294,2125,exercise,1
295,2131,exercise,1
295,2168,exercise,1
295,2170,exercise,1
295,2739,exercise,1
295,2076,exercise,1
295,2119,exercise,1
295,2001,exercise,1
295,2135,exercise,1
295,1730,exercise,1
295,2078,exercise,1
295,1338,exercise,1
295,2177,exercise,1
295,2178,exercise,1
295,2072,exercise,1
295,2069,exercise,1
295,994,exercise,1
295,2077,exercise,1
295,2124,exercise,1
295,2166,exercise,1
295,2160,exercise,1
296,308,exercise,1
296,65,exercise,1
296,606,exercise,1
296,2314,exercise,1
296,2038,exercise,1
296,573,exercise,1
296,363,exercise,1
296,579,exercise,1
296,1925,exercise,1
296,2136,exercise,1
296,2845,exercise,1
296,1967,exercise,1
296,776,exercise,1
296,2118,exercise,1
296,2407,exercise,1
296,1970,exercise,1
296,2608,exercise,1
296,2110,exercise,1
296,1777,exercise,1
296,1650,exercise,1
297,801,exercise,1
297,1963,exercise,1
297,2846,exercise,1
297,31,exercise,1
297,2706,exercise,1
297,2361,exercise,1
297,1034,exercise,1
297,2376,exercise,1
297,1181,exercise,1
297,1903,exercise,1
297,2570,exercise,1
297,2699,exercise,1
297,1691,exercise,1
297,139,exercise,1
297,158,exercise,1
297,2678,exercise,1
297,2309,exercise,1
297,1704,exercise,1
297,483,exercise,1
297,2735,exercise,1
298,349,exercise,1
298,476,exercise,1
298,1241,exercise,1
298,2348,exercise,1
298,2891,exercise,1
298,346,exercise,1
298,2904,exercise,1
298,367,exercise,1
298,988,exercise,1
298,2363,exercise,1
298,345,exercise,1
298,1389,exercise,1
298,294,exercise,1
298,1621,exercise,1
298,208,exercise,1
298,2369,exercise,1
298,2336,exercise,1
298,2896,exercise,1
298,1606,exercise,1
298,2269,exercise,1
299,1272,exercise,1
299,1261,exercise,1
299,529,exercise,1
299,258,exercise,1
299,1372,exercise,1
299,1019,exercise,1
299,311,exercise,1
299,2365,exercise,1
299,532,exercise,1
299,291,exercise,1
299,1266,exercise,1
299,241,exercise,1
299,1256,exercise,1
299,2388,exercise,1
299,354,exercise,1
299,450,exercise,1
299,2883,exercise,1
299,347,exercise,1
299,1246,exercise,1
299,1009,exercise,1
300,2895,exercise,1
300,1245,exercise,1
300,1211,exercise,1
300,1122,exercise,1
300,59,exercise,1
300,473,exercise,1
300,2843,exercise,1
300,755,exercise,1
300,2791,exercise,1
300,638,exercise,1
300,2086,exercise,1
300,1702,exercise,1
300,758,exercise,1
300,1140,exercise,1
300,1032,exercise,1
300,2319,exercise,1
300,785,exercise,1
300,2505,exercise,1
300,138,exercise,1
300,1590,exercise,1
301,611,exercise,1
301,2808,exercise,1
301,650,exercise,1
301,2352,exercise,1
301,1912,exercise,1
301,1764,exercise,1
301,1039,exercise,1
301,2052,exercise,1
301,725,exercise,1
301,920,exercise,1
301,2705,exercise,1
301,1589,exercise,1
301,234,exercise,1
301,1152,exercise,1
301,492,exercise,1
301,220,exercise,1
301,731,exercise,1
301,2231,exercise,1
301,1863,exercise,1
301,2283,exercise,1
302,2371,exercise,1
302,964,exercise,1
302,2173,exercise,1
302,2194,exercise,1
302,2367,exercise,1
302,1023,exercise,1
302,483,exercise,1
302,2286,exercise,1
302,210,exercise,1
302,1260,exercise,1
302,2315,exercise,1
302,2178,exercise,1
302,1396,exercise,1
302,270,exercise,1
302,385,exercise,1
302,2128,exercise,1
302,2292,exercise,1
302,1233,exercise,1
302,1612,exercise,1
302,1045,exercise,1
303,387,exercise,1
303,1008,exercise,1
303,2197,exercise,1
303,2340,exercise,1
303,981,exercise,1
303,585,exercise,1
303,2897,exercise,1
303,1609,exercise,1
303,554,exercise,1
303,1391,exercise,1
303,207,exercise,1
303,203,exercise,1
303,325,exercise,1
303,210,exercise,1
303,2238,exercise,1
303,391,exercise,1
303,403,exercise,1
303,2322,exercise,1
303,2126,exercise,1
303,694,exercise,1
304,2124,exercise,1
304,2079,exercise,1
304,2072,exercise,1
304,885,exercise,1
304,150,exercise,1
304,2125,exercise,1
304,2208,exercise,1
304,350,exercise,1
304,2178,exercise,1
304,2135,exercise,1
304,2001,exercise,1
304,2172,exercise,1
304,2131,exercise,1
304,994,exercise,1
304,2170,exercise,1
304,2192,exercise,1
304,2069,exercise,1
304,1730,exercise,1
304,2076,exercise,1
304,2067,exercise,1
305,2069,exercise,1
305,2079,exercise,1
305,2124,exercise,1
305,2178,exercise,1
305,2135,exercise,1
305,2208,exercise,1
305,885,exercise,1
305,2131,exercise,1
305,2077,exercise,1
305,2031,exercise,1
305,2168,exercise,1
305,2076,exercise,1
305,2160,exercise,1
305,2192,exercise,1
305,2067,exercise,1
305,2236,exercise,1
305,2739,exercise,1
305,150,exercise,1
305,2172,exercise,1
305,2177,exercise,1
306,2191,exercise,1
306,1599,exercise,1
306,309,exercise,1
306,1014,exercise,1
306,1028,exercise,1
306,550,exercise,1
306,2298,exercise,1
306,328,exercise,1
306,2403,exercise,1
306,596,exercise,1
306,2200,exercise,1
306,551,exercise,1
306,408,exercise,1
306,480,exercise,1
306,2279,exercise,1
306,692,exercise,1
306,405,exercise,1
306,2314,exercise,1
306,1024,exercise,1
306,399,exercise,1
307,313,exercise,1
307,303,exercise,1
307,2679,exercise,1
307,1091,exercise,1
307,2083,exercise,1
307,77,exercise,1
307,2359,exercise,1
307,628,exercise,1
307,4,exercise,1
307,157,exercise,1
307,1797,exercise,1
307,1168,exercise,1
307,639,exercise,1
307,1505,exercise,1
307,1807,exercise,1
307,2707,exercise,1
307,17,exercise,1
307,2453,exercise,1
307,2343,exercise,1
307,2292,exercise,1
308,2223,exercise,1
308,329,exercise,1
308,854,exercise,1
308,192,exercise,1
308,2183,exercise,1
308,2383,exercise,1
308,434,exercise,1
308,2131,exercise,1
308,1600,exercise,1
308,1370,exercise,1
308,2216,exercise,1
308,299,exercise,1
308,371,exercise,1
308,2144,exercise,1
308,1614,exercise,1
308,353,exercise,1
308,2351,exercise,1
308,1268,exercise,1
308,606,exercise,1
308,552,exercise,1
309,885,exercise,1
309,2168,exercise,1
309,2072,exercise,1
309,2125,exercise,1
309,2160,exercise,1
309,2236,exercise,1
309,2177,exercise,1
309,994,exercise,1
309,2131,exercise,1
309,2192,exercise,1
309,2069,exercise,1
309,2078,exercise,1
309,2740,exercise,1
309,2172,exercise,1
309,2077,exercise,1
309,2208,exercise,1
309,2076,exercise,1
309,2178,exercise,1
309,2170,exercise,1
309,2176,exercise,1
310,2078,exercise,1
310,2208,exercise,1
310,2168,exercise,1
310,1338,exercise,1
310,2170,exercise,1
310,2119,exercise,1
310,2131,exercise,1
310,2032,exercise,1
310,2740,exercise,1
310,2178,exercise,1
310,2077,exercise,1
310,150,exercise,1
310,350,exercise,1
310,2067,exercise,1
310,2160,exercise,1
310,2124,exercise,1
310,2177,exercise,1
310,2001,exercise,1
310,2069,exercise,1
310,2079,exercise,1
311,2739,exercise,1
311,2178,exercise,1
311,2032,exercise,1
311,2077,exercise,1
311,2740,exercise,1
311,885,exercise,1
311,350,exercise,1
311,2166,exercise,1
311,1338,exercise,1
311,2078,exercise,1
311,2131,exercise,1
311,150,exercise,1
311,2170,exercise,1
311,2125,exercise,1
311,2177,exercise,1
311,2208,exercise,1
311,2072,exercise,1
311,2176,exercise,1
311,2076,exercise,1
311,2192,exercise,1
312,385,exercise,1
312,2330,exercise,1
312,535,exercise,1
312,316,exercise,1
312,403,exercise,1
312,419,exercise,1
312,2414,exercise,1
312,689,exercise,1
312,315,exercise,1
312,601,exercise,1
312,2268,exercise,1
312,1608,exercise,1
312,2219,exercise,1
312,1517,exercise,1
312,433,exercise,1
312,473,exercise,1
312,1521,exercise,1
312,682,exercise,1
312,279,exercise,1
312,548,exercise,1
313,315,exercise,1
313,433,exercise,1
313,1046,exercise,1
313,475,exercise,1
313,2246,exercise,1
313,530,exercise,1
313,2153,exercise,1
313,523,exercise,1
313,2294,exercise,1
313,984,exercise,1
313,269,exercise,1
313,459,exercise,1
313,390,exercise,1
313,2166,exercise,1
313,509,exercise,1
313,218,exercise,1
313,2408,exercise,1
313,353,exercise,1
313,199,exercise,1
313,200,exercise,1
314,382,exercise,1
314,2800,exercise,1
314,1259,exercise,1
314,1926,exercise,1
314,2270,exercise,1
314,536,exercise,1
314,892,exercise,1
314,603,exercise,1
314,1188,exercise,1
314,2475,exercise,1
314,2101,exercise,1
314,1908,exercise,1
314,1044,exercise,1
314,754,exercise,1
314,2870,exercise,1
314,157,exercise,1
314,2825,exercise,1
314,781,exercise,1
314,2380,exercise,1
314,2894,exercise,1
315,1361,exercise,1
315,1607,exercise,1
315,1939,exercise,1
315,19,exercise,1
315,2617,exercise,1
315,1030,exercise,1
315,827,exercise,1
315,498,exercise,1
315,2504,exercise,1
315,408,exercise,1
315,2908,exercise,1
315,1670,exercise,1
315,2543,exercise,1
315,2399,exercise,1
315,956,exercise,1
315,2230,exercise,1
315,904,exercise,1
315,1227,exercise,1
315,229,exercise,1
315,838,exercise,1
316,630,exercise,1
316,2264,exercise,1
316,2358,exercise,1
316,762,exercise,1
316,688,exercise,1
316,179,exercise,1
316,232,exercise,1
316,1679,exercise,1
316,1264,exercise,1
316,911,exercise,1
316,2017,exercise,1
316,1094,exercise,1
316,1528,exercise,1
316,2899,exercise,1
316,2113,exercise,1
316,181,exercise,1
316,446,exercise,1
316,220,exercise,1
316,2548,exercise,1
316,765,exercise,1
317,121,exercise,1
317,2307,exercise,1
317,2436,exercise,1
317,492,exercise,1
317,305,exercise,1
317,1028,exercise,1
317,2074,exercise,1
317,2796,exercise,1
317,2713,exercise,1
317,1490,exercise,1
317,1940,exercise,1
317,856,exercise,1
317,1489,exercise,1
317,1007,exercise,1
317,468,exercise,1
317,1499,exercise,1
317,1002,exercise,1
317,420,exercise,1
317,1043,exercise,1
317,1919,exercise,1
318,1726,exercise,1
318,961,exercise,1
318,316,exercise,1
318,2250,exercise,1
318,2752,exercise,1
318,2305,exercise,1
318,234,exercise,1
318,2035,exercise,1
318,610,exercise,1
318,943,exercise,1
318,2866,exercise,1
318,2122,exercise,1
318,769,exercise,1
318,1783,exercise,1
318,1717,exercise,1
318,577,exercise,1
318,2203,exercise,1
318,840,exercise,1
318,1662,exercise,1
318,1189,exercise,1
319,1547,exercise,1
319,538,exercise,1
319,133,exercise,1
319,2666,exercise,1
319,259,exercise,1
319,1244,exercise,1
319,576,exercise,1
319,472,exercise,1
319,2225,exercise,1
319,2196,exercise,1
319,1937,exercise,1
319,741,exercise,1
319,1583,exercise,1
319,958,exercise,1
319,1326,exercise,1
319,2857,exercise,1
319,670,exercise,1
319,2889,exercise,1
319,742,exercise,1
319,2721,exercise,1
320,2077,exercise,1
320,1730,exercise,1
320,2172,exercise,1
320,2208,exercise,1
320,2176,exercise,1
320,2001,exercise,1
320,2124,exercise,1
320,2078,exercise,1
320,2236,exercise,1
320,2740,exercise,1
320,2031,exercise,1
320,150,exercise,1
320,2076,exercise,1
320,2003,exercise,1
320,2135,exercise,1
320,2125,exercise,1
320,994,exercise,1
320,2739,exercise,1
320,2069,exercise,1
320,2177,exercise,1
321,276,exercise,1
321,268,exercise,1
321,2359,exercise,1
321,2740,exercise,1
321,254,exercise,1
321,2267,exercise,1
321,2203,exercise,1
321,2377,exercise,1
321,386,exercise,1
321,2322,exercise,1
321,2410,exercise,1
321,978,exercise,1
321,356,exercise,1
321,211,exercise,1
321,2228,exercise,1
321,690,exercise,1
321,463,exercise,1
321,2137,exercise,1
321,1281,exercise,1
321,982,exercise,1
322,1730,exercise,1
322,350,exercise,1
322,2192,exercise,1
322,2125,exercise,1
322,2740,exercise,1
322,2160,exercise,1
322,2077,exercise,1
322,2176,exercise,1
322,2124,exercise,1
322,2166,exercise,1
322,2172,exercise,1
322,150,exercise,1
322,2177,exercise,1
322,2178,exercise,1
322,1338,exercise,1
322,2131,exercise,1
322,2079,exercise,1
322,2003,exercise,1
322,994,exercise,1
322,2067,exercise,1
323,1338,exercise,1
323,2168,exercise,1
323,2135,exercise,1
323,885,exercise,1
323,2032,exercise,1
323,2076,exercise,1
323,2739,exercise,1
323,2031,exercise,1
323,2160,exercise,1
323,2125,exercise,1
323,2119,exercise,1
323,2124,exercise,1
323,2001,exercise,1
323,2236,exercise,1
323,2208,exercise,1
323,2172,exercise,1
323,2079,exercise,1
323,2177,exercise,1
323,994,exercise,1
323,2740,exercise,1
324,471,exercise,1
324,1763,exercise,1
324,1685,exercise,1
324,2225,exercise,1
324,2908,exercise,1
324,170,exercise,1
324,1688,exercise,1
324,757,exercise,1
324,2621,exercise,1
324,289,exercise,1
324,2629,exercise,1
324,886,exercise,1
324,583,exercise,1
324,1535,exercise,1
324,1042,exercise,1
324,2555,exercise,1
324,485,exercise,1
324,2292,exercise,1
324,2735,exercise,1
324,922,exercise,1
325,2077,exercise,1
325,2131,exercise,1
325,2160,exercise,1
325,2119,exercise,1
325,2079,exercise,1
325,2135,exercise,1
325,2076,exercise,1
325,2031,exercise,1
325,350,exercise,1
325,885,exercise,1
325,2069,exercise,1
325,2168,exercise,1
325,2740,exercise,1
325,2078,exercise,1
325,2192,exercise,1
325,2032,exercise,1
325,2067,exercise,1
325,994,exercise,1
325,2236,exercise,1
325,2003,exercise,1
326,2166,exercise,1
326,1338,exercise,1
326,2072,exercise,1
326,2178,exercise,1
326,885,exercise,1
326,2192,exercise,1
326,2236,exercise,1
326,1730,exercise,1
326,2032,exercise,1
326,2208,exercise,1
326,994,exercise,1
326,2176,exercise,1
326,2031,exercise,1
326,2168,exercise,1
326,2739,exercise,1
326,2135,exercise,1
326,2076,exercise,1
326,2078,exercise,1
326,350,exercise,1
326,2177,exercise,1
327,2249,exercise,1
327,456,exercise,1
327,2366,exercise,1
327,1741,exercise,1
327,2256,exercise,1
327,2305,exercise,1
327,229,exercise,1
327,1266,exercise,1
327,573,exercise,1
327,314,exercise,1
327,231,exercise,1
327,961,exercise,1
327,2897,exercise,1
327,1605,exercise,1
327,2239,exercise,1
327,1742,exercise,1
327,1528,exercise,1
327,2405,exercise,1
327,2320,exercise,1
327,2346,exercise,1
328,456,exercise,1
328,1377,exercise,1
328,537,exercise,1
328,1018,exercise,1
328,856,exercise,1
328,2387,exercise,1
328,2157,exercise,1
328,1259,exercise,1
328,282,exercise,1
328,489,exercise,1
328,2119,exercise,1
328,1251,exercise,1
328,2329,exercise,1
328,526,exercise,1
328,515,exercise,1
328,1263,exercise,1
328,565,exercise,1
328,551,exercise,1
328,503,exercise,1
328,520,exercise,1
329,495,exercise,1
329,171,exercise,1
329,1450,exercise,1
329,2692,exercise,1
329,535,exercise,1
329,2055,exercise,1
329,1136,exercise,1
329,1702,exercise,1
329,795,exercise,1
329,888,exercise,1
329,2636,exercise,1
329,144,exercise,1
329,1452,exercise,1
329,1584,exercise,1
329,622,exercise,1
329,1727,exercise,1
329,2106,exercise,1
329,2557,exercise,1
329,710,exercise,1
329,2531,exercise,1
330,434,exercise,1
330,237,exercise,1
330,2224,exercise,1
330,2730,exercise,1
330,483,exercise,1
330,2334,exercise,1
330,1508,exercise,1
330,505,exercise,1
330,194,exercise,1
330,2747,exercise,1
330,1596,exercise,1
330,1274,exercise,1
330,2366,exercise,1
330,1262,exercise,1
330,487,exercise,1
330,2312,exercise,1
330,1621,exercise,1
330,418,exercise,1
330,2389,exercise,1
330,270,exercise,1
331,2589,exercise,1
331,495,exercise,1
331,1414,exercise,1
331,103,exercise,1
331,1865,exercise,1
331,2902,exercise,1
331,960,exercise,1
331,2083,exercise,1
331,1651,exercise,1
331,395,exercise,1
331,1491,exercise,1
331,237,exercise,1
331,2860,exercise,1
331,840,exercise,1
331,2734,exercise,1
331,2500,exercise,1
331,974,exercise,1
331,1233,exercise,1
331,847,exercise,1
331,93,exercise,1
332,2538,exercise,1
332,2081,exercise,1
332,374,exercise,1
332,2418,exercise,1
332,1825,exercise,1
332,837,exercise,1
332,2329,exercise,1
332,1455,exercise,1
332,2840,exercise,1
332,2848,exercise,1
332,2417,exercise,1
332,241,exercise,1
332,1666,exercise,1
332,1844,exercise,1
332,622,exercise,1
332,1983,exercise,1
332,1708,exercise,1
332,1784,exercise,1
332,1721,exercise,1
332,50,exercise,1
333,1624,exercise,1
333,1777,exercise,1
333,1380,exercise,1
333,2308,exercise,1
333,365,exercise,1
333,679,exercise,1
333,2305,exercise,1
333,2247,exercise,1
333,2302,exercise,1
333,1260,exercise,1
333,521,exercise,1
333,2264,exercise,1
333,2244,exercise,1
333,471,exercise,1
333,362,exercise,1
333,483,exercise,1
333,615,exercise,1
333,1377,exercise,1
333,2383,exercise,1
333,1611,exercise,1
334,2787,exercise,1
334,1727,exercise,1
334,379,exercise,1
334,28,exercise,1
334,1898,exercise,1
334,1200,exercise,1
334,1918,exercise,1
334,756,exercise,1
334,2609,exercise,1
334,2211,exercise,1
334,2659,exercise,1
334,577,exercise,1
334,858,exercise,1
334,801,exercise,1
334,1758,exercise,1
334,1289,exercise,1
334,2614,exercise,1
334,2342,exercise,1
334,176,exercise,1
334,1390,exercise,1
335,2125,exercise,1
335,2208,exercise,1
335,2178,exercise,1
335,2077,exercise,1
335,150,exercise,1
335,2170,exercise,1
335,2192,exercise,1
335,1338,exercise,1
335,2031,exercise,1
335,2032,exercise,1
335,2131,exercise,1
335,2168,exercise,1
335,2078,exercise,1
335,994,exercise,1
335,2166,exercise,1
335,2236,exercise,1
335,2001,exercise,1
335,2076,exercise,1
335,2135,exercise,1
335,2739,exercise,1
336,505,exercise,1
336,1224,exercise,1
336,2340,exercise,1
336,288,exercise,1
336,2822,exercise,1
336,1669,exercise,1
336,2719,exercise,1
336,2289,exercise,1
336,2649,exercise,1
336,2036,exercise,1
336,1126,exercise,1
336,2270,exercise,1
336,506,exercise,1
336,1716,exercise,1
336,2426,exercise,1
336,2708,exercise,1
336,72,exercise,1
336,1137,exercise,1
336,710,exercise,1
336,2752,exercise,1
337,615,exercise,1
337,1464,exercise,1
337,2206,exercise,1
337,571,exercise,1
337,1651,exercise,1
337,708,exercise,1
337,227,exercise,1
337,1195,exercise,1
337,1667,exercise,1
337,1942,exercise,1
337,1646,exercise,1
337,203,exercise,1
337,1284,exercise,1
337,1300,exercise,1
337,2502,exercise,1
337,331,exercise,1
337,2445,exercise,1
337,839,exercise,1
337,795,exercise,1
337,406,exercise,1
338,2067,exercise,1
338,2131,exercise,1
338,2739,exercise,1
338,2125,exercise,1
338,2031,exercise,1
338,2135,exercise,1
338,2160,exercise,1
338,2177,exercise,1
338,2069,exercise,1
338,994,exercise,1
338,2119,exercise,1
338,2124,exercise,1
338,2172,exercise,1
338,1338,exercise,1
338,150,exercise,1
338,2076,exercise,1
338,885,exercise,1
338,2740,exercise,1
338,1730,exercise,1
338,2032,exercise,1
339,1614,exercise,1
339,519,exercise,1
339,395,exercise,1
339,684,exercise,1
339,502,exercise,1
339,2738,exercise,1
339,690,exercise,1
339,571,exercise,1
339,2909,exercise,1
339,419,exercise,1
339,2250,exercise,1
339,2339,exercise,1
339,342,exercise,1
339,424,exercise,1
339,454,exercise,1
339,221,exercise,1
339,2391,exercise,1
339,2120,exercise,1
339,1398,exercise,1
339,2149,exercise,1
340,2060,exercise,1
340,2816,exercise,1
340,2475,exercise,1
340,1573,exercise,1
340,745,exercise,1
340,1395,exercise,1
340,119,exercise,1
340,502,exercise,1
340,968,exercise,1
340,544,exercise,1
340,600,exercise,1
340,991,exercise,1
340,1412,exercise,1
340,530,exercise,1
340,912,exercise,1
340,554,exercise,1
340,337,exercise,1
340,1976,exercise,1
340,475,exercise,1
340,334,exercise,1
341,2304,exercise,1
341,1990,exercise,1
341,177,exercise,1
341,845,exercise,1
341,458,exercise,1
341,136,exercise,1
341,2430,exercise,1
341,2798,exercise,1
341,257,exercise,1
341,2242,exercise,1
341,504,exercise,1
341,1106,exercise,1
341,180,exercise,1
341,286,exercise,1
341,1363,exercise,1
341,43,exercise,1
341,417,exercise,1
341,531,exercise,1
341,2849,exercise,1
341,897,exercise,1
342,2072,exercise,1
342,2069,exercise,1
342,2160,exercise,1
342,350,exercise,1
342,885,exercise,1
342,1338,exercise,1
342,2176,exercise,1
342,2166,exercise,1
342,2031,exercise,1
342,2124,exercise,1
342,2739,exercise,1
342,2168,exercise,1
342,1730,exercise,1
342,2079,exercise,1
342,2125,exercise,1
342,2078,exercise,1
342,994,exercise,1
342,2192,exercise,1
342,2067,exercise,1
342,2177,exercise,1
343,2076,exercise,1
343,2072,exercise,1
343,2124,exercise,1
343,2067,exercise,1
343,2177,exercise,1
343,2168,exercise,1
343,2119,exercise,1
343,150,exercise,1
343,2166,exercise,1
343,994,exercise,1
343,2001,exercise,1
343,2079,exercise,1
343,2160,exercise,1
343,2078,exercise,1
343,2069,exercise,1
343,2170,exercise,1
343,2739,exercise,1
343,350,exercise,1
343,2077,exercise,1
343,2172,exercise,1
344,2173,exercise,1
344,2264,exercise,1
344,676,exercise,1
344,2886,exercise,1
344,858,exercise,1
344,2230,exercise,1
344,417,exercise,1
344,1393,exercise,1
344,439,exercise,1
344,2350,exercise,1
344,411,exercise,1
344,2897,exercise,1
344,464,exercise,1
344,2411,exercise,1
344,2135,exercise,1
344,1265,exercise,1
344,269,exercise,1
344,354,exercise,1
344,1596,exercise,1
344,2732,exercise,1
345,1771,exercise,1
345,1258,exercise,1
345,2167,exercise,1
345,2829,exercise,1
345,1431,exercise,1
345,2070,exercise,1
345,987,exercise,1
345,2601,exercise,1
345,1889,exercise,1
345,1287,exercise,1
345,1976,exercise,1
345,814,exercise,1
345,300,exercise,1
345,2269,exercise,1
345,1693,exercise,1
345,775,exercise,1
345,53,exercise,1
345,2347,exercise,1
345,448,exercise,1
345,1851,exercise,1
346,2903,exercise,1
346,360,exercise,1
346,430,exercise,1
346,479,exercise,1
346,2204,exercise,1
346,2216,exercise,1
346,394,exercise,1
346,531,exercise,1
346,318,exercise,1
346,2140,exercise,1
346,593,exercise,1
346,1611,exercise,1
346,596,exercise,1
346,2223,exercise,1
346,437,exercise,1
346,971,exercise,1
346,2279,exercise,1
346,2744,exercise,1
346,1248,exercise,1
346,1237,exercise,1
347,2170,exercise,1
347,2160,exercise,1
347,2192,exercise,1
347,2740,exercise,1
347,2078,exercise,1
347,2079,exercise,1
347,2031,exercise,1
347,1338,exercise,1
347,2168,exercise,1
347,2077,exercise,1
347,994,exercise,1
347,2172,exercise,1
347,2177,exercise,1
347,2236,exercise,1
347,2135,exercise,1
347,2208,exercise,1
347,150,exercise,1
347,2176,exercise,1
347,2069,exercise,1
347,2178,exercise,1
348,2361,exercise,1
348,111,exercise,1
348,773,exercise,1
348,1762,exercise,1
348,2846,exercise,1
348,1494,exercise,1
348,644,exercise,1
348,1368,exercise,1
348,411,exercise,1
348,328,exercise,1
348,2457,exercise,1
348,2337,exercise,1
348,2227,exercise,1
348,869,exercise,1
348,1320,exercise,1
348,2373,exercise,1
348,2341,exercise,1
348,2401,exercise,1
348,1147,exercise,1
348,2568,exercise,1
349,222,exercise,1
349,250,exercise,1
349,2277,exercise,1
349,429,exercise,1
349,2181,exercise,1
349,2317,exercise,1
349,1394,exercise,1
349,2166,exercise,1
349,2302,exercise,1
349,2337,exercise,1
349,259,exercise,1
349,253,exercise,1
349,548,exercise,1
349,1370,exercise,1
349,522,exercise,1
349,2729,exercise,1
349,2290,exercise,1
349,466,exercise,1
349,1398,exercise,1
349,2203,exercise,1
350,410,exercise,1
350,2400,exercise,1
350,2358,exercise,1
350,2370,exercise,1
350,506,exercise,1
350,2745,exercise,1
350,300,exercise,1
350,2197,exercise,1
350,1025,exercise,1
350,2409,exercise,1
350,2169,exercise,1
350,1780,exercise,1
350,1251,exercise,1
350,1509,exercise,1
350,311,exercise,1
350,243,exercise,1
350,278,exercise,1
350,451,exercise,1
350,2154,exercise,1
350,1779,exercise,1
351,350,exercise,1
351,2135,exercise,1
351,2168,exercise,1
351,2001,exercise,1
351,2076,exercise,1
351,2069,exercise,1
351,2178,exercise,1
351,2192,exercise,1
351,2177,exercise,1
351,2740,exercise,1
351,2739,exercise,1
351,2003,exercise,1
351,2166,exercise,1
351,2160,exercise,1
351,2131,exercise,1
351,2236,exercise,1
351,2170,exercise,1
351,150,exercise,1
351,885,exercise,1
351,2172,exercise,1
352,1554,exercise,1
352,735,exercise,1
352,81,exercise,1
352,2538,exercise,1
352,1490,exercise,1
352,156,exercise,1
352,2205,exercise,1
352,1954,exercise,1
352,2659,exercise,1
352,2435,exercise,1
352,1949,exercise,1
352,1170,exercise,1
352,84,exercise,1
352,2244,exercise,1
352,2770,exercise,1
352,94,exercise,1
352,1455,exercise,1
352,1747,exercise,1
352,2689,exercise,1
352,1812,exercise,1
353,386,exercise,1
353,2396,exercise,1
353,390,exercise,1
353,607,exercise,1
353,1606,exercise,1
353,2413,exercise,1
353,2737,exercise,1
353,1613,exercise,1
353,527,exercise,1
353,1282,exercise,1
353,2140,exercise,1
353,2288,exercise,1
353,599,exercise,1
353,340,exercise,1
353,676,exercise,1
353,1264,exercise,1
353,1036,exercise,1
353,283,exercise,1
353,1285,exercise,1
353,2230,exercise,1
354,393,exercise,1
354,2707,exercise,1
354,405,exercise,1
354,2793,exercise,1
354,1551,exercise,1
354,1200,exercise,1
354,290,exercise,1
354,2653,exercise,1
354,2508,exercise,1
354,2267,exercise,1
354,1973,exercise,1
354,912,exercise,1
354,1605,exercise,1
354,329,exercise,1
354,1364,exercise,1
354,2399,exercise,1
354,1362,exercise,1
354,2033,exercise,1
354,2556,exercise,1
354,1444,exercise,1
355,1918,exercise,1
355,1867,exercise,1
355,1094,exercise,1
355,2437,exercise,1
355,2113,exercise,1
355,2575,exercise,1
355,779,exercise,1
355,77,exercise,1
355,2441,exercise,1
355,804,exercise,1
355,2701,exercise,1
355,2365,exercise,1
355,929,exercise,1
355,2234,exercise,1
355,1176,exercise,1
355,2528,exercise,1
355,2904,exercise,1
355,2034,exercise,1
355,2670,exercise,1
355,261,exercise,1
356,2072,exercise,1
356,2166,exercise,1
356,2178,exercise,1
356,2032,exercise,1
356,2003,exercise,1
356,1338,exercise,1
356,2739,exercise,1
356,2135,exercise,1
356,2168,exercise,1
356,2208,exercise,1
356,2076,exercise,1
356,2172,exercise,1
356,2067,exercise,1
356,885,exercise,1
356,2131,exercise,1
356,2078,exercise,1
356,2125,exercise,1
356,2740,exercise,1
356,2236,exercise,1
356,2077,exercise,1
357,969,exercise,1
357,2227,exercise,1
357,974,exercise,1
357,418,exercise,1
357,493,exercise,1
357,579,exercise,1
357,242,exercise,1
357,988,exercise,1
357,1385,exercise,1
357,2346,exercise,1
357,2390,exercise,1
357,2289,exercise,1
357,2260,exercise,1
357,261,exercise,1
357,599,exercise,1
357,516,exercise,1
357,1236,exercise,1
357,468,exercise,1
357,246,exercise,1
357,1024,exercise,1
358,546,exercise,1
358,272,exercise,1
358,2391,exercise,1
358,226,exercise,1
358,299,exercise,1
358,357,exercise,1
358,1392,exercise,1
358,1279,exercise,1
358,316,exercise,1
358,2229,exercise,1
358,2140,exercise,1
358,370,exercise,1
358,2208,exercise,1
358,473,exercise,1
358,969,exercise,1
358,421,exercise,1
358,2747,exercise,1
358,439,exercise,1
358,1010,exercise,1
358,2739,exercise,1
359,1040,exercise,1
359,2825,exercise,1
359,517,exercise,1
359,1437,exercise,1
359,1503,exercise,1
359,2743,exercise,1
359,1795,exercise,1
359,1031,exercise,1
359,1956,exercise,1
359,950,exercise,1
359,607,exercise,1
359,454,exercise,1
359,757,exercise,1
359,933,exercise,1
359,1205,exercise,1
359,2063,exercise,1
359,1905,exercise,1
359,1119,exercise,1
359,2797,exercise,1
359,241,exercise,1
360,2163,exercise,1
360,417,exercise,1
360,1398,exercise,1
360,2263,exercise,1
360,2368,exercise,1
360,990,exercise,1
360,1237,exercise,1
360,482,exercise,1
360,2139,exercise,1
360,2369,exercise,1
360,2149,exercise,1
360,1381,exercise,1
360,229,exercise,1
360,257,exercise,1
360,297,exercise,1
360,981,exercise,1
360,1010,exercise,1
360,2195,exercise,1
360,1391,exercise,1
360,2150,exercise,1
361,2003,exercise,1
361,2078,exercise,1
361,2177,exercise,1
361,2168,exercise,1
361,150,exercise,1
361,2178,exercise,1
361,2072,exercise,1
361,2031,exercise,1
361,2032,exercise,1
361,885,exercise,1
361,2208,exercise,1
361,2740,exercise,1
361,2172,exercise,1
361,2001,exercise,1
361,1730,exercise,1
361,2135,exercise,1
361,2119,exercise,1
361,2131,exercise,1
361,2192,exercise,1
361,1338,exercise,1
362,2334,exercise,1
362,2250,exercise,1
362,1912,exercise,1
362,1521,exercise,1
362,1954,exercise,1
362,428,exercise,1
362,693,exercise,1
362,1138,exercise,1
362,2394,exercise,1
362,286,exercise,1
362,1629,exercise,1
362,1947,exercise,1
362,2836,exercise,1
362,2576,exercise,1
362,1493,exercise,1
362,2134,exercise,1
362,114,exercise,1
362,218,exercise,1
362,795,exercise,1
362,2083,exercise,1
363,2031,exercise,1
363,150,exercise,1
363,2170,exercise,1
363,2072,exercise,1
363,2131,exercise,1
363,2032,exercise,1
363,2067,exercise,1
363,2124,exercise,1
363,885,exercise,1
363,994,exercise,1
363,1730,exercise,1
363,2003,exercise,1
363,2079,exercise,1
363,2192,exercise,1
363,1338,exercise,1
363,2172,exercise,1
363,2001,exercise,1
363,2236,exercise,1
363,2135,exercise,1
363,350,exercise,1
364,2031,exercise,1
364,2079,exercise,1
364,2069,exercise,1
364,2131,exercise,1
364,2170,exercise,1
364,2032,exercise,1
364,2001,exercise,1
364,885,exercise,1
364,2076,exercise,1
364,2236,exercise,1
364,1730,exercise,1
364,2072,exercise,1
364,2166,exercise,1
364,2124,exercise,1
364,2003,exercise,1
364,2176,exercise,1
364,2172,exercise,1
364,2160,exercise,1
364,2078,exercise,1
364,2178,exercise,1
365,592,exercise,1
365,1022,exercise,1
365,531,exercise,1
365,287,exercise,1
365,2217,exercise,1
365,2274,exercise,1
365,1018,exercise,1
365,491,exercise,1
365,368,exercise,1
365,2149,exercise,1
365,534,exercise,1
365,426,exercise,1
365,214,exercise,1
365,2909,exercise,1
365,2287,exercise,1
365,2339,exercise,1
365,2734,exercise,1
365,432,exercise,1
365,905,exercise,1
365,610,exercise,1
366,1167,exercise,1
366,1276,exercise,1
366,2345,exercise,1
366,1759,exercise,1
366,550,exercise,1
366,1990,exercise,1
366,894,exercise,1
366,2827,exercise,1
366,940,exercise,1
366,1256,exercise,1
366,816,exercise,1
366,1937,exercise,1
366,778,exercise,1
366,1894,exercise,1
366,614,exercise,1
366,119,exercise,1
366,1310,exercise,1
366,1148,exercise,1
366,1035,exercise,1
366,2117,exercise,1
367,1702,exercise,1
367,2726,exercise,1
367,2194,exercise,1
367,368,exercise,1
367,43,exercise,1
367,2241,exercise,1
367,562,exercise,1
367,1479,exercise,1
367,1844,exercise,1
367,926,exercise,1
367,1765,exercise,1
367,1957,exercise,1
367,2815,exercise,1
367,1119,exercise,1
367,314,exercise,1
367,410,exercise,1
367,2627,exercise,1
367,256,exercise,1
367,219,exercise,1
367,1531,exercise,1
368,2249,exercise,1
368,1639,exercise,1
368,2853,exercise,1
368,2819,exercise,1
368,189,exercise,1
368,22,exercise,1
368,1108,exercise,1
368,2387,exercise,1
368,2912,exercise,1
368,1753,exercise,1
368,1367,exercise,1
368,1827,exercise,1
368,1707,exercise,1
368,558,exercise,1
368,2624,exercise,1
368,172,exercise,1
368,2734,exercise,1
368,777,exercise,1
368,1140,exercise,1
368,738,exercise,1
369,2208,exercise,1
369,2135,exercise,1
369,2178,exercise,1
369,2031,exercise,1
369,885,exercise,1
369,2067,exercise,1
369,2160,exercise,1
369,2079,exercise,1
369,2076,exercise,1
369,1338,exercise,1
369,2740,exercise,1
369,994,exercise,1
369,2236,exercise,1
369,350,exercise,1
369,2170,exercise,1
369,2131,exercise,1
369,2739,exercise,1
369,2124,exercise,1
369,2001,exercise,1
369,1730,exercise,1
370,1026,exercise,1
370,2891,exercise,1
370,1391,exercise,1
370,2288,exercise,1
370,523,exercise,1
370,1396,exercise,1
370,2402,exercise,1
370,495,exercise,1
370,2297,exercise,1
370,294,exercise,1
370,572,exercise,1
370,490,exercise,1
370,297,exercise,1
370,908,exercise,1
370,561,exercise,1
370,259,exercise,1
370,2372,exercise,1
370,1027,exercise,1
370,525,exercise,1
370,2365,exercise,1
371,423,exercise,1
371,2409,exercise,1
371,269,exercise,1
371,2300,exercise,1
371,2126,exercise,1
371,2389,exercise,1
371,2333,exercise,1
371,2405,exercise,1
371,416,exercise,1
371,489,exercise,1
371,439,exercise,1
371,1746,exercise,1
371,377,exercise,1
371,603,exercise,1
371,1250,exercise,1
371,561,exercise,1
371,536,exercise,1
371,2889,exercise,1
371,1234,exercise,1
371,679,exercise,1
372,150,exercise,1
372,2739,exercise,1
372,2069,exercise,1
372,2172,exercise,1
372,2178,exercise,1
372,885,exercise,1
372,2003,exercise,1
372,2168,exercise,1
372,2078,exercise,1
372,2135,exercise,1
372,994,exercise,1
372,2067,exercise,1
372,2740,exercise,1
372,2032,exercise,1
372,2176,exercise,1
372,2125,exercise,1
372,2124,exercise,1
372,2076,exercise,1
372,2119,exercise,1
372,2077,exercise,1
373,348,exercise,1
373,2203,exercise,1
373,2286,exercise,1
373,2116,exercise,1
373,1182,exercise,1
373,2802,exercise,1
373,24,exercise,1
373,1504,exercise,1
373,182,exercise,1
373,2112,exercise,1
373,1485,exercise,1
373,2669,exercise,1
373,546,exercise,1
373,922,exercise,1
373,203,exercise,1
373,1262,exercise,1
373,1486,exercise,1
373,242,exercise,1
373,307,exercise,1
373,2587,exercise,1
374,2168,exercise,1
374,1730,exercise,1
374,2170,exercise,1
374,2079,exercise,1
374,2739,exercise,1
374,2003,exercise,1
374,2740,exercise,1
374,2176,exercise,1
374,2072,exercise,1
374,885,exercise,1
374,150,exercise,1
374,2001,exercise,1
374,2192,exercise,1
374,2172,exercise,1
374,2135,exercise,1
374,2236,exercise,1
374,2076,exercise,1
374,2069,exercise,1
374,2166,exercise,1
374,994,exercise,1
375,1385,exercise,1
375,454,exercise,1
375,2131,exercise,1
375,382,exercise,1
375,2148,exercise,1
375,2757,exercise,1
375,595,exercise,1
375,2398,exercise,1
375,2308,exercise,1
375,2190,exercise,1
375,2371,exercise,1
375,1035,exercise,1
375,2262,exercise,1
375,370,exercise,1
375,2261,exercise,1
375,2158,exercise,1
375,570,exercise,1
375,2296,exercise,1
375,2279,exercise,1
375,377,exercise,1
376,2429,exercise,1
376,1571,exercise,1
376,2217,exercise,1
376,978,exercise,1
376,654,exercise,1
376,2349,exercise,1
376,2492,exercise,1
376,2482,exercise,1
376,360,exercise,1
376,1287,exercise,1
376,2238,exercise,1
376,2041,exercise,1
376,339,exercise,1
376,2277,exercise,1
376,1358,exercise,1
376,629,exercise,1
376,542,exercise,1
376,1364,exercise,1
376,1087,exercise,1
376,2489,exercise,1
377,1274,exercise,1
377,283,exercise,1
377,342,exercise,1
377,278,exercise,1
377,2884,exercise,1
377,406,exercise,1
377,2753,exercise,1
377,2266,exercise,1
377,2241,exercise,1
377,379,exercise,1
377,2347,exercise,1
377,1004,exercise,1
377,2123,exercise,1
377,1007,exercise,1
377,353,exercise,1
377,2752,exercise,1
377,219,exercise,1
377,425,exercise,1
377,2356,exercise,1
377,559,exercise,1
378,1816,exercise,1
378,188,exercise,1
378,358,exercise,1
378,1926,exercise,1
378,1346,exercise,1
378,1439,exercise,1
378,2767,exercise,1
378,2122,exercise,1
378,2099,exercise,1
378,1155,exercise,1
378,1570,exercise,1
378,806,exercise,1
378,921,exercise,1
378,798,exercise,1
378,335,exercise,1
378,2859,exercise,1
378,1138,exercise,1
378,455,exercise,1
378,2038,exercise,1
378,2535,exercise,1
379,24,exercise,1
379,1829,exercise,1
379,494,exercise,1
379,55,exercise,1
379,743,exercise,1
379,2275,exercise,1
379,2202,exercise,1
379,1879,exercise,1
379,2835,exercise,1
379,2314,exercise,1
379,1368,exercise,1
379,2906,exercise,1
379,2899,exercise,1
379,1665,exercise,1
379,1367,exercise,1
379,377,exercise,1
379,532,exercise,1
379,573,exercise,1
379,59,exercise,1
379,826,exercise,1
380,66,exercise,1
380,810,exercise,1
380,111,exercise,1
380,910,exercise,1
380,2291,exercise,1
380,611,exercise,1
380,1055,exercise,1
380,2034,exercise,1
380,2539,exercise,1
380,822,exercise,1
380,369,exercise,1
380,1360,exercise,1
380,2217,exercise,1
380,623,exercise,1
380,2262,exercise,1
380,1962,exercise,1
380,91,exercise,1
380,497,exercise,1
380,725,exercise,1
380,648,exercise,1
381,2177,exercise,1
381,2208,exercise,1
381,2192,exercise,1
381,350,exercise,1
381,2176,exercise,1
381,2077,exercise,1
381,2124,exercise,1
381,2003,exercise,1
381,2001,exercise,1
381,2032,exercise,1
381,2740,exercise,1
381,2072,exercise,1
381,2739,exercise,1
381,2067,exercise,1
381,150,exercise,1
381,2078,exercise,1
381,2031,exercise,1
381,2170,exercise,1
381,885,exercise,1
381,2125,exercise,1
382,2317,exercise,1
382,1857,exercise,1
382,2312,exercise,1
382,2429,exercise,1
382,2788,exercise,1
382,2874,exercise,1
382,2319,exercise,1
382,1014,exercise,1
382,263,exercise,1
382,2496,exercise,1
382,78,exercise,1
382,1952,exercise,1
382,2699,exercise,1
382,1447,exercise,1
382,2599,exercise,1
382,277,exercise,1
382,1179,exercise,1
382,1937,exercise,1
382,2265,exercise,1
382,497,exercise,1
383,1741,exercise,1
383,2314,exercise,1
383,2289,exercise,1
383,228,exercise,1
383,516,exercise,1
383,1258,exercise,1
383,579,exercise,1
383,2357,exercise,1
383,1622,exercise,1
383,2293,exercise,1
383,961,exercise,1
383,2747,exercise,1
383,687,exercise,1
383,1612,exercise,1
383,2355,exercise,1
383,455,exercise,1
383,1275,exercise,1
383,2204,exercise,1
383,2258,exercise,1
383,2142,exercise,1
384,517,exercise,1
384,610,exercise,1
384,1247,exercise,1
384,362,exercise,1
384,2384,exercise,1
384,450,exercise,1
384,540,exercise,1
384,594,exercise,1
384,506,exercise,1
384,2403,exercise,1
384,392,exercise,1
384,2247,exercise,1
384,2407,exercise,1
384,1371,exercise,1
384,966,exercise,1
384,674,exercise,1
384,282,exercise,1
384,223,exercise,1
384,2141,exercise,1
384,1029,exercise,1
385,510,exercise,1
385,543,exercise,1
385,2739,exercise,1
385,251,exercise,1
385,316,exercise,1
385,1609,exercise,1
385,2277,exercise,1
385,419,exercise,1
385,856,exercise,1
385,433,exercise,1
385,696,exercise,1
385,2392,exercise,1
385,1014,exercise,1
385,1614,exercise,1
385,2123,exercise,1
385,282,exercise,1
385,1042,exercise,1
385,499,exercise,1
385,2903,exercise,1
385,401,exercise,1
386,994,exercise,1
386,2177,exercise,1
386,2178,exercise,1
386,2003,exercise,1
386,2740,exercise,1
386,2170,exercise,1
386,2125,exercise,1
386,2739,exercise,1
386,2236,exercise,1
386,2192,exercise,1
386,2119,exercise,1
386,350,exercise,1
386,2079,exercise,1
386,2172,exercise,1
386,1730,exercise,1
386,150,exercise,1
386,2077,exercise,1
386,2001,exercise,1
386,2076,exercise,1
386,1338,exercise,1
387,2177,exercise,1
387,2236,exercise,1
387,2208,exercise,1
387,2001,exercise,1
387,1338,exercise,1
387,2131,exercise,1
387,2069,exercise,1
387,2067,exercise,1
387,2172,exercise,1
387,2192,exercise,1
387,994,exercise,1
387,2739,exercise,1
387,2077,exercise,1
387,2076,exercise,1
387,150,exercise,1
387,2119,exercise,1
387,2160,exercise,1
387,2003,exercise,1
387,2125,exercise,1
387,2740,exercise,1
388,1164,exercise,1
388,1713,exercise,1
388,1920,exercise,1
388,1665,exercise,1
388,1070,exercise,1
388,639,exercise,1
388,2502,exercise,1
388,1951,exercise,1
388,999,exercise,1
388,582,exercise,1
388,1980,exercise,1
388,1914,exercise,1
388,1897,exercise,1
388,2197,exercise,1
388,2441,exercise,1
388,1675,exercise,1
388,123,exercise,1
388,2081,exercise,1
388,614,exercise,1
388,41,exercise,1
389,2739,exercise,1
389,1338,exercise,1
389,1730,exercise,1
389,2135,exercise,1
389,2067,exercise,1
389,2072,exercise,1
389,2168,exercise,1
389,2236,exercise,1
389,2076,exercise,1
389,350,exercise,1
389,2178,exercise,1
389,2170,exercise,1
389,2208,exercise,1
389,2131,exercise,1
389,2740,exercise,1
389,2166,exercise,1
389,2177,exercise,1
389,2160,exercise,1
389,2124,exercise,1
389,994,exercise,1
390,1373,exercise,1
390,1392,exercise,1
390,1622,exercise,1
390,202,exercise,1
390,1241,exercise,1
390,486,exercise,1
390,2223,exercise,1
390,2309,exercise,1
390,606,exercise,1
390,2301,exercise,1
390,1738,exercise,1
390,2224,exercise,1
390,590,exercise,1
390,1286,exercise,1
390,358,exercise,1
390,262,exercise,1
390,1612,exercise,1
390,2205,exercise,1
390,446,exercise,1
390,1256,exercise,1
391,397,exercise,1
391,2417,exercise,1
391,2593,exercise,1
391,1432,exercise,1
391,2463,exercise,1
391,1567,exercise,1
391,689,exercise,1
391,96,exercise,1
391,116,exercise,1
391,2544,exercise,1
391,2795,exercise,1
391,1129,exercise,1
391,1053,exercise,1
391,1391,exercise,1
391,1955,exercise,1
391,2400,exercise,1
391,472,exercise,1
391,262,exercise,1
391,1724,exercise,1
391,1139,exercise,1
392,2236,exercise,1
392,2160,exercise,1
392,2003,exercise,1
392,994,exercise,1
392,2168,exercise,1
392,2131,exercise,1
392,2208,exercise,1
392,2077,exercise,1
392,2032,exercise,1
392,2124,exercise,1
392,2166,exercise,1
392,150,exercise,1
392,2176,exercise,1
392,2067,exercise,1
392,2740,exercise,1
392,2170,exercise,1
392,2172,exercise,1
392,885,exercise,1
392,2079,exercise,1
392,2119,exercise,1
393,1251,exercise,1
393,472,exercise,1
393,2169,exercise,1
393,2897,exercise,1
393,993,exercise,1
393,401,exercise,1
393,1524,exercise,1
393,2890,exercise,1
393,580,exercise,1
393,2135,exercise,1
393,2326,exercise,1
393,386,exercise,1
393,486,exercise,1
393,2267,exercise,1
393,2239,exercise,1
393,353,exercise,1
393,374,exercise,1
393,313,exercise,1
393,2278,exercise,1
393,454,exercise,1
394,677,exercise,1
394,2309,exercise,1
394,345,exercise,1
394,2152,exercise,1
394,2910,exercise,1
394,2220,exercise,1
394,2895,exercise,1
394,2204,exercise,1
394,1026,exercise,1
394,2729,exercise,1
394,2263,exercise,1
394,2297,exercise,1
394,2398,exercise,1
394,2249,exercise,1
394,519,exercise,1
394,482,exercise,1
394,2756,exercise,1
394,447,exercise,1
394,2400,exercise,1
394,2344,exercise,1
395,2429,exercise,1
395,2500,exercise,1
395,500,exercise,1
395,927,exercise,1
395,2129,exercise,1
395,2259,exercise,1
395,135,exercise,1
395,661,exercise,1
395,2622,exercise,1
395,1700,exercise,1
395,503,exercise,1
395,2834,exercise,1
395,1894,exercise,1
395,468,exercise,1
395,512,exercise,1
395,1709,exercise,1
395,2694,exercise,1
395,1293,exercise,1
395,168,exercise,1
395,2486,exercise,1
396,499,exercise,1
396,1709,exercise,1
396,1396,exercise,1
396,1721,exercise,1
396,1387,exercise,1
396,1322,exercise,1
396,2311,exercise,1
396,116,exercise,1
396,602,exercise,1
396,599,exercise,1
396,2778,exercise,1
396,1951,exercise,1
396,203,exercise,1
396,1397,exercise,1
396,1258,exercise,1
396,946,exercise,1
396,794,exercise,1
396,2337,exercise,1
396,9,exercise,1
396,521,exercise,1
397,2160,exercise,1
397,1338,exercise,1
397,885,exercise,1
397,2172,exercise,1
397,2078,exercise,1
397,2124,exercise,1
397,2032,exercise,1
397,2178,exercise,1
397,2077,exercise,1
397,2067,exercise,1
397,2072,exercise,1
397,2192,exercise,1
397,2125,exercise,1
397,2739,exercise,1
397,2135,exercise,1
397,2031,exercise,1
397,350,exercise,1
397,2168,exercise,1
397,2166,exercise,1
397,2076,exercise,1
398,2131,exercise,1
398,1730,exercise,1
398,2172,exercise,1
398,2168,exercise,1
398,2003,exercise,1
398,2177,exercise,1
398,2072,exercise,1
398,2067,exercise,1
398,2119,exercise,1
398,350,exercise,1
398,2135,exercise,1
398,2077,exercise,1
398,2031,exercise,1
398,2740,exercise,1
398,885,exercise,1
398,2076,exercise,1
398,2176,exercise,1
398,2739,exercise,1
398,2069,exercise,1
398,2192,exercise,1
399,2907,exercise,1
399,2552,exercise,1
399,2701,exercise,1
399,227,exercise,1
399,2674,exercise,1
399,2467,exercise,1
399,816,exercise,1
399,2270,exercise,1
399,2379,exercise,1
399,77,exercise,1
399,509,exercise,1
399,2511,exercise,1
399,776,exercise,1
399,78,exercise,1
399,1209,exercise,1
399,896,exercise,1
399,1075,exercise,1
399,2726,exercise,1
399,2083,exercise,1
399,366,exercise,1
400,2131,exercise,1
400,2170,exercise,1
400,885,exercise,1
400,2208,exercise,1
400,2176,exercise,1
400,2178,exercise,1
400,150,exercise,1
400,2067,exercise,1
400,2076,exercise,1
400,1730,exercise,1
400,2172,exercise,1
400,2177,exercise,1
400,2079,exercise,1
400,2192,exercise,1
400,2072,exercise,1
400,2124,exercise,1
400,2078,exercise,1
400,2739,exercise,1
400,2160,exercise,1
400,1338,exercise,1
401,480,exercise,1
401,560,exercise,1
401,1009,exercise,1
401,369,exercise,1
401,501,exercise,1
401,1378,exercise,1
401,2230,exercise,1
401,532,exercise,1
401,306,exercise,1
401,1519,exercise,1
401,557,exercise,1
401,241,exercise,1
401,305,exercise,1
401,1279,exercise,1
401,2194,exercise,1
401,392,exercise,1
401,1521,exercise,1
401,482,exercise,1
401,2256,exercise,1
401,1594,exercise,1
402,2165,exercise,1
402,433,exercise,1
402,292,exercise,1
402,600,exercise,1
402,976,exercise,1
402,970,exercise,1
402,2405,exercise,1
402,2749,exercise,1
402,2741,exercise,1
402,2184,exercise,1
402,421,exercise,1
402,1037,exercise,1
402,310,exercise,1
402,1401,exercise,1
402,2347,exercise,1
402,2240,exercise,1
402,322,exercise,1
402,2399,exercise,1
402,245,exercise,1
402,2241,exercise,1
403,2077,exercise,1
403,350,exercise,1
403,2119,exercise,1
403,2001,exercise,1
403,2003,exercise,1
403,2168,exercise,1
403,2236,exercise,1
403,2131,exercise,1
403,2170,exercise,1
403,1338,exercise,1
403,2032,exercise,1
403,2124,exercise,1
403,2076,exercise,1
403,2740,exercise,1
403,885,exercise,1
403,2031,exercise,1
403,150,exercise,1
403,2067,exercise,1
403,2739,exercise,1
403,2069,exercise,1
404,2534,exercise,1
404,1959,exercise,1
404,2606,exercise,1
404,2107,exercise,1
404,174,exercise,1
404,5,exercise,1
404,2222,exercise,1
404,2916,exercise,1
404,1281,exercise,1
404,725,exercise,1
404,3,exercise,1
404,261,exercise,1
404,2296,exercise,1
404,1200,exercise,1
404,2817,exercise,1
404,1097,exercise,1
404,1759,exercise,1
404,1634,exercise,1
404,933,exercise,1
404,2771,exercise,1
405,2124,exercise,1
405,885,exercise,1
405,2067,exercise,1
405,1338,exercise,1
405,2032,exercise,1
405,2739,exercise,1
405,2072,exercise,1
405,2160,exercise,1
405,994,exercise,1
405,2208,exercise,1
405,2166,exercise,1
405,2119,exercise,1
405,2031,exercise,1
405,2076,exercise,1
405,2001,exercise,1
405,2172,exercise,1
405,350,exercise,1
405,2236,exercise,1
405,2168,exercise,1
405,2079,exercise,1
406,2177,exercise,1
406,2119,exercise,1
406,2078,exercise,1
406,2131,exercise,1
406,2067,exercise,1
406,2001,exercise,1
406,2077,exercise,1
406,2125,exercise,1
406,2192,exercise,1
406,150,exercise,1
406,2160,exercise,1
406,1338,exercise,1
406,2208,exercise,1
406,2170,exercise,1
406,2176,exercise,1
406,2032,exercise,1
406,2178,exercise,1
406,2168,exercise,1
406,2739,exercise,1
406,994,exercise,1
407,2208,exercise,1
407,2170,exercise,1
407,1730,exercise,1
407,1338,exercise,1
407,2119,exercise,1
407,150,exercise,1
407,2177,exercise,1
407,2172,exercise,1
407,2176,exercise,1
407,2135,exercise,1
407,2077,exercise,1
407,2739,exercise,1
407,994,exercise,1
407,2069,exercise,1
407,2072,exercise,1
407,2168,exercise,1
407,2003,exercise,1
407,2131,exercise,1
407,2079,exercise,1
407,2178,exercise,1
408,2214,exercise,1
408,1705,exercise,1
408,831,exercise,1
408,2073,exercise,1
408,39,exercise,1
408,965,exercise,1
408,82,exercise,1
408,1246,exercise,1
408,1653,exercise,1
408,825,exercise,1
408,385,exercise,1
408,2882,exercise,1
408,1379,exercise,1
408,963,exercise,1
408,1024,exercise,1
408,2357,exercise,1
408,1685,exercise,1
408,155,exercise,1
408,1255,exercise,1
408,2353,exercise,1
409,2076,exercise,1
409,150,exercise,1
409,2072,exercise,1
409,2170,exercise,1
409,994,exercise,1
409,2176,exercise,1
409,2031,exercise,1
409,2124,exercise,1
409,2079,exercise,1
409,2078,exercise,1
409,1730,exercise,1
409,2119,exercise,1
409,2001,exercise,1
409,2135,exercise,1
409,2178,exercise,1
409,2172,exercise,1
409,2168,exercise,1
409,2208,exercise,1
409,2067,exercise,1
409,2077,exercise,1
410,1338,exercise,1
410,2031,exercise,1
410,2079,exercise,1
410,2077,exercise,1
410,2177,exercise,1
410,2236,exercise,1
410,2166,exercise,1
410,2170,exercise,1
410,2739,exercise,1
410,2001,exercise,1
410,2135,exercise,1
410,150,exercise,1
410,2160,exercise,1
410,2168,exercise,1
410,2119,exercise,1
410,2172,exercise,1
410,2208,exercise,1
410,2032,exercise,1
410,2131,exercise,1
410,2176,exercise,1
411,292,exercise,1
411,1514,exercise,1
411,2281,exercise,1
411,2229,exercise,1
411,1047,exercise,1
411,435,exercise,1
411,2894,exercise,1
411,2351,exercise,1
411,2410,exercise,1
411,2136,exercise,1
411,2892,exercise,1
411,275,exercise,1
411,697,exercise,1
411,282,exercise,1
411,1238,exercise,1
411,2266,exercise,1
411,2326,exercise,1
411,1507,exercise,1
411,196,exercise,1
411,2207,exercise,1
412,1531,exercise,1
412,352,exercise,1
412,2681,exercise,1
412,105,exercise,1
412,985,exercise,1
412,1959,exercise,1
412,319,exercise,1
412,1088,exercise,1
412,847,exercise,1
412,713,exercise,1
412,1503,exercise,1
412,1427,exercise,1
412,272,exercise,1
412,413,exercise,1
412,116,exercise,1
412,2300,exercise,1
412,2033,exercise,1
412,100,exercise,1
412,2811,exercise,1
412,1554,exercise,1
413,992,exercise,1
413,406,exercise,1
413,2365,exercise,1
413,974,exercise,1
413,1615,exercise,1
413,297,exercise,1
413,1601,exercise,1
413,2897,exercise,1
413,970,exercise,1
413,335,exercise,1
413,2294,exercise,1
413,381,exercise,1
413,2310,exercise,1
413,441,exercise,1
413,361,exercise,1
413,311,exercise,1
413,254,exercise,1
413,2179,exercise,1
413,1400,exercise,1
413,320,exercise,1
414,268,exercise,1
414,2060,exercise,1
414,236,exercise,1
414,1362,exercise,1
414,2871,exercise,1
414,1992,exercise,1
414,284,exercise,1
414,434,exercise,1
414,240,exercise,1
414,2623,exercise,1
414,218,exercise,1
414,1325,exercise,1
414,1757,exercise,1
414,1865,exercise,1
414,409,exercise,1
414,2917,exercise,1
414,1915,exercise,1
414,1026,exercise,1
414,2839,exercise,1
414,44,exercise,1
415,2182,exercise,1
415,2346,exercise,1
415,2272,exercise,1
415,393,exercise,1
415,1613,exercise,1
415,239,exercise,1
415,2325,exercise,1
415,2892,exercise,1
415,1525,exercise,1
415,580,exercise,1
415,407,exercise,1
415,396,exercise,1
415,211,exercise,1
415,324,exercise,1
415,582,exercise,1
415,450,exercise,1
415,2889,exercise,1
415,1018,exercise,1
415,2133,exercise,1
415,2269,exercise,1
416,2306,exercise,1
416,566,exercise,1
416,983,exercise,1
416,467,exercise,1
416,276,exercise,1
416,309,exercise,1
416,447,exercise,1
416,1388,exercise,1
416,2288,exercise,1
416,2883,exercise,1
416,2128,exercise,1
416,1387,exercise,1
416,484,exercise,1
416,487,exercise,1
416,2357,exercise,1
416,1392,exercise,1
416,1743,exercise,1
416,1273,exercise,1
416,2162,exercise,1
416,202,exercise,1
417,2032,exercise,1
417,994,exercise,1
417,2078,exercise,1
417,2739,exercise,1
417,2076,exercise,1
417,2069,exercise,1
417,2001,exercise,1
417,2177,exercise,1
417,2131,exercise,1
417,2176,exercise,1
417,885,exercise,1
417,2067,exercise,1
417,2170,exercise,1
417,2135,exercise,1
417,2236,exercise,1
417,350,exercise,1
417,2119,exercise,1
417,2168,exercise,1
417,1730,exercise,1
417,2003,exercise,1
418,518,exercise,1
418,400,exercise,1
418,2326,exercise,1
418,272,exercise,1
418,2411,exercise,1
418,687,exercise,1
418,193,exercise,1
418,694,exercise,1
418,909,exercise,1
418,2351,exercise,1
418,674,exercise,1
418,975,exercise,1
418,2380,exercise,1
418,1596,exercise,1
418,2165,exercise,1
418,610,exercise,1
418,2226,exercise,1
418,567,exercise,1
418,200,exercise,1
418,2149,exercise,1
419,317,exercise,1
419,1653,exercise,1
419,124,exercise,1
419,2605,exercise,1
419,488,exercise,1
419,600,exercise,1
419,1287,exercise,1
419,2053,exercise,1
419,837,exercise,1
419,2754,exercise,1
419,1662,exercise,1
419,182,exercise,1
419,123,exercise,1
419,857,exercise,1
419,851,exercise,1
419,1269,exercise,1
419,759,exercise,1
419,963,exercise,1
419,1152,exercise,1
419,1573,exercise,1
420,2078,exercise,1
420,2069,exercise,1
420,2072,exercise,1
420,350,exercise,1
420,1730,exercise,1
420,2172,exercise,1
420,2031,exercise,1
420,994,exercise,1
420,150,exercise,1
420,2135,exercise,1
420,1338,exercise,1
420,2236,exercise,1
420,2131,exercise,1
420,2176,exercise,1
420,2067,exercise,1
420,2208,exercise,1
420,2119,exercise,1
420,2032,exercise,1
420,2739,exercise,1
420,2125,exercise,1
421,536,exercise,1
421,2284,exercise,1
421,319,exercise,1
421,428,exercise,1
421,481,exercise,1
421,453,exercise,1
421,574,exercise,1
421,578,exercise,1
421,2170,exercise,1
421,2162,exercise,1
421,1401,exercise,1
421,2275,exercise,1
421,986,exercise,1
421,280,exercise,1
421,573,exercise,1
421,1281,exercise,1
421,495,exercise,1
421,1600,exercise,1
421,1002,exercise,1
421,296,exercise,1
422,2119,exercise,1
422,2031,exercise,1
422,2236,exercise,1
422,2208,exercise,1
422,2001,exercise,1
422,2166,exercise,1
422,885,exercise,1
422,2170,exercise,1
422,2078,exercise,1
422,2176,exercise,1
422,2135,exercise,1
422,2125,exercise,1
422,2177,exercise,1
422,1730,exercise,1
422,2079,exercise,1
422,2003,exercise,1
422,2032,exercise,1
422,2124,exercise,1
422,994,exercise,1
422,350,exercise,1
423,1473,exercise,1
423,1719,exercise,1
423,2485,exercise,1
423,2300,exercise,1
423,2347,exercise,1
423,2261,exercise,1
423,1178,exercise,1
423,2719,exercise,1
423,1862,exercise,1
423,2737,exercise,1
423,152,exercise,1
423,896,exercise,1
423,957,exercise,1
423,876,exercise,1
423,2108,exercise,1
423,1029,exercise,1
423,1844,exercise,1
423,956,exercise,1
423,1411,exercise,1
423,1972,exercise,1
424,507,exercise,1
424,2162,exercise,1
424,1007,exercise,1
424,359,exercise,1
424,461,exercise,1
424,358,exercise,1
424,1273,exercise,1
424,2306,exercise,1
424,2895,exercise,1
424,1778,exercise,1
424,909,exercise,1
424,270,exercise,1
424,2348,exercise,1
424,2757,exercise,1
424,1606,exercise,1
424,2279,exercise,1
424,2331,exercise,1
424,2366,exercise,1
424,2292,exercise,1
424,2244,exercise,1
425,2414,exercise,1
425,1399,exercise,1
425,1045,exercise,1
425,2179,exercise,1
425,236,exercise,1
425,553,exercise,1
425,2300,exercise,1
425,964,exercise,1
425,1029,exercise,1
425,341,exercise,1
425,2131,exercise,1
425,354,exercise,1
425,1272,exercise,1
425,2735,exercise,1
425,2883,exercise,1
425,348,exercise,1
425,1242,exercise,1
425,908,exercise,1
425,390,exercise,1
425,431,exercise,1
426,1663,exercise,1
426,159,exercise,1
426,2569,exercise,1
426,862,exercise,1
426,1526,exercise,1
426,846,exercise,1
426,1503,exercise,1
426,1089,exercise,1
426,1367,exercise,1
426,1205,exercise,1
426,821,exercise,1
426,2844,exercise,1
426,581,exercise,1
426,2557,exercise,1
426,1139,exercise,1
426,35,exercise,1
426,1362,exercise,1
426,1259,exercise,1
426,1614,exercise,1
426,1887,exercise,1
427,210,exercise,1
427,2362,exercise,1
427,2757,exercise,1
427,491,exercise,1
427,2210,exercise,1
427,858,exercise,1
427,856,exercise,1
427,615,exercise,1
427,2367,exercise,1
427,964,exercise,1
427,2889,exercise,1
427,2355,exercise,1
427,2340,exercise,1
427,1615,exercise,1
427,361,exercise,1
427,1398,exercise,1
427,573,exercise,1
427,2283,exercise,1
427,2260,exercise,1
427,619,exercise,1
428,2317,exercise,1
428,247,exercise,1
428,2163,exercise,1
428,470,exercise,1
428,448,exercise,1
428,1375,exercise,1
428,205,exercise,1
428,2731,exercise,1
428,2122,exercise,1
428,1613,exercise,1
428,853,exercise,1
428,2254,exercise,1
428,2267,exercise,1
428,2222,exercise,1
428,1282,exercise,1
428,1527,exercise,1
428,234,exercise,1
428,253,exercise,1
428,474,exercise,1
428,504,exercise,1
429,2196,exercise,1
429,2176,exercise,1
429,604,exercise,1
429,316,exercise,1
429,2187,exercise,1
429,571,exercise,1
429,2368,exercise,1
429,408,exercise,1
429,1526,exercise,1
429,2320,exercise,1
429,1373,exercise,1
429,376,exercise,1
429,537,exercise,1
429,399,exercise,1
429,549,exercise,1
429,251,exercise,1
429,2411,exercise,1
429,240,exercise,1
429,575,exercise,1
429,600,exercise,1
430,1775,exercise,1
430,1259,exercise,1
430,891,exercise,1
430,1019,exercise,1
430,1289,exercise,1
430,2480,exercise,1
430,301,exercise,1
430,2120,exercise,1
430,247,exercise,1
430,1697,exercise,1
430,2451,exercise,1
430,46,exercise,1
430,743,exercise,1
430,1493,exercise,1
430,1903,exercise,1
430,1820,exercise,1
430,665,exercise,1
430,473,exercise,1
430,548,exercise,1
430,2545,exercise,1
431,2375,exercise,1
431,326,exercise,1
431,2192,exercise,1
431,608,exercise,1
431,452,exercise,1
431,607,exercise,1
431,1384,exercise,1
431,2281,exercise,1
431,2368,exercise,1
431,511,exercise,1
431,1385,exercise,1
431,601,exercise,1
431,2737,exercise,1
431,2335,exercise,1
431,1233,exercise,1
431,603,exercise,1
431,201,exercise,1
431,480,exercise,1
431,2319,exercise,1
431,317,exercise,1
432,991,exercise,1
432,2909,exercise,1
432,1526,exercise,1
432,2401,exercise,1
432,2338,exercise,1
432,2343,exercise,1
432,266,exercise,1
432,372,exercise,1
432,1258,exercise,1
432,2330,exercise,1
432,1741,exercise,1
432,1278,exercise,1
432,2196,exercise,1
432,544,exercise,1
432,2246,exercise,1
432,1000,exercise,1
432,556,exercise,1
432,2290,exercise,1
432,2346,exercise,1
432,2191,exercise,1
433,2069,exercise,1
433,2001,exercise,1
433,2170,exercise,1
433,885,exercise,1
433,2003,exercise,1
433,2177,exercise,1
433,2176,exercise,1
433,1730,exercise,1
433,2031,exercise,1
433,2131,exercise,1
433,2119,exercise,1
433,2032,exercise,1
433,2135,exercise,1
433,2208,exercise,1
433,2739,exercise,1
433,994,exercise,1
433,2125,exercise,1
433,2166,exercise,1
433,150,exercise,1
433,2236,exercise,1
434,447,exercise,1
434,2387,exercise,1
434,1490,exercise,1
434,1900,exercise,1
434,2104,exercise,1
434,715,exercise,1
434,1102,exercise,1
434,897,exercise,1
434,2393,exercise,1
434,185,exercise,1
434,2212,exercise,1
434,111,exercise,1
434,314,exercise,1
434,2210,exercise,1
434,1756,exercise,1
434,1591,exercise,1
434,1864,exercise,1
434,842,exercise,1
434,1853,exercise,1
434,158,exercise,1
435,1091,exercise,1
435,486,exercise,1
435,576,exercise,1
435,1494,exercise,1
435,2220,exercise,1
435,2306,exercise,1
435,2207,exercise,1
435,294,exercise,1
435,355,exercise,1
435,2579,exercise,1
435,1057,exercise,1
435,2042,exercise,1
435,591,exercise,1
435,2249,exercise,1
435,1232,exercise,1
435,704,exercise,1
435,743,exercise,1
435,74,exercise,1
435,2871,exercise,1
435,430,exercise,1
436,1322,exercise,1
436,525,exercise,1
436,2522,exercise,1
436,1800,exercise,1
436,729,exercise,1
436,332,exercise,1
436,46,exercise,1
436,1200,exercise,1
436,647,exercise,1
436,2054,exercise,1
436,1654,exercise,1
436,768,exercise,1
436,945,exercise,1
436,143,exercise,1
436,2513,exercise,1
436,951,exercise,1
436,2080,exercise,1
436,201,exercise,1
436,2487,exercise,1
436,441,exercise,1
437,1381,exercise,1
437,2305,exercise,1
437,293,exercise,1
437,195,exercise,1
437,285,exercise,1
437,2168,exercise,1
437,599,exercise,1
437,997,exercise,1
437,2163,exercise,1
437,974,exercise,1
437,595,exercise,1
437,373,exercise,1
437,218,exercise,1
437,2259,exercise,1
437,243,exercise,1
437,216,exercise,1
437,1619,exercise,1
437,585,exercise,1
437,320,exercise,1
437,697,exercise,1
438,727,exercise,1
438,724,exercise,1
438,183,exercise,1
438,1924,exercise,1
438,2426,exercise,1
438,458,exercise,1
438,1494,exercise,1
438,1476,exercise,1
438,2635,exercise,1
438,817,exercise,1
438,896,exercise,1
438,2551,exercise,1
438,1830,exercise,1
438,1976,exercise,1
438,511,exercise,1
438,1023,exercise,1
438,940,exercise,1
438,451,exercise,1
438,1657,exercise,1
438,1487,exercise,1
439,62,exercise,1
439,1867,exercise,1
439,1449,exercise,1
439,50,exercise,1
439,1792,exercise,1
439,928,exercise,1
439,2197,exercise,1
439,959,exercise,1
439,285,exercise,1
439,1229,exercise,1
439,1699,exercise,1
439,182,exercise,1
439,290,exercise,1
439,953,exercise,1
439,1904,exercise,1
439,1391,exercise,1
439,2837,exercise,1
439,2382,exercise,1
439,439,exercise,1
439,2544,exercise,1
440,2067,exercise,1
440,2079,exercise,1
440,2001,exercise,1
440,2131,exercise,1
440,2208,exercise,1
440,2160,exercise,1
440,2072,exercise,1
440,2135,exercise,1
440,2168,exercise,1
440,2178,exercise,1
440,1338,exercise,1
440,2740,exercise,1
440,1730,exercise,1
440,2192,exercise,1
440,2166,exercise,1
440,2031,exercise,1
440,2069,exercise,1
440,2124,exercise,1
440,2176,exercise,1
440,994,exercise,1
441,2754,exercise,1
441,962,exercise,1
441,2739,exercise,1
441,213,exercise,1
441,229,exercise,1
441,440,exercise,1
441,1382,exercise,1
441,970,exercise,1
441,2273,exercise,1
441,984,exercise,1
441,348,exercise,1
441,308,exercise,1
441,467,exercise,1
441,2163,exercise,1
441,2729,exercise,1
441,1285,exercise,1
441,605,exercise,1
441,502,exercise,1
441,2176,exercise,1
441,610,exercise,1
442,885,exercise,1
442,2078,exercise,1
442,2177,exercise,1
442,2135,exercise,1
442,1338,exercise,1
442,2031,exercise,1
442,2067,exercise,1
442,2131,exercise,1
442,2170,exercise,1
442,2168,exercise,1
442,350,exercise,1
442,2079,exercise,1
442,2076,exercise,1
442,2176,exercise,1
442,2032,exercise,1
442,2178,exercise,1
442,2739,exercise,1
442,1730,exercise,1
442,2160,exercise,1
442,2166,exercise,1
443,2542,exercise,1
443,232,exercise,1
443,1082,exercise,1
443,969,exercise,1
443,2860,exercise,1
443,1757,exercise,1
443,2463,exercise,1
443,1472,exercise,1
443,791,exercise,1
443,2061,exercise,1
443,25,exercise,1
443,279,exercise,1
443,2334,exercise,1
443,301,exercise,1
443,829,exercise,1
443,219,exercise,1
443,600,exercise,1
443,890,exercise,1
443,535,exercise,1
443,396,exercise,1
444,2796,exercise,1
444,2581,exercise,1
444,882,exercise,1
444,1032,exercise,1
444,2399,exercise,1
444,335,exercise,1
444,1969,exercise,1
444,2232,exercise,1
444,1429,exercise,1
444,712,exercise,1
444,850,exercise,1
444,1068,exercise,1
444,1960,exercise,1
444,762,exercise,1
444,2851,exercise,1
444,1091,exercise,1
444,1396,exercise,1
444,1272,exercise,1
444,2713,exercise,1
444,2103,exercise,1
445,2072,exercise,1
445,2119,exercise,1
445,2192,exercise,1
445,1730,exercise,1
445,2236,exercise,1
445,2069,exercise,1
445,2740,exercise,1
445,2177,exercise,1
445,2208,exercise,1
445,2078,exercise,1
445,2077,exercise,1
445,2076,exercise,1
445,2079,exercise,1
445,2125,exercise,1
445,2166,exercise,1
445,2739,exercise,1
445,2160,exercise,1
445,2176,exercise,1
445,994,exercise,1
445,2031,exercise,1
446,1357,exercise,1
446,2806,exercise,1
446,2533,exercise,1
446,644,exercise,1
446,2597,exercise,1
446,759,exercise,1
446,1123,exercise,1
446,1751,exercise,1
446,2218,exercise,1
446,1400,exercise,1
446,2114,exercise,1
446,1257,exercise,1
446,1724,exercise,1
446,2635,exercise,1
446,2852,exercise,1
446,2300,exercise,1
446,309,exercise,1
446,1531,exercise,1
446,576,exercise,1
446,2253,exercise,1
447,652,exercise,1
447,817,exercise,1
447,18,exercise,1
447,53,exercise,1
447,2371,exercise,1
447,1720,exercise,1
447,2333,exercise,1
447,1877,exercise,1
447,1925,exercise,1
447,1827,exercise,1
447,1716,exercise,1
447,1768,exercise,1
447,2326,exercise,1
447,1413,exercise,1
447,2771,exercise,1
447,308,exercise,1
447,1905,exercise,1
447,164,exercise,1
447,528,exercise,1
447,1781,exercise,1
448,2067,exercise,1
448,2072,exercise,1
448,2176,exercise,1
448,2079,exercise,1
448,2168,exercise,1
448,2178,exercise,1
448,2192,exercise,1
448,2166,exercise,1
448,2069,exercise,1
448,2208,exercise,1
448,2160,exercise,1
448,2078,exercise,1
448,2131,exercise,1
448,2172,exercise,1
448,350,exercise,1
448,2001,exercise,1
448,2003,exercise,1
448,2236,exercise,1
448,2032,exercise,1
448,994,exercise,1
449,1668,exercise,1
449,117,exercise,1
449,622,exercise,1
449,1140,exercise,1
449,2849,exercise,1
449,2129,exercise,1
449,620,exercise,1
449,1111,exercise,1
449,1078,exercise,1
449,2836,exercise,1
449,2707,exercise,1
449,698,exercise,1
449,51,exercise,1
449,495,exercise,1
449,395,exercise,1
449,1782,exercise,1
449,1859,exercise,1
449,2776,exercise,1
449,347,exercise,1
449,2463,exercise,1
450,1956,exercise,1
450,719,exercise,1
450,1972,exercise,1
450,1102,exercise,1
450,1365,exercise,1
450,2371,exercise,1
450,2516,exercise,1
450,1762,exercise,1
450,2756,exercise,1
450,1414,exercise,1
450,1906,exercise,1
450,381,exercise,1
450,464,exercise,1
450,2684,exercise,1
450,1586,exercise,1
450,603,exercise,1
450,1184,exercise,1
450,917,exercise,1
450,1858,exercise,1
450,1421,exercise,1
451,729,exercise,1
451,2335,exercise,1
451,7,exercise,1
451,413,exercise,1
451,301,exercise,1
451,1935,exercise,1
451,2483,exercise,1
451,1930,exercise,1
451,1278,exercise,1
451,1989,exercise,1
451,738,exercise,1
451,762,exercise,1
451,1722,exercise,1
451,803,exercise,1
451,567,exercise,1
451,861,exercise,1
451,2326,exercise,1
451,792,exercise,1
451,2393,exercise,1
451,471,exercise,1
452,673,exercise,1
452,566,exercise,1
452,597,exercise,1
452,306,exercise,1
452,560,exercise,1
452,578,exercise,1
452,1017,exercise,1
452,2233,exercise,1
452,2298,exercise,1
452,409,exercise,1
452,526,exercise,1
452,349,exercise,1
452,1269,exercise,1
452,361,exercise,1
452,2169,exercise,1
452,445,exercise,1
452,1246,exercise,1
452,318,exercise,1
452,1743,exercise,1
452,246,exercise,1
453,2078,exercise,1
453,2192,exercise,1
453,2208,exercise,1
453,2001,exercise,1
453,150,exercise,1
453,350,exercise,1
453,2031,exercise,1
453,2168,exercise,1
453,2739,exercise,1
453,2135,exercise,1
453,2124,exercise,1
453,2178,exercise,1
453,994,exercise,1
453,2236,exercise,1
453,2079,exercise,1
453,2176,exercise,1
453,2003,exercise,1
453,885,exercise,1
453,1338,exercise,1
453,2160,exercise,1
454,1608,exercise,1
454,2275,exercise,1
454,1607,exercise,1
454,2155,exercise,1
454,1620,exercise,1
454,1395,exercise,1
454,976,exercise,1
454,2135,exercise,1
454,2212,exercise,1
454,2171,exercise,1
454,303,exercise,1
454,2125,exercise,1
454,1594,exercise,1
454,391,exercise,1
454,192,exercise,1
454,2346,exercise,1
454,2232,exercise,1
454,473,exercise,1
454,239,exercise,1
454,440,exercise,1
455,2119,exercise,1
455,2078,exercise,1
455,2166,exercise,1
455,2177,exercise,1
455,2125,exercise,1
455,2135,exercise,1
455,2178,exercise,1
455,2176,exercise,1
455,2739,exercise,1
455,2079,exercise,1
455,2076,exercise,1
455,2208,exercise,1
455,2001,exercise,1
455,150,exercise,1
455,2131,exercise,1
455,2003,exercise,1
455,2192,exercise,1
455,350,exercise,1
455,2067,exercise,1
455,2172,exercise,1
456,2177,exercise,1
456,2077,exercise,1
456,2208,exercise,1
456,2170,exercise,1
456,2166,exercise,1
456,2125,exercise,1
456,2236,exercise,1
456,885,exercise,1
456,2069,exercise,1
456,2076,exercise,1
456,2078,exercise,1
456,2135,exercise,1
456,2160,exercise,1
456,994,exercise,1
456,2072,exercise,1
456,1730,exercise,1
456,2739,exercise,1
456,150,exercise,1
456,2031,exercise,1
456,2178,exercise,1
457,2360,exercise,1
457,373,exercise,1
457,1362,exercise,1
457,2580,exercise,1
457,2231,exercise,1
457,728,exercise,1
457,2084,exercise,1
457,490,exercise,1
457,2295,exercise,1
457,2547,exercise,1
457,1051,exercise,1
457,1061,exercise,1
457,923,exercise,1
457,738,exercise,1
457,383,exercise,1
457,451,exercise,1
457,2040,exercise,1
457,121,exercise,1
457,696,exercise,1
457,1501,exercise,1
458,1243,exercise,1
458,689,exercise,1
458,1013,exercise,1
458,2371,exercise,1
458,438,exercise,1
458,464,exercise,1
458,2403,exercise,1
458,371,exercise,1
458,1599,exercise,1
458,696,exercise,1
458,318,exercise,1
458,1620,exercise,1
458,2168,exercise,1
458,2177,exercise,1
458,2290,exercise,1
458,969,exercise,1
458,855,exercise,1
458,1023,exercise,1
458,424,exercise,1
458,1272,exercise,1
459,473,exercise,1
459,382,exercise,1
459,1565,exercise,1
459,2794,exercise,1
459,810,exercise,1
459,492,exercise,1
459,2685,exercise,1
459,1694,exercise,1
459,538,exercise,1
459,1437,exercise,1
459,1750,exercise,1
459,2702,exercise,1
459,7,exercise,1
459,1427,exercise,1
459,268,exercise,1
459,2800,exercise,1
459,2538,exercise,1
459,825,exercise,1
459,1805,exercise,1
459,1971,exercise,1
460,2143,exercise,1
460,444,exercise,1
460,2897,exercise,1
460,692,exercise,1
460,404,exercise,1
460,2205,exercise,1
460,204,exercise,1
460,2339,exercise,1
460,1397,exercise,1
460,482,exercise,1
460,1276,exercise,1
460,686,exercise,1
460,2731,exercise,1
460,2329,exercise,1
460,487,exercise,1
460,1256,exercise,1
460,489,exercise,1
460,257,exercise,1
460,1517,exercise,1
460,1390,exercise,1
461,2003,exercise,1
461,2119,exercise,1
461,2192,exercise,1
461,2076,exercise,1
461,2078,exercise,1
461,2032,exercise,1
461,2160,exercise,1
461,2072,exercise,1
461,350,exercise,1
461,2170,exercise,1
461,2067,exercise,1
461,1338,exercise,1
461,2177,exercise,1
461,2001,exercise,1
461,2740,exercise,1
461,2178,exercise,1
461,2079,exercise,1
461,2031,exercise,1
461,2131,exercise,1
461,1730,exercise,1
462,2067,exercise,1
462,350,exercise,1
462,2170,exercise,1
462,2135,exercise,1
462,2076,exercise,1
462,2208,exercise,1
462,2078,exercise,1
462,2069,exercise,1
462,2168,exercise,1
462,2072,exercise,1
462,2236,exercise,1
462,885,exercise,1
462,2079,exercise,1
462,2032,exercise,1
462,2178,exercise,1
462,2740,exercise,1
462,2160,exercise,1
462,2001,exercise,1
462,150,exercise,1
462,2077,exercise,1
463,296,exercise,1
463,1372,exercise,1
463,2333,exercise,1
463,521,exercise,1
463,467,exercise,1
463,2300,exercise,1
463,2384,exercise,1
463,1265,exercise,1
463,482,exercise,1
463,615,exercise,1
463,684,exercise,1
463,586,exercise,1
463,204,exercise,1
463,2137,exercise,1
463,394,exercise,1
463,493,exercise,1
463,2179,exercise,1
463,2282,exercise,1
463,536,exercise,1
463,303,exercise,1
464,1644,exercise,1
464,2261,exercise,1
464,775,exercise,1
464,219,exercise,1
464,497,exercise,1
464,2438,exercise,1
464,1558,exercise,1
464,2799,exercise,1
464,2005,exercise,1
464,627,exercise,1
464,1874,exercise,1
464,1068,exercise,1
464,141,exercise,1
464,503,exercise,1
464,1051,exercise,1
464,1854,exercise,1
464,2335,exercise,1
464,1395,exercise,1
464,2825,exercise,1
464,751,exercise,1
465,2168,exercise,1
465,1730,exercise,1
465,2178,exercise,1
465,2740,exercise,1
465,2031,exercise,1
465,2131,exercise,1
465,2236,exercise,1
465,2077,exercise,1
465,2069,exercise,1
465,150,exercise,1
465,994,exercise,1
465,2208,exercise,1
465,885,exercise,1
465,2166,exercise,1
465,2078,exercise,1
465,2032,exercise,1
465,2739,exercise,1
465,2176,exercise,1
465,350,exercise,1
465,1338,exercise,1
466,2001,exercise,1
466,2069,exercise,1
466,2168,exercise,1
466,2192,exercise,1
466,2131,exercise,1
466,2160,exercise,1
466,2076,exercise,1
466,2032,exercise,1
466,2124,exercise,1
466,1338,exercise,1
466,994,exercise,1
466,2067,exercise,1
466,885,exercise,1
466,2119,exercise,1
466,1730,exercise,1
466,2125,exercise,1
466,2176,exercise,1
466,2172,exercise,1
466,2031,exercise,1
466,350,exercise,1
467,2453,exercise,1
467,2748,exercise,1
467,2540,exercise,1
467,525,exercise,1
467,897,exercise,1
467,497,exercise,1
467,780,exercise,1
467,2822,exercise,1
467,777,exercise,1
467,22,exercise,1
467,2605,exercise,1
467,2088,exercise,1
467,1441,exercise,1
467,520,exercise,1
467,163,exercise,1
467,549,exercise,1
467,2707,exercise,1
467,900,exercise,1
467,704,exercise,1
467,378,exercise,1
468,2079,exercise,1
468,885,exercise,1
468,1730,exercise,1
468,2003,exercise,1
468,2740,exercise,1
468,2032,exercise,1
468,2069,exercise,1
468,2119,exercise,1
468,2236,exercise,1
468,2076,exercise,1
468,2135,exercise,1
468,150,exercise,1
468,2208,exercise,1
468,2178,exercise,1
468,350,exercise,1
468,2166,exercise,1
468,2124,exercise,1
468,2168,exercise,1
468,2031,exercise,1
468,2072,exercise,1
469,2208,exercise,1
469,2131,exercise,1
469,2160,exercise,1
469,2076,exercise,1
469,2236,exercise,1
469,994,exercise,1
469,2135,exercise,1
469,2172,exercise,1
469,350,exercise,1
469,2003,exercise,1
469,2176,exercise,1
469,2001,exercise,1
469,1338,exercise,1
469,2032,exercise,1
469,2166,exercise,1
469,2069,exercise,1
469,885,exercise,1
469,2072,exercise,1
469,2740,exercise,1
469,2078,exercise,1
470,1952,exercise,1
470,319,exercise,1
470,2585,exercise,1
470,1114,exercise,1
470,1137,exercise,1
470,1758,exercise,1
470,708,exercise,1
470,1858,exercise,1
470,2153,exercise,1
470,358,exercise,1
470,1111,exercise,1
470,1966,exercise,1
470,603,exercise,1
470,2528,exercise,1
470,879,exercise,1
470,304,exercise,1
470,1190,exercise,1
470,834,exercise,1
470,1720,exercise,1
470,2656,exercise,1
471,2236,exercise,1
471,2067,exercise,1
471,2172,exercise,1
471,2032,exercise,1
471,2739,exercise,1
471,2170,exercise,1
471,2076,exercise,1
471,2072,exercise,1
471,150,exercise,1
471,2125,exercise,1
471,2003,exercise,1
471,885,exercise,1
471,2031,exercise,1
471,994,exercise,1
471,2119,exercise,1
471,2192,exercise,1
471,2160,exercise,1
471,2001,exercise,1
471,2178,exercise,1
471,1338,exercise,1
472,1730,exercise,1
472,2166,exercise,1
472,2135,exercise,1
472,2119,exercise,1
472,1338,exercise,1
472,2176,exercise,1
472,2170,exercise,1
472,2003,exercise,1
472,2031,exercise,1
472,150,exercise,1
472,994,exercise,1
472,2072,exercise,1
472,2178,exercise,1
472,2739,exercise,1
472,2168,exercise,1
472,2069,exercise,1
472,2077,exercise,1
472,2032,exercise,1
472,2740,exercise,1
472,350,exercise,1
473,2499,exercise,1
473,1613,exercise,1
473,2682,exercise,1
473,1251,exercise,1
473,2592,exercise,1
473,1189,exercise,1
473,2858,exercise,1
473,422,exercise,1
473,200,exercise,1
473,739,exercise,1
473,1457,exercise,1
473,1793,exercise,1
473,780,exercise,1
473,1589,exercise,1
473,2510,exercise,1
473,2605,exercise,1
473,2818,exercise,1
473,1879,exercise,1
473,2284,exercise,1
473,2809,exercise,1
474,1131,exercise,1
474,39,exercise,1
474,2430,exercise,1
474,655,exercise,1
474,534,exercise,1
474,601,exercise,1
474,1744,exercise,1
474,2657,exercise,1
474,1173,exercise,1
474,227,exercise,1
474,1704,exercise,1
474,1085,exercise,1
474,2863,exercise,1
474,1937,exercise,1
474,2191,exercise,1
474,794,exercise,1
474,2058,exercise,1
474,1645,exercise,1
474,2252,exercise,1
474,2390,exercise,1
475,1233,exercise,1
475,2272,exercise,1
475,2899,exercise,1
475,906,exercise,1
475,1375,exercise,1
475,364,exercise,1
475,2228,exercise,1
475,1390,exercise,1
475,370,exercise,1
475,348,exercise,1
475,343,exercise,1
475,977,exercise,1
475,377,exercise,1
475,524,exercise,1
475,303,exercise,1
475,362,exercise,1
475,1264,exercise,1
475,2731,exercise,1
475,207,exercise,1
475,2278,exercise,1
476,2236,exercise,1
476,2031,exercise,1
476,2192,exercise,1
476,2208,exercise,1
476,2079,exercise,1
476,2135,exercise,1
476,2178,exercise,1
476,2119,exercise,1
476,2160,exercise,1
476,994,exercise,1
476,2072,exercise,1
476,150,exercise,1
476,2125,exercise,1
476,2001,exercise,1
476,2166,exercise,1
476,2131,exercise,1
476,2168,exercise,1
476,2124,exercise,1
476,2739,exercise,1
476,2177,exercise,1
477,2177,exercise,1
477,2067,exercise,1
477,2077,exercise,1
477,2069,exercise,1
477,885,exercise,1
477,2208,exercise,1
477,2172,exercise,1
477,1338,exercise,1
477,2079,exercise,1
477,2178,exercise,1
477,350,exercise,1
477,2076,exercise,1
477,2078,exercise,1
477,2072,exercise,1
477,1730,exercise,1
477,2131,exercise,1
477,2739,exercise,1
477,2003,exercise,1
477,2124,exercise,1
477,2168,exercise,1
478,1281,exercise,1
478,2385,exercise,1
478,1270,exercise,1
478,1028,exercise,1
478,674,exercise,1
478,190,exercise,1
478,2202,exercise,1
478,683,exercise,1
478,1374,exercise,1
478,2888,exercise,1
478,258,exercise,1
478,2344,exercise,1
478,2395,exercise,1
478,303,exercise,1
478,2124,exercise,1
478,199,exercise,1
478,2350,exercise,1
478,1599,exercise,1
478,1369,exercise,1
478,2130,exercise,1
479,22,exercise,1
479,1616,exercise,1
479,802,exercise,1
479,1866,exercise,1
479,1640,exercise,1
479,37,exercise,1
479,432,exercise,1
479,1988,exercise,1
479,2336,exercise,1
479,850,exercise,1
479,364,exercise,1
479,2500,exercise,1
479,2433,exercise,1
479,648,exercise,1
479,1903,exercise,1
479,528,exercise,1
479,2329,exercise,1
479,30,exercise,1
479,661,exercise,1
479,1096,exercise,1
480,2248,exercise,1
480,1831,exercise,1
480,1721,exercise,1
480,1353,exercise,1
480,1680,exercise,1
480,1978,exercise,1
480,786,exercise,1
480,2530,exercise,1
480,1182,exercise,1
480,462,exercise,1
480,2046,exercise,1
480,2049,exercise,1
480,701,exercise,1
480,589,exercise,1
480,1636,exercise,1
480,2038,exercise,1
480,24,exercise,1
480,1666,exercise,1
480,858,exercise,1
480,471,exercise,1
481,1263,exercise,1
481,167,exercise,1
481,564,exercise,1
481,1827,exercise,1
481,1948,exercise,1
481,1511,exercise,1
481,131,exercise,1
481,693,exercise,1
481,857,exercise,1
481,2284,exercise,1
481,1158,exercise,1
481,503,exercise,1
481,2324,exercise,1
481,2586,exercise,1
481,2350,exercise,1
481,541,exercise,1
481,1493,exercise,1
481,1867,exercise,1
481,2390,exercise,1
481,1805,exercise,1
482,466,exercise,1
482,458,exercise,1
482,87,exercise,1
482,533,exercise,1
482,656,exercise,1
482,1585,exercise,1
482,2369,exercise,1
482,56,exercise,1
482,1033,exercise,1
482,218,exercise,1
482,1573,exercise,1
482,1983,exercise,1
482,2814,exercise,1
482,33,exercise,1
482,2013,exercise,1
482,2300,exercise,1
482,1300,exercise,1
482,1261,exercise,1
482,2324,exercise,1
482,359,exercise,1
483,993,exercise,1
483,498,exercise,1
483,2755,exercise,1
483,568,exercise,1
483,996,exercise,1
483,1244,exercise,1
483,421,exercise,1
483,1025,exercise,1
483,992,exercise,1
483,2274,exercise,1
483,592,exercise,1
483,2366,exercise,1
483,397,exercise,1
483,2736,exercise,1
483,557,exercise,1
483,577,exercise,1
483,492,exercise,1
483,961,exercise,1
483,434,exercise,1
483,458,exercise,1
484,264,exercise,1
484,1046,exercise,1
484,579,exercise,1
484,485,exercise,1
484,2269,exercise,1
484,222,exercise,1
484,594,exercise,1
484,372,exercise,1
484,290,exercise,1
484,2174,exercise,1
484,2230,exercise,1
484,2908,exercise,1
484,1377,exercise,1
484,911,exercise,1
484,692,exercise,1
484,1617,exercise,1
484,2282,exercise,1
484,2391,exercise,1
484,314,exercise,1
484,2891,exercise,1
485,291,exercise,1
485,1373,exercise,1
485,411,exercise,1
485,1037,exercise,1
485,2140,exercise,1
485,1243,exercise,1
485,1776,exercise,1
485,2252,exercise,1
485,991,exercise,1
485,1508,exercise,1
485,283,exercise,1
485,558,exercise,1
485,269,exercise,1
485,187,exercise,1
485,292,exercise,1
485,1523,exercise,1
485,679,exercise,1
485,1263,exercise,1
485,2377,exercise,1
485,1252,exercise,1
486,2001,exercise,1
486,2176,exercise,1
486,2069,exercise,1
486,2079,exercise,1
486,2192,exercise,1
486,2078,exercise,1
486,2236,exercise,1
486,2067,exercise,1
486,2032,exercise,1
486,994,exercise,1
486,2170,exercise,1
486,2135,exercise,1
486,150,exercise,1
486,2166,exercise,1
486,2119,exercise,1
486,2077,exercise,1
486,2124,exercise,1
486,2125,exercise,1
486,885,exercise,1
486,2160,exercise,1
487,1219,exercise,1
487,916,exercise,1
487,2743,exercise,1
487,1768,exercise,1
487,374,exercise,1
487,452,exercise,1
487,551,exercise,1
487,2835,exercise,1
487,509,exercise,1
487,171,exercise,1
487,2761,exercise,1
487,821,exercise,1
487,831,exercise,1
487,2082,exercise,1
487,421,exercise,1
487,322,exercise,1
487,2583,exercise,1
487,1590,exercise,1
487,1391,exercise,1
487,2275,exercise,1
488,2518,exercise,1
488,648,exercise,1
488,182,exercise,1
488,540,exercise,1
488,826,exercise,1
488,1936,exercise,1
488,2587,exercise,1
488,1101,exercise,1
488,2628,exercise,1
488,1605,exercise,1
488,1687,exercise,1
488,2093,exercise,1
488,497,exercise,1
488,2036,exercise,1
488,292,exercise,1
488,2310,exercise,1
488,1950,exercise,1
488,2490,exercise,1
488,2396,exercise,1
488,90,exercise,1
489,2823,exercise,1
489,1203,exercise,1
489,545,exercise,1
489,1283,exercise,1
489,189,exercise,1
489,2652,exercise,1
489,264,exercise,1
489,820,exercise,1
489,1844,exercise,1
489,2348,exercise,1
489,2513,exercise,1
489,2430,exercise,1
489,322,exercise,1
489,717,exercise,1
489,2043,exercise,1
489,2423,exercise,1
489,1776,exercise,1
489,2649,exercise,1
489,1813,exercise,1
489,1870,exercise,1
490,2119,exercise,1
490,2076,exercise,1
490,2069,exercise,1
490,150,exercise,1
490,1730,exercise,1
490,2124,exercise,1
490,2001,exercise,1
490,2178,exercise,1
490,2160,exercise,1
490,2208,exercise,1
490,2079,exercise,1
490,2077,exercise,1
490,2168,exercise,1
490,2172,exercise,1
490,2031,exercise,1
490,2236,exercise,1
490,2740,exercise,1
490,2170,exercise,1
490,1338,exercise,1
490,2067,exercise,1
491,976,exercise,1
491,189,exercise,1
491,2518,exercise,1
491,1040,exercise,1
491,1305,exercise,1
491,163,exercise,1
491,623,exercise,1
491,1226,exercise,1
491,561,exercise,1
491,1186,exercise,1
491,216,exercise,1
491,1084,exercise,1
491,916,exercise,1
491,2522,exercise,1
491,492,exercise,1
491,6,exercise,1
491,1620,exercise,1
491,2863,exercise,1
491,1712,exercise,1
491,1497,exercise,1
492,2582,exercise,1
492,1151,exercise,1
492,564,exercise,1
492,1893,exercise,1
492,2874,exercise,1
492,1325,exercise,1
492,1484,exercise,1
492,246,exercise,1
492,43,exercise,1
492,1644,exercise,1
492,956,exercise,1
492,1234,exercise,1
492,763,exercise,1
492,1118,exercise,1
492,65,exercise,1
492,2547,exercise,1
492,2762,exercise,1
492,455,exercise,1
492,1771,exercise,1
492,1131,exercise,1
493,2076,exercise,1
493,2177,exercise,1
493,2077,exercise,1
493,2131,exercise,1
493,2031,exercise,1
493,2001,exercise,1
493,2124,exercise,1
493,2208,exercise,1
493,2170,exercise,1
493,2168,exercise,1
493,2072,exercise,1
493,1338,exercise,1
493,2236,exercise,1
493,2003,exercise,1
493,2740,exercise,1
493,2125,exercise,1
493,2069,exercise,1
493,2032,exercise,1
493,2192,exercise,1
493,885,exercise,1
494,2199,exercise,1
494,797,exercise,1
494,761,exercise,1
494,814,exercise,1
494,2671,exercise,1
494,2330,exercise,1
494,778,exercise,1
494,1251,exercise,1
494,87,exercise,1
494,1424,exercise,1
494,707,exercise,1
494,767,exercise,1
494,1824,exercise,1
494,2859,exercise,1
494,809,exercise,1
494,300,exercise,1
494,605,exercise,1
494,311,exercise,1
494,1981,exercise,1
494,1077,exercise,1
495,2220,exercise,1
495,391,exercise,1
495,467,exercise,1
495,210,exercise,1
495,390,exercise,1
495,2169,exercise,1
495,2182,exercise,1
495,228,exercise,1
495,411,exercise,1
495,213,exercise,1
495,275,exercise,1
495,456,exercise,1
495,994,exercise,1
495,357,exercise,1
495,1034,exercise,1
495,488,exercise,1
495,215,exercise,1
495,205,exercise,1
495,410,exercise,1
495,1623,exercise,1
496,1730,exercise,1
496,2072,exercise,1
496,2031,exercise,1
496,2192,exercise,1
496,2168,exercise,1
496,2124,exercise,1
496,2177,exercise,1
496,2077,exercise,1
496,2172,exercise,1
496,2740,exercise,1
496,2032,exercise,1
496,2067,exercise,1
496,2078,exercise,1
496,1338,exercise,1
496,2003,exercise,1
496,2178,exercise,1
496,885,exercise,1
496,2236,exercise,1
496,150,exercise,1
496,2176,exercise,1
497,438,exercise,1
497,2563,exercise,1
497,1334,exercise,1
497,437,exercise,1
497,2417,exercise,1
497,1923,exercise,1
497,597,exercise,1
497,5,exercise,1
497,978,exercise,1
497,100,exercise,1
497,991,exercise,1
497,1973,exercise,1
497,1773,exercise,1
497,620,exercise,1
497,1635,exercise,1
497,1279,exercise,1
497,998,exercise,1
497,1783,exercise,1
497,481,exercise,1
497,2348,exercise,1
498,468,exercise,1
498,979,exercise,1
498,433,exercise,1
498,1249,exercise,1
498,1651,exercise,1
498,327,exercise,1
498,2894,exercise,1
498,1525,exercise,1
498,501,exercise,1
498,1664,exercise,1
498,364,exercise,1
498,180,exercise,1
498,2846,exercise,1
498,637,exercise,1
498,769,exercise,1
498,1992,exercise,1
498,2518,exercise,1
498,1554,exercise,1
498,2839,exercise,1
498,790,exercise,1
499,2176,exercise,1
499,2032,exercise,1
499,2125,exercise,1
499,2124,exercise,1
499,2069,exercise,1
499,2177,exercise,1
499,994,exercise,1
499,2031,exercise,1
499,2078,exercise,1
499,2135,exercise,1
499,2192,exercise,1
499,2740,exercise,1
499,2160,exercise,1
499,885,exercise,1
499,150,exercise,1
499,2077,exercise,1
499,2172,exercise,1
499,1730,exercise,1
499,2170,exercise,1
499,2001,exercise,1
500,2375,exercise,1
500,323,exercise,1
500,417,exercise,1
500,2271,exercise,1
500,1239,exercise,1
500,482,exercise,1
500,371,exercise,1
500,1514,exercise,1
500,447,exercise,1
500,558,exercise,1
500,2184,exercise,1
500,1780,exercise,1
500,1506,exercise,1
500,2408,exercise,1
500,2264,exercise,1
500,2395,exercise,1
500,2254,exercise,1
500,1609,exercise,1
500,473,exercise,1
500,995,exercise,1
501,2253,exercise,1
501,2414,exercise,1
501,2404,exercise,1
501,909,exercise,1
501,2183,exercise,1
501,357,exercise,1
501,2259,exercise,1
501,687,exercise,1
501,364,exercise,1
501,967,exercise,1
501,2136,exercise,1
501,191,exercise,1
501,602,exercise,1
501,221,exercise,1
501,2138,exercise,1
501,2379,exercise,1
501,463,exercise,1
501,415,exercise,1
501,310,exercise,1
501,2119,exercise,1
502,471,exercise,1
502,1272,exercise,1
502,2338,exercise,1
502,481,exercise,1
502,2258,exercise,1
502,982,exercise,1
502,617,exercise,1
502,697,exercise,1
502,300,exercise,1
502,468,exercise,1
502,426,exercise,1
502,479,exercise,1
502,2169,exercise,1
502,239,exercise,1
502,2265,exercise,1
502,2168,exercise,1
502,297,exercise,1
502,405,exercise,1
502,339,exercise,1
502,2387,exercise,1
503,2067,exercise,1
503,350,exercise,1
503,2032,exercise,1
503,2166,exercise,1
503,1338,exercise,1
503,885,exercise,1
503,2003,exercise,1
503,2178,exercise,1
503,150,exercise,1
503,2124,exercise,1
503,2076,exercise,1
503,2192,exercise,1
503,1730,exercise,1
503,2078,exercise,1
503,2208,exercise,1
503,2160,exercise,1
503,2119,exercise,1
503,2031,exercise,1
503,2135,exercise,1
503,2125,exercise,1
504,213,exercise,1
504,1256,exercise,1
504,413,exercise,1
504,505,exercise,1
504,308,exercise,1
504,251,exercise,1
504,541,exercise,1
504,2738,exercise,1
504,514,exercise,1
504,208,exercise,1
504,2207,exercise,1
504,2263,exercise,1
504,2326,exercise,1
504,1014,exercise,1
504,2735,exercise,1
504,1386,exercise,1
504,911,exercise,1
504,2275,exercise,1
504,513,exercise,1
504,1234,exercise,1
505,2464,exercise,1
505,1735,exercise,1
505,529,exercise,1
505,924,exercise,1
505,1860,exercise,1
505,2908,exercise,1
505,241,exercise,1
505,954,exercise,1
505,1813,exercise,1
505,792,exercise,1
505,2623,exercise,1
505,2848,exercise,1
505,331,exercise,1
505,2239,exercise,1
505,2276,exercise,1
505,1442,exercise,1
505,1889,exercise,1
505,1760,exercise,1
505,718,exercise,1
505,235,exercise,1
506,2264,exercise,1
506,584,exercise,1
506,1038,exercise,1
506,408,exercise,1
506,399,exercise,1
506,345,exercise,1
506,2138,exercise,1
506,1605,exercise,1
506,243,exercise,1
506,976,exercise,1
506,1246,exercise,1
506,519,exercise,1
506,404,exercise,1
506,319,exercise,1
506,619,exercise,1
506,208,exercise,1
506,1395,exercise,1
506,577,exercise,1
506,607,exercise,1
506,253,exercise,1
507,1181,exercise,1
507,365,exercise,1
507,2674,exercise,1
507,2646,exercise,1
507,186,exercise,1
507,2642,exercise,1
507,2302,exercise,1
507,190,exercise,1
507,200,exercise,1
507,1442,exercise,1
507,398,exercise,1
507,1417,exercise,1
507,35,exercise,1
507,1648,exercise,1
507,1252,exercise,1
507,1861,exercise,1
507,2381,exercise,1
507,845,exercise,1
507,1452,exercise,1
507,1819,exercise,1
508,2160,exercise,1
508,2031,exercise,1
508,2001,exercise,1
508,2135,exercise,1
508,2076,exercise,1
508,2177,exercise,1
508,2166,exercise,1
508,2079,exercise,1
508,994,exercise,1
508,2176,exercise,1
508,2168,exercise,1
508,1338,exercise,1
508,150,exercise,1
508,2124,exercise,1
508,2072,exercise,1
508,350,exercise,1
508,2170,exercise,1
508,2192,exercise,1
508,2236,exercise,1
508,2078,exercise,1
509,2215,exercise,1
509,337,exercise,1
509,399,exercise,1
509,1013,exercise,1
509,941,exercise,1
509,593,exercise,1
509,696,exercise,1
509,2375,exercise,1
509,2441,exercise,1
509,2863,exercise,1
509,2476,exercise,1
509,1570,exercise,1
509,2089,exercise,1
509,554,exercise,1
509,1560,exercise,1
509,1311,exercise,1
509,1672,exercise,1
509,1997,exercise,1
509,166,exercise,1
509,1794,exercise,1
510,903,exercise,1
510,2870,exercise,1
510,2855,exercise,1
510,322,exercise,1
510,643,exercise,1
510,2655,exercise,1
510,2358,exercise,1
510,415,exercise,1
510,62,exercise,1
510,601,exercise,1
510,1421,exercise,1
510,2574,exercise,1
510,374,exercise,1
510,2364,exercise,1
510,402,exercise,1
510,2167,exercise,1
510,1447,exercise,1
510,742,exercise,1
510,1345,exercise,1
510,708,exercise,1
511,1236,exercise,1
511,2700,exercise,1
511,1676,exercise,1
511,1635,exercise,1
511,382,exercise,1
511,306,exercise,1
511,773,exercise,1
511,2205,exercise,1
511,1126,exercise,1
511,2259,exercise,1
511,1118,exercise,1
511,2060,exercise,1
511,592,exercise,1
511,524,exercise,1
511,2666,exercise,1
511,2333,exercise,1
511,165,exercise,1
511,1686,exercise,1
511,1279,exercise,1
511,1872,exercise,1
512,450,exercise,1
512,2298,exercise,1
512,2147,exercise,1
512,2757,exercise,1
512,1392,exercise,1
512,2161,exercise,1
512,356,exercise,1
512,2242,exercise,1
512,2744,exercise,1
512,2317,exercise,1
512,1024,exercise,1
512,273,exercise,1
512,302,exercise,1
512,987,exercise,1
512,202,exercise,1
512,507,exercise,1
512,405,exercise,1
512,1271,exercise,1
512,2175,exercise,1
512,515,exercise,1
513,2170,exercise,1
513,1338,exercise,1
513,2077,exercise,1
513,2168,exercise,1
513,2176,exercise,1
513,2236,exercise,1
513,2135,exercise,1
513,885,exercise,1
513,2069,exercise,1
513,2178,exercise,1
513,2740,exercise,1
513,2131,exercise,1
513,2119,exercise,1
513,2208,exercise,1
513,994,exercise,1
513,2067,exercise,1
513,2076,exercise,1
513,150,exercise,1
513,2001,exercise,1
513,2003,exercise,1
514,1864,exercise,1
514,1501,exercise,1
514,279,exercise,1
514,1453,exercise,1
514,1574,exercise,1
514,2845,exercise,1
514,2312,exercise,1
514,927,exercise,1
514,2271,exercise,1
514,485,exercise,1
514,1229,exercise,1
514,2118,exercise,1
514,159,exercise,1
514,2565,exercise,1
514,656,exercise,1
514,2256,exercise,1
514,616,exercise,1
514,937,exercise,1
514,1473,exercise,1
514,2680,exercise,1
515,2832,exercise,1
515,1750,exercise,1
515,270,exercise,1
515,1668,exercise,1
515,1985,exercise,1
515,2260,exercise,1
515,931,exercise,1
515,232,exercise,1
515,923,exercise,1
515,94,exercise,1
515,1956,exercise,1
515,1184,exercise,1
515,1097,exercise,1
515,761,exercise,1
515,359,exercise,1
515,601,exercise,1
515,301,exercise,1
515,1219,exercise,1
515,1891,exercise,1
515,354,exercise,1
516,2320,exercise,1
516,2255,exercise,1
516,2907,exercise,1
516,676,exercise,1
516,1017,exercise,1
516,562,exercise,1
516,296,exercise,1
516,375,exercise,1
516,2273,exercise,1
516,1618,exercise,1
516,1277,exercise,1
516,522,exercise,1
516,592,exercise,1
516,1746,exercise,1
516,2254,exercise,1
516,2396,exercise,1
516,2383,exercise,1
516,517,exercise,1
516,2303,exercise,1
516,2132,exercise,1
517,2168,exercise,1
517,150,exercise,1
517,2072,exercise,1
517,1338,exercise,1
517,2166,exercise,1
517,2135,exercise,1
517,2124,exercise,1
517,2125,exercise,1
517,2208,exercise,1
517,2067,exercise,1
517,2178,exercise,1
517,2192,exercise,1
517,2170,exercise,1
517,2739,exercise,1
517,2172,exercise,1
517,350,exercise,1
517,2077,exercise,1
517,994,exercise,1
517,2119,exercise,1
517,2076,exercise,1
518,2172,exercise,1
518,2079,exercise,1
518,150,exercise,1
518,2177,exercise,1
518,2192,exercise,1
518,2740,exercise,1
518,2176,exercise,1
518,1338,exercise,1
518,2131,exercise,1
518,2077,exercise,1
518,2178,exercise,1
518,2124,exercise,1
518,994,exercise,1
518,350,exercise,1
518,2001,exercise,1
518,2739,exercise,1
518,2031,exercise,1
518,2166,exercise,1
518,2208,exercise,1
518,2135,exercise,1
519,1608,exercise,1
519,912,exercise,1
519,823,exercise,1
519,2701,exercise,1
519,59,exercise,1
519,1704,exercise,1
519,1678,exercise,1
519,67,exercise,1
519,1364,exercise,1
519,1410,exercise,1
519,2377,exercise,1
519,527,exercise,1
519,2365,exercise,1
519,2136,exercise,1
519,1916,exercise,1
519,1911,exercise,1
519,1636,exercise,1
519,1638,exercise,1
519,2568,exercise,1
519,1979,exercise,1
520,2135,exercise,1
520,2003,exercise,1
520,2069,exercise,1
520,2178,exercise,1
520,2076,exercise,1
520,2236,exercise,1
520,1730,exercise,1
520,2119,exercise,1
520,2125,exercise,1
520,2177,exercise,1
520,2176,exercise,1
520,2192,exercise,1
520,2072,exercise,1
520,2032,exercise,1
520,2166,exercise,1
520,2124,exercise,1
520,2078,exercise,1
520,2077,exercise,1
520,2170,exercise,1
520,2168,exercise,1
521,350,exercise,1
521,2172,exercise,1
521,2001,exercise,1
521,2208,exercise,1
521,2166,exercise,1
521,2168,exercise,1
521,2125,exercise,1
521,2119,exercise,1
521,994,exercise,1
521,2131,exercise,1
521,2077,exercise,1
521,2079,exercise,1
521,2124,exercise,1
521,2740,exercise,1
521,2032,exercise,1
521,1730,exercise,1
521,150,exercise,1
521,2072,exercise,1
521,2003,exercise,1
521,2236,exercise,1
522,842,exercise,1
522,2244,exercise,1
522,526,exercise,1
522,1620,exercise,1
522,2219,exercise,1
522,1912,exercise,1
522,1834,exercise,1
522,32,exercise,1
522,1722,exercise,1
522,976,exercise,1
522,2399,exercise,1
522,1258,exercise,1
522,1174,exercise,1
522,1153,exercise,1
522,1412,exercise,1
522,1933,exercise,1
522,1058,exercise,1
522,18,exercise,1
522,136,exercise,1
522,65,exercise,1
523,647,exercise,1
523,1721,exercise,1
523,2453,exercise,1
523,2827,exercise,1
523,1454,exercise,1
523,1536,exercise,1
523,738,exercise,1
523,2682,exercise,1
523,1985,exercise,1
523,1055,exercise,1
523,2609,exercise,1
523,1809,exercise,1
523,830,exercise,1
523,2897,exercise,1
523,1819,exercise,1
523,216,exercise,1
523,2718,exercise,1
523,1991,exercise,1
523,544,exercise,1
523,1814,exercise,1
524,2069,exercise,1
524,2170,exercise,1
524,2131,exercise,1
524,2067,exercise,1
524,2076,exercise,1
524,2003,exercise,1
524,994,exercise,1
524,2160,exercise,1
524,2739,exercise,1
524,1338,exercise,1
524,2079,exercise,1
524,2177,exercise,1
524,2236,exercise,1
524,2124,exercise,1
524,2072,exercise,1
524,1730,exercise,1
524,2166,exercise,1
524,2078,exercise,1
524,2125,exercise,1
524,2208,exercise,1
525,399,exercise,1
525,107,exercise,1
525,2041,exercise,1
525,48,exercise,1
525,2799,exercise,1
525,645,exercise,1
525,115,exercise,1
525,2904,exercise,1
525,2559,exercise,1
525,337,exercise,1
525,2681,exercise,1
525,1761,exercise,1
525,105,exercise,1
525,551,exercise,1
525,2115,exercise,1
525,1662,exercise,1
525,813,exercise,1
525,1054,exercise,1
525,975,exercise,1
525,1352,exercise,1
526,2526,exercise,1
526,1069,exercise,1
526,1737,exercise,1
526,1136,exercise,1
526,216,exercise,1
526,1209,exercise,1
526,356,exercise,1
526,605,exercise,1
526,95,exercise,1
526,2712,exercise,1
526,440,exercise,1
526,471,exercise,1
526,2198,exercise,1
526,2809,exercise,1
526,519,exercise,1
526,459,exercise,1
526,603,exercise,1
526,1263,exercise,1
526,1152,exercise,1
526,786,exercise,1
527,331,exercise,1
527,2345,exercise,1
527,1668,exercise,1
527,899,exercise,1
527,1800,exercise,1
527,429,exercise,1
527,2332,exercise,1
527,90,exercise,1
527,1915,exercise,1
527,316,exercise,1
527,2313,exercise,1
527,327,exercise,1
527,917,exercise,1
527,1943,exercise,1
527,1725,exercise,1
527,1445,exercise,1
527,2115,exercise,1
527,703,exercise,1
527,781,exercise,1
527,1358,exercise,1
528,771,exercise,1
528,2656,exercise,1
528,2854,exercise,1
528,130,exercise,1
528,497,exercise,1
528,1576,exercise,1
528,1602,exercise,1
528,2303,exercise,1
528,2884,exercise,1
528,2827,exercise,1
528,2571,exercise,1
528,21,exercise,1
528,671,exercise,1
528,2467,exercise,1
528,1112,exercise,1
528,518,exercise,1
528,835,exercise,1
528,2866,exercise,1
528,124,exercise,1
528,2538,exercise,1
529,2448,exercise,1
529,2418,exercise,1
529,643,exercise,1
529,943,exercise,1
529,1682,exercise,1
529,487,exercise,1
529,946,exercise,1
529,122,exercise,1
529,1496,exercise,1
529,584,exercise,1
529,958,exercise,1
529,358,exercise,1
529,535,exercise,1
529,1174,exercise,1
529,1201,exercise,1
529,2306,exercise,1
529,864,exercise,1
529,395,exercise,1
529,1623,exercise,1
529,2606,exercise,1
530,2124,exercise,1
530,2178,exercise,1
530,2208,exercise,1
530,2176,exercise,1
530,2079,exercise,1
530,2072,exercise,1
530,2001,exercise,1
530,2031,exercise,1
530,1730,exercise,1
530,2177,exercise,1
530,2135,exercise,1
530,2160,exercise,1
530,2236,exercise,1
530,2739,exercise,1
530,994,exercise,1
530,2170,exercise,1
530,2172,exercise,1
530,2119,exercise,1
530,2077,exercise,1
530,2078,exercise,1
531,2208,exercise,1
531,2176,exercise,1
531,2177,exercise,1
531,2739,exercise,1
531,2125,exercise,1
531,2166,exercise,1
531,2031,exercise,1
531,2172,exercise,1
531,2067,exercise,1
531,2192,exercise,1
531,994,exercise,1
531,2170,exercise,1
531,2072,exercise,1
531,2076,exercise,1
531,2001,exercise,1
531,885,exercise,1
531,2124,exercise,1
531,2168,exercise,1
531,150,exercise,1
531,2135,exercise,1
532,140,exercise,1
532,2416,exercise,1
532,1106,exercise,1
532,2762,exercise,1
532,1899,exercise,1
532,1320,exercise,1
532,2843,exercise,1
532,2505,exercise,1
532,1630,exercise,1
532,1851,exercise,1
532,124,exercise,1
532,486,exercise,1
532,776,exercise,1
532,1476,exercise,1
532,1982,exercise,1
532,805,exercise,1
532,1661,exercise,1
532,1073,exercise,1
532,314,exercise,1
532,943,exercise,1
533,2166,exercise,1
533,2740,exercise,1
533,2032,exercise,1
533,2131,exercise,1
533,994,exercise,1
533,150,exercise,1
533,2067,exercise,1
533,2160,exercise,1
533,2178,exercise,1
533,2176,exercise,1
533,2177,exercise,1
533,2001,exercise,1
533,2077,exercise,1
533,2124,exercise,1
533,2168,exercise,1
533,2739,exercise,1
533,885,exercise,1
533,2072,exercise,1
533,2125,exercise,1
533,2236,exercise,1
534,2076,exercise,1
534,2739,exercise,1
534,2740,exercise,1
534,2001,exercise,1
534,2119,exercise,1
534,2031,exercise,1
534,2160,exercise,1
534,2125,exercise,1
534,2170,exercise,1
534,2135,exercise,1
534,885,exercise,1
534,2124,exercise,1
534,2131,exercise,1
534,2236,exercise,1
534,2172,exercise,1
534,2079,exercise,1
534,2168,exercise,1
534,150,exercise,1
534,2032,exercise,1
534,2177,exercise,1
535,2729,exercise,1
535,281,exercise,1
535,1048,exercise,1
535,2258,exercise,1
535,430,exercise,1
535,440,exercise,1
535,2323,exercise,1
535,536,exercise,1
535,1522,exercise,1
535,2180,exercise,1
535,970,exercise,1
535,229,exercise,1
535,1252,exercise,1
535,222,exercise,1
535,195,exercise,1
535,2355,exercise,1
535,1261,exercise,1
535,460,exercise,1
535,2232,exercise,1
535,264,exercise,1
536,2739,exercise,1
536,885,exercise,1
536,2135,exercise,1
536,350,exercise,1
536,2740,exercise,1
536,2078,exercise,1
536,994,exercise,1
536,2172,exercise,1
536,2170,exercise,1
536,2076,exercise,1
536,2166,exercise,1
536,2032,exercise,1
536,2031,exercise,1
536,2067,exercise,1
536,2069,exercise,1
536,2119,exercise,1
536,2178,exercise,1
536,2131,exercise,1
536,2236,exercise,1
536,2001,exercise,1
537,994,exercise,1
537,2170,exercise,1
537,2125,exercise,1
537,2178,exercise,1
537,2078,exercise,1
537,2176,exercise,1
537,2131,exercise,1
537,2740,exercise,1
537,2172,exercise,1
537,2069,exercise,1
537,2236,exercise,1
537,2208,exercise,1
537,150,exercise,1
537,2003,exercise,1
537,350,exercise,1
537,2177,exercise,1
537,2076,exercise,1
537,2072,exercise,1
537,2119,exercise,1
537,2135,exercise,1
538,737,exercise,1
538,377,exercise,1
538,823,exercise,1
538,1698,exercise,1
538,2534,exercise,1
538,21,exercise,1
538,220,exercise,1
538,1133,exercise,1
538,179,exercise,1
538,470,exercise,1
538,200,exercise,1
538,1394,exercise,1
538,322,exercise,1
538,1150,exercise,1
538,1503,exercise,1
538,2897,exercise,1
538,1763,exercise,1
538,1195,exercise,1
538,745,exercise,1
538,588,exercise,1
539,2178,exercise,1
539,2003,exercise,1
539,2031,exercise,1
539,2131,exercise,1
539,2176,exercise,1
539,1338,exercise,1
539,2168,exercise,1
539,2124,exercise,1
539,2076,exercise,1
539,2208,exercise,1
539,2077,exercise,1
539,2135,exercise,1
539,994,exercise,1
539,2079,exercise,1
539,2166,exercise,1
539,2739,exercise,1
539,2170,exercise,1
539,2032,exercise,1
539,885,exercise,1
539,2740,exercise,1
540,2384,exercise,1
540,854,exercise,1
540,374,exercise,1
540,1026,exercise,1
540,1275,exercise,1
540,355,exercise,1
540,1780,exercise,1
540,982,exercise,1
540,607,exercise,1
540,345,exercise,1
540,339,exercise,1
540,2408,exercise,1
540,309,exercise,1
540,673,exercise,1
540,212,exercise,1
540,688,exercise,1
540,2367,exercise,1
540,2197,exercise,1
540,576,exercise,1
540,2409,exercise,1
541,1566,exercise,1
541,902,exercise,1
541,2784,exercise,1
541,2494,exercise,1
541,2432,exercise,1
541,1437,exercise,1
541,1431,exercise,1
541,2116,exercise,1
541,649,exercise,1
541,2387,exercise,1
541,449,exercise,1
541,549,exercise,1
541,954,exercise,1
541,1677,exercise,1
541,1774,exercise,1
541,2128,exercise,1
541,2443,exercise,1
541,879,exercise,1
541,1869,exercise,1
541,813,exercise,1
542,1227,exercise,1
542,1956,exercise,1
542,712,exercise,1
542,1411,exercise,1
542,2703,exercise,1
542,435,exercise,1
542,620,exercise,1
542,2206,exercise,1
542,455,exercise,1
542,468,exercise,1
542,1050,exercise,1
542,68,exercise,1
542,2205,exercise,1
542,806,exercise,1
542,1170,exercise,1
542,120,exercise,1
542,2285,exercise,1
542,2521,exercise,1
542,2134,exercise,1
542,1640,exercise,1
543,428,exercise,1
543,358,exercise,1
543,2121,exercise,1
543,2279,exercise,1
543,672,exercise,1
543,494,exercise,1
543,2208,exercise,1
543,2736,exercise,1
543,2278,exercise,1
543,2748,exercise,1
543,1601,exercise,1
543,294,exercise,1
543,2299,exercise,1
543,1044,exercise,1
543,2153,exercise,1
543,388,exercise,1
543,286,exercise,1
543,2188,exercise,1
543,2271,exercise,1
543,587,exercise,1
544,573,exercise,1
544,2220,exercise,1
544,547,exercise,1
544,1234,exercise,1
544,2406,exercise,1
544,2895,exercise,1
544,2283,exercise,1
544,409,exercise,1
544,288,exercise,1
544,995,exercise,1
544,413,exercise,1
544,687,exercise,1
544,421,exercise,1
544,294,exercise,1
544,259,exercise,1
544,1041,exercise,1
544,983,exercise,1
544,323,exercise,1
544,395,exercise,1
544,1244,exercise,1
545,2914,exercise,1
545,1877,exercise,1
545,1812,exercise,1
545,1816,exercise,1
545,431,exercise,1
545,958,exercise,1
545,1177,exercise,1
545,2349,exercise,1
545,890,exercise,1
545,740,exercise,1
545,878,exercise,1
545,1606,exercise,1
545,1276,exercise,1
545,2811,exercise,1
545,13,exercise,1
545,404,exercise,1
545,801,exercise,1
545,2395,exercise,1
545,2285,exercise,1
545,1411,exercise,1
546,2078,exercise,1
546,2067,exercise,1
546,2131,exercise,1
546,1338,exercise,1
546,1730,exercise,1
546,2192,exercise,1
546,2739,exercise,1
546,2077,exercise,1
546,2208,exercise,1
546,150,exercise,1
546,2135,exercise,1
546,2740,exercise,1
546,2076,exercise,1
546,2177,exercise,1
546,2170,exercise,1
546,2236,exercise,1
546,2125,exercise,1
546,2069,exercise,1
546,2172,exercise,1
546,2176,exercise,1
547,2160,exercise,1
547,2192,exercise,1
547,150,exercise,1
547,2208,exercise,1
547,2176,exercise,1
547,2003,exercise,1
547,2078,exercise,1
547,994,exercise,1
547,350,exercise,1
547,2236,exercise,1
547,2124,exercise,1
547,2135,exercise,1
547,2032,exercise,1
547,2178,exercise,1
547,2079,exercise,1
547,2166,exercise,1
547,2077,exercise,1
547,2076,exercise,1
547,2072,exercise,1
547,2172,exercise,1
548,1605,exercise,1
548,2322,exercise,1
548,2400,exercise,1
548,1776,exercise,1
548,1013,exercise,1
548,2392,exercise,1
548,1005,exercise,1
548,2142,exercise,1
548,2335,exercise,1
548,213,exercise,1
548,1780,exercise,1
548,1285,exercise,1
548,1601,exercise,1
548,2893,exercise,1
548,2387,exercise,1
548,417,exercise,1
548,1041,exercise,1
548,229,exercise,1
548,489,exercise,1
548,2245,exercise,1
549,597,exercise,1
549,1651,exercise,1
549,2360,exercise,1
549,128,exercise,1
549,1065,exercise,1
549,2704,exercise,1
549,1988,exercise,1
549,1660,exercise,1
549,893,exercise,1
549,382,exercise,1
549,834,exercise,1
549,1736,exercise,1
549,459,exercise,1
549,1202,exercise,1
549,2564,exercise,1
549,2109,exercise,1
549,2504,exercise,1
549,760,exercise,1
549,1171,exercise,1
549,1620,exercise,1
550,2196,exercise,1
550,2250,exercise,1
550,1234,exercise,1
550,1383,exercise,1
550,576,exercise,1
550,270,exercise,1
550,2898,exercise,1
550,1621,exercise,1
550,437,exercise,1
550,2283,exercise,1
550,2327,exercise,1
550,1741,exercise,1
550,1259,exercise,1
550,411,exercise,1
550,203,exercise,1
550,2743,exercise,1
550,491,exercise,1
550,2365,exercise,1
550,497,exercise,1
550,1269,exercise,1
551,2067,exercise,1
551,2125,exercise,1
551,2208,exercise,1
551,2124,exercise,1
551,885,exercise,1
551,2170,exercise,1
551,2032,exercise,1
551,150,exercise,1
551,2077,exercise,1
551,350,exercise,1
551,2001,exercise,1
551,2177,exercise,1
551,2236,exercise,1
551,994,exercise,1
551,2178,exercise,1
551,2031,exercise,1
551,1338,exercise,1
551,2176,exercise,1
551,2131,exercise,1
551,2119,exercise,1
552,150,exercise,1
552,994,exercise,1
552,2079,exercise,1
552,2031,exercise,1
552,2069,exercise,1
552,2177,exercise,1
552,2032,exercise,1
552,2170,exercise,1
552,2236,exercise,1
552,2135,exercise,1
552,2168,exercise,1
552,2119,exercise,1
552,1338,exercise,1
552,885,exercise,1
552,2208,exercise,1
552,2072,exercise,1
552,2077,exercise,1
552,2001,exercise,1
552,2192,exercise,1
552,2740,exercise,1
553,133,exercise,1
553,2259,exercise,1
553,1640,exercise,1
553,1083,exercise,1
553,1777,exercise,1
553,1954,exercise,1
553,1854,exercise,1
553,418,exercise,1
553,1140,exercise,1
553,1365,exercise,1
553,2814,exercise,1
553,1426,exercise,1
553,749,exercise,1
553,2642,exercise,1
553,2035,exercise,1
553,1482,exercise,1
553,2721,exercise,1
553,589,exercise,1
553,862,exercise,1
553,1093,exercise,1
554,1927,exercise,1
554,2603,exercise,1
554,859,exercise,1
554,1361,exercise,1
554,1397,exercise,1
554,367,exercise,1
554,1341,exercise,1
554,2654,exercise,1
554,2206,exercise,1
554,2568,exercise,1
554,791,exercise,1
554,1727,exercise,1
554,2039,exercise,1
554,410,exercise,1
554,584,exercise,1
554,2501,exercise,1
554,2074,exercise,1
554,1445,exercise,1
554,2396,exercise,1
554,1660,exercise,1
555,2121,exercise,1
555,2271,exercise,1
555,2351,exercise,1
555,2257,exercise,1
555,2236,exercise,1
555,2340,exercise,1
555,242,exercise,1
555,240,exercise,1
555,2258,exercise,1
555,367,exercise,1
555,473,exercise,1
555,1369,exercise,1
555,982,exercise,1
555,2756,exercise,1
555,2160,exercise,1
555,449,exercise,1
555,1274,exercise,1
555,297,exercise,1
555,2208,exercise,1
555,446,exercise,1
556,198,exercise,1
556,2343,exercise,1
556,2893,exercise,1
556,2338,exercise,1
556,297,exercise,1
556,359,exercise,1
556,298,exercise,1
556,1039,exercise,1
556,405,exercise,1
556,1600,exercise,1
556,385,exercise,1
556,1264,exercise,1
556,2382,exercise,1
556,1596,exercise,1
556,310,exercise,1
556,441,exercise,1
556,2894,exercise,1
556,295,exercise,1
556,612,exercise,1
556,2905,exercise,1
557,2635,exercise,1
557,2349,exercise,1
557,575,exercise,1
557,974,exercise,1
557,652,exercise,1
557,1360,exercise,1
557,1427,exercise,1
557,27,exercise,1
557,2307,exercise,1
557,864,exercise,1
557,486,exercise,1
557,290,exercise,1
557,1,exercise,1
557,645,exercise,1
557,2843,exercise,1
557,516,exercise,1
557,2475,exercise,1
557,416,exercise,1
557,1086,exercise,1
557,892,exercise,1
558,2261,exercise,1
558,102,exercise,1
558,2392,exercise,1
558,2068,exercise,1
558,1800,exercise,1
558,239,exercise,1
558,515,exercise,1
558,1356,exercise,1
558,1877,exercise,1
558,2302,exercise,1
558,793,exercise,1
558,1027,exercise,1
558,2572,exercise,1
558,1136,exercise,1
558,2879,exercise,1
558,2057,exercise,1
558,2916,exercise,1
558,524,exercise,1
558,2013,exercise,1
558,619,exercise,1
559,350,exercise,1
559,2069,exercise,1
559,2032,exercise,1
559,2078,exercise,1
559,1730,exercise,1
559,2079,exercise,1
559,2166,exercise,1
559,2160,exercise,1
559,2119,exercise,1
559,2001,exercise,1
559,2208,exercise,1
559,2168,exercise,1
559,2236,exercise,1
559,2176,exercise,1
559,994,exercise,1
559,2170,exercise,1
559,2135,exercise,1
559,2124,exercise,1
559,2739,exercise,1
559,2125,exercise,1
560,405,exercise,1
560,2346,exercise,1
560,2249,exercise,1
560,2266,exercise,1
560,489,exercise,1
560,243,exercise,1
560,1249,exercise,1
560,2332,exercise,1
560,432,exercise,1
560,2193,exercise,1
560,208,exercise,1
560,1370,exercise,1
560,255,exercise,1
560,2306,exercise,1
560,273,exercise,1
560,2131,exercise,1
560,477,exercise,1
560,2369,exercise,1
560,2349,exercise,1
560,1243,exercise,1
561,671,exercise,1
561,1653,exercise,1
561,2371,exercise,1
561,2382,exercise,1
561,920,exercise,1
561,1612,exercise,1
561,2483,exercise,1
561,1797,exercise,1
561,2428,exercise,1
561,272,exercise,1
561,754,exercise,1
561,639,exercise,1
561,1629,exercise,1
561,2639,exercise,1
561,1561,exercise,1
561,2211,exercise,1
561,591,exercise,1
561,1234,exercise,1
561,1393,exercise,1
561,1837,exercise,1
562,2302,exercise,1
562,1731,exercise,1
562,2253,exercise,1
562,2851,exercise,1
562,778,exercise,1
562,2698,exercise,1
562,2397,exercise,1
562,2485,exercise,1
562,1131,exercise,1
562,547,exercise,1
562,1482,exercise,1
562,2773,exercise,1
562,2717,exercise,1
562,1608,exercise,1
562,2745,exercise,1
562,2918,exercise,1
562,1879,exercise,1
562,291,exercise,1
562,187,exercise,1
562,122,exercise,1
563,2067,exercise,1
563,2077,exercise,1
563,2001,exercise,1
563,2236,exercise,1
563,2078,exercise,1
563,2178,exercise,1
563,2135,exercise,1
563,2192,exercise,1
563,2740,exercise,1
563,2168,exercise,1
563,2003,exercise,1
563,2166,exercise,1
563,2170,exercise,1
563,994,exercise,1
563,1730,exercise,1
563,2125,exercise,1
563,2131,exercise,1
563,2069,exercise,1
563,2177,exercise,1
563,2739,exercise,1
564,156,exercise,1
564,313,exercise,1
564,2058,exercise,1
564,1721,exercise,1
564,2854,exercise,1
564,122,exercise,1
564,752,exercise,1
564,1470,exercise,1
564,457,exercise,1
564,2098,exercise,1
564,1735,exercise,1
564,562,exercise,1
564,2689,exercise,1
564,2612,exercise,1
564,860,exercise,1
564,848,exercise,1
564,1111,exercise,1
564,2344,exercise,1
564,2052,exercise,1
564,1275,exercise,1
565,866,exercise,1
565,702,exercise,1
565,2008,exercise,1
565,2497,exercise,1
565,828,exercise,1
565,369,exercise,1
565,2723,exercise,1
565,101,exercise,1
565,411,exercise,1
565,878,exercise,1
565,138,exercise,1
565,592,exercise,1
565,22,exercise,1
565,1660,exercise,1
565,1892,exercise,1
565,2680,exercise,1
565,2585,exercise,1
565,312,exercise,1
565,1577,exercise,1
565,806,exercise,1
566,2739,exercise,1
566,2208,exercise,1
566,2072,exercise,1
566,2076,exercise,1
566,2124,exercise,1
566,2172,exercise,1
566,2078,exercise,1
566,2079,exercise,1
566,2069,exercise,1
566,2178,exercise,1
566,2125,exercise,1
566,2119,exercise,1
566,1338,exercise,1
566,885,exercise,1
566,2077,exercise,1
566,994,exercise,1
566,350,exercise,1
566,2192,exercise,1
566,2166,exercise,1
566,150,exercise,1
567,2125,exercise,1
567,2001,exercise,1
567,2003,exercise,1
567,2208,exercise,1
567,2236,exercise,1
567,350,exercise,1
567,2740,exercise,1
567,2119,exercise,1
567,2067,exercise,1
567,150,exercise,1
567,2192,exercise,1
567,2032,exercise,1
567,2031,exercise,1
567,2072,exercise,1
567,2069,exercise,1
567,2178,exercise,1
567,2078,exercise,1
567,1730,exercise,1
567,2172,exercise,1
567,2739,exercise,1
568,2236,exercise,1
568,2125,exercise,1
568,2170,exercise,1
568,994,exercise,1
568,2119,exercise,1
568,2160,exercise,1
568,2177,exercise,1
568,2208,exercise,1
568,2124,exercise,1
568,2078,exercise,1
568,2031,exercise,1
568,2131,exercise,1
568,150,exercise,1
568,350,exercise,1
568,2067,exercise,1
568,2003,exercise,1
568,2739,exercise,1
568,2077,exercise,1
568,1338,exercise,1
568,2178,exercise,1
569,881,exercise,1
569,2573,exercise,1
569,1505,exercise,1
569,270,exercise,1
569,1030,exercise,1
569,2342,exercise,1
569,313,exercise,1
569,2642,exercise,1
569,2868,exercise,1
569,146,exercise,1
569,1592,exercise,1
569,304,exercise,1
569,1926,exercise,1
569,2819,exercise,1
569,2878,exercise,1
569,351,exercise,1
569,2602,exercise,1
569,2291,exercise,1
569,551,exercise,1
569,1193,exercise,1
570,885,exercise,1
570,2001,exercise,1
570,2740,exercise,1
570,2208,exercise,1
570,2079,exercise,1
570,2003,exercise,1
570,2131,exercise,1
570,2069,exercise,1
570,2076,exercise,1
570,2078,exercise,1
570,2032,exercise,1
570,2178,exercise,1
570,150,exercise,1
570,350,exercise,1
570,2160,exercise,1
570,2739,exercise,1
570,2168,exercise,1
570,2125,exercise,1
570,2176,exercise,1
570,2031,exercise,1
571,1782,exercise,1
571,1734,exercise,1
571,529,exercise,1
571,1984,exercise,1
571,1972,exercise,1
571,2583,exercise,1
571,581,exercise,1
571,490,exercise,1
571,2043,exercise,1
571,500,exercise,1
571,2894,exercise,1
571,1694,exercise,1
571,1624,exercise,1
571,834,exercise,1
571,1577,exercise,1
571,2051,exercise,1
571,250,exercise,1
571,1045,exercise,1
571,1020,exercise,1
571,393,exercise,1
572,150,exercise,1
572,2077,exercise,1
572,2172,exercise,1
572,885,exercise,1
572,2170,exercise,1
572,2740,exercise,1
572,2176,exercise,1
572,2166,exercise,1
572,2003,exercise,1
572,350,exercise,1
572,2208,exercise,1
572,2192,exercise,1
572,1338,exercise,1
572,2739,exercise,1
572,1730,exercise,1
572,2119,exercise,1
572,2178,exercise,1
572,2124,exercise,1
572,2125,exercise,1
572,2079,exercise,1
573,451,exercise,1
573,2210,exercise,1
573,2376,exercise,1
573,436,exercise,1
573,343,exercise,1
573,342,exercise,1
573,998,exercise,1
573,607,exercise,1
573,2409,exercise,1
573,2127,exercise,1
573,689,exercise,1
573,2304,exercise,1
573,1369,exercise,1
573,2147,exercise,1
573,1268,exercise,1
573,992,exercise,1
573,1040,exercise,1
573,1515,exercise,1
573,2754,exercise,1
573,401,exercise,1
574,1595,exercise,1
574,1903,exercise,1
574,2312,exercise,1
574,1234,exercise,1
574,336,exercise,1
574,878,exercise,1
574,578,exercise,1
574,2461,exercise,1
574,1009,exercise,1
574,1397,exercise,1
574,2597,exercise,1
574,920,exercise,1
574,519,exercise,1
574,1713,exercise,1
574,598,exercise,1
574,148,exercise,1
574,1034,exercise,1
574,2065,exercise,1
574,2164,exercise,1
574,485,exercise,1
575,2364,exercise,1
575,140,exercise,1
575,1186,exercise,1
575,1227,exercise,1
575,2771,exercise,1
575,1768,exercise,1
575,1358,exercise,1
575,363,exercise,1
575,259,exercise,1
575,1232,exercise,1
575,2867,exercise,1
575,1767,exercise,1
575,2349,exercise,1
575,78,exercise,1
575,1762,exercise,1
575,1783,exercise,1
575,2086,exercise,1
575,186,exercise,1
575,984,exercise,1
575,894,exercise,1
576,563,exercise,1
576,2278,exercise,1
576,293,exercise,1
576,1374,exercise,1
576,250,exercise,1
576,1743,exercise,1
576,239,exercise,1
576,1606,exercise,1
576,1023,exercise,1
576,681,exercise,1
576,242,exercise,1
576,1616,exercise,1
576,2284,exercise,1
576,2271,exercise,1
576,302,exercise,1
576,414,exercise,1
576,2202,exercise,1
576,1265,exercise,1
576,2360,exercise,1
576,2277,exercise,1
577,2739,exercise,1
577,2079,exercise,1
577,2067,exercise,1
577,2168,exercise,1
577,2077,exercise,1
577,2166,exercise,1
577,2003,exercise,1
577,1338,exercise,1
577,150,exercise,1
577,2031,exercise,1
577,2135,exercise,1
577,2170,exercise,1
577,885,exercise,1
577,2177,exercise,1
577,2119,exercise,1
577,2236,exercise,1
577,1730,exercise,1
577,2125,exercise,1
577,2178,exercise,1
577,2740,exercise,1
578,1036,exercise,1
578,999,exercise,1
578,211,exercise,1
578,440,exercise,1
578,1378,exercise,1
578,1510,exercise,1
578,1027,exercise,1
578,552,exercise,1
578,2304,exercise,1
578,2343,exercise,1
578,221,exercise,1
578,2296,exercise,1
578,204,exercise,1
578,2351,exercise,1
578,261,exercise,1
578,2141,exercise,1
578,2394,exercise,1
578,690,exercise,1
578,2243,exercise,1
578,309,exercise,1
579,1730,exercise,1
579,2119,exercise,1
579,2131,exercise,1
579,1338,exercise,1
579,2077,exercise,1
579,2740,exercise,1
579,2031,exercise,1
579,2168,exercise,1
579,2170,exercise,1
579,2177,exercise,1
579,2172,exercise,1
579,2078,exercise,1
579,2208,exercise,1
579,2003,exercise,1
579,2236,exercise,1
579,150,exercise,1
579,2069,exercise,1
579,2178,exercise,1
579,2076,exercise,1
579,2067,exercise,1
580,885,exercise,1
580,2069,exercise,1
580,2236,exercise,1
580,2177,exercise,1
580,2124,exercise,1
580,2067,exercise,1
580,350,exercise,1
580,2119,exercise,1
580,2160,exercise,1
580,2003,exercise,1
580,2208,exercise,1
580,2172,exercise,1
580,2031,exercise,1
580,2166,exercise,1
580,150,exercise,1
580,1730,exercise,1
580,2032,exercise,1
580,2178,exercise,1
580,2079,exercise,1
580,2170,exercise,1
581,332,exercise,1
581,2397,exercise,1
581,2068,exercise,1
581,480,exercise,1
581,2414,exercise,1
581,1035,exercise,1
581,880,exercise,1
581,1489,exercise,1
581,2675,exercise,1
581,1709,exercise,1
581,1925,exercise,1
581,307,exercise,1
581,1970,exercise,1
581,1256,exercise,1
581,603,exercise,1
581,103,exercise,1
581,1500,exercise,1
581,2871,exercise,1
581,1671,exercise,1
581,1552,exercise,1
582,2163,exercise,1
582,2359,exercise,1
582,1271,exercise,1
582,249,exercise,1
582,514,exercise,1
582,2150,exercise,1
582,277,exercise,1
582,1264,exercise,1
582,493,exercise,1
582,238,exercise,1
582,403,exercise,1
582,619,exercise,1
582,1391,exercise,1
582,2754,exercise,1
582,2748,exercise,1
582,1745,exercise,1
582,685,exercise,1
582,2183,exercise,1
582,254,exercise,1
582,498,exercise,1
583,346,exercise,1
583,344,exercise,1
583,697,exercise,1
583,2739,exercise,1
583,2252,exercise,1
583,434,exercise,1
583,291,exercise,1
583,2363,exercise,1
583,2907,exercise,1
583,2898,exercise,1
583,2299,exercise,1
583,1399,exercise,1
583,1037,exercise,1
583,585,exercise,1
583,1269,exercise,1
583,991,exercise,1
583,1600,exercise,1
583,989,exercise,1
583,2146,exercise,1
583,964,exercise,1
584,1394,exercise,1
584,422,exercise,1
584,979,exercise,1
584,2307,exercise,1
584,2235,exercise,1
584,2137,exercise,1
584,349,exercise,1
584,1778,exercise,1
584,2743,exercise,1
584,342,exercise,1
584,2387,exercise,1
584,909,exercise,1
584,2315,exercise,1
584,2253,exercise,1
584,908,exercise,1
584,445,exercise,1
584,993,exercise,1
584,2240,exercise,1
584,471,exercise,1
584,1025,exercise,1
585,1617,exercise,1
585,1392,exercise,1
585,427,exercise,1
585,352,exercise,1
585,2232,exercise,1
585,2258,exercise,1
585,2742,exercise,1
585,489,exercise,1
585,2408,exercise,1
585,591,exercise,1
585,554,exercise,1
585,2325,exercise,1
585,217,exercise,1
585,527,exercise,1
585,433,exercise,1
585,2265,exercise,1
585,1033,exercise,1
585,2371,exercise,1
585,394,exercise,1
585,448,exercise,1
586,1991,exercise,1
586,100,exercise,1
586,723,exercise,1
586,314,exercise,1
586,559,exercise,1
586,2436,exercise,1
586,2501,exercise,1
586,1786,exercise,1
586,1953,exercise,1
586,1639,exercise,1
586,539,exercise,1
586,1867,exercise,1
586,2614,exercise,1
586,1053,exercise,1
586,1319,exercise,1
586,506,exercise,1
586,1558,exercise,1
586,1557,exercise,1
586,2806,exercise,1
586,2878,exercise,1
587,2001,exercise,1
587,885,exercise,1
587,1338,exercise,1
587,2160,exercise,1
587,2192,exercise,1
587,2077,exercise,1
587,2076,exercise,1
587,2131,exercise,1
587,2178,exercise,1
587,2166,exercise,1
587,2177,exercise,1
587,2032,exercise,1
587,2078,exercise,1
587,2236,exercise,1
587,1730,exercise,1
587,2170,exercise,1
587,2031,exercise,1
587,2069,exercise,1
587,2072,exercise,1
587,2176,exercise,1
588,2166,exercise,1
588,2178,exercise,1
588,2168,exercise,1
588,2131,exercise,1
588,2077,exercise,1
588,1730,exercise,1
588,2079,exercise,1
588,2740,exercise,1
588,2124,exercise,1
588,2031,exercise,1
588,2236,exercise,1
588,994,exercise,1
588,2003,exercise,1
588,2032,exercise,1
588,2078,exercise,1
588,1338,exercise,1
588,2177,exercise,1
588,2160,exercise,1
588,885,exercise,1
588,2001,exercise,1
589,1514,exercise,1
589,2182,exercise,1
589,1402,exercise,1
589,551,exercise,1
589,479,exercise,1
589,271,exercise,1
589,617,exercise,1
589,2277,exercise,1
589,2896,exercise,1
589,1238,exercise,1
589,1393,exercise,1
589,389,exercise,1
589,1742,exercise,1
589,1252,exercise,1
589,525,exercise,1
589,430,exercise,1
589,1266,exercise,1
589,1235,exercise,1
589,2406,exercise,1
589,2308,exercise,1
590,733,exercise,1
590,1278,exercise,1
590,1132,exercise,1
590,2852,exercise,1
590,451,exercise,1
590,1013,exercise,1
590,1230,exercise,1
590,594,exercise,1
590,410,exercise,1
590,895,exercise,1
590,2594,exercise,1
590,2404,exercise,1
590,731,exercise,1
590,114,exercise,1
590,2820,exercise,1
590,166,exercise,1
590,2556,exercise,1
590,2548,exercise,1
590,846,exercise,1
590,28,exercise,1
591,238,exercise,1
591,2152,exercise,1
591,602,exercise,1
591,1246,exercise,1
591,2269,exercise,1
591,2307,exercise,1
591,2899,exercise,1
591,444,exercise,1
591,2325,exercise,1
591,1273,exercise,1
591,410,exercise,1
591,431,exercise,1
591,2306,exercise,1
591,2281,exercise,1
591,2406,exercise,1
591,1029,exercise,1
591,364,exercise,1
591,470,exercise,1
591,1244,exercise,1
591,426,exercise,1
592,347,exercise,1
592,693,exercise,1
592,338,exercise,1
592,1522,exercise,1
592,506,exercise,1
592,2746,exercise,1
592,1604,exercise,1
592,1234,exercise,1
592,2324,exercise,1
592,2883,exercise,1
592,337,exercise,1
592,1394,exercise,1
592,264,exercise,1
592,2283,exercise,1
592,391,exercise,1
592,1512,exercise,1
592,581,exercise,1
592,258,exercise,1
592,202,exercise,1
592,996,exercise,1
593,2757,exercise,1
593,1728,exercise,1
593,959,exercise,1
593,842,exercise,1
593,1156,exercise,1
593,2246,exercise,1
593,639,exercise,1
593,2305,exercise,1
593,806,exercise,1
593,2355,exercise,1
593,1253,exercise,1
593,556,exercise,1
593,855,exercise,1
593,380,exercise,1
593,2441,exercise,1
593,941,exercise,1
593,14,exercise,1
593,2038,exercise,1
593,290,exercise,1
593,2342,exercise,1
594,2076,exercise,1
594,2069,exercise,1
594,885,exercise,1
594,2172,exercise,1
594,2160,exercise,1
594,2031,exercise,1
594,2125,exercise,1
594,2072,exercise,1
594,2131,exercise,1
594,2124,exercise,1
594,2003,exercise,1
594,2208,exercise,1
594,2739,exercise,1
594,2078,exercise,1
594,2079,exercise,1
594,150,exercise,1
594,2236,exercise,1
594,2740,exercise,1
594,2168,exercise,1
594,994,exercise,1
595,2199,exercise,1
595,2127,exercise,1
595,2381,exercise,1
595,1274,exercise,1
595,383,exercise,1
595,686,exercise,1
595,416,exercise,1
595,1257,exercise,1
595,2255,exercise,1
595,2311,exercise,1
595,1519,exercise,1
595,992,exercise,1
595,2266,exercise,1
595,423,exercise,1
595,546,exercise,1
595,2361,exercise,1
595,1514,exercise,1
595,420,exercise,1
595,1778,exercise,1
595,2222,exercise,1
596,2031,exercise,1
596,2192,exercise,1
596,2208,exercise,1
596,2172,exercise,1
596,2135,exercise,1
596,2003,exercise,1
596,150,exercise,1
596,2032,exercise,1
596,2740,exercise,1
596,2079,exercise,1
596,2001,exercise,1
596,2076,exercise,1
596,350,exercise,1
596,2119,exercise,1
596,2067,exercise,1
596,1338,exercise,1
596,1730,exercise,1
596,2131,exercise,1
596,2125,exercise,1
596,994,exercise,1
597,2212,exercise,1
597,1019,exercise,1
597,297,exercise,1
597,1035,exercise,1
597,2390,exercise,1
597,686,exercise,1
597,1613,exercise,1
597,279,exercise,1
597,1381,exercise,1
597,2312,exercise,1
597,2235,exercise,1
597,691,exercise,1
597,527,exercise,1
597,608,exercise,1
597,411,exercise,1
597,1603,exercise,1
597,453,exercise,1
597,226,exercise,1
597,229,exercise,1
597,2183,exercise,1
598,1524,exercise,1
598,1632,exercise,1
598,2597,exercise,1
598,274,exercise,1
598,206,exercise,1
598,2452,exercise,1
598,919,exercise,1
598,1671,exercise,1
598,2526,exercise,1
598,854,exercise,1
598,662,exercise,1
598,2527,exercise,1
598,1833,exercise,1
598,1004,exercise,1
598,1285,exercise,1
598,703,exercise,1
598,1729,exercise,1
598,1523,exercise,1
598,1926,exercise,1
598,946,exercise,1
599,2078,exercise,1
599,150,exercise,1
599,885,exercise,1
599,350,exercise,1
599,2168,exercise,1
599,2079,exercise,1
599,994,exercise,1
599,2178,exercise,1
599,2072,exercise,1
599,2170,exercise,1
599,2740,exercise,1
599,2208,exercise,1
599,1730,exercise,1
599,2032,exercise,1
599,2135,exercise,1
599,2176,exercise,1
599,2739,exercise,1
599,2166,exercise,1
599,2177,exercise,1
599,1338,exercise,1
600,2003,exercise,1
600,2168,exercise,1
600,2170,exercise,1
600,2031,exercise,1
600,2172,exercise,1
600,2166,exercise,1
600,2177,exercise,1
600,2208,exercise,1
600,885,exercise,1
600,2192,exercise,1
600,2236,exercise,1
600,2079,exercise,1
600,2160,exercise,1
600,2076,exercise,1
600,150,exercise,1
600,2176,exercise,1
600,350,exercise,1
600,2072,exercise,1
600,2069,exercise,1
600,2124,exercise,1
601,2850,exercise,1
601,1432,exercise,1
601,1480,exercise,1
601,1965,exercise,1
601,2424,exercise,1
601,96,exercise,1
601,1365,exercise,1
601,1203,exercise,1
601,2197,exercise,1
601,875,exercise,1
601,425,exercise,1
601,1152,exercise,1
601,2699,exercise,1
601,2251,exercise,1
601,1731,exercise,1
601,1310,exercise,1
601,1993,exercise,1
601,399,exercise,1
601,971,exercise,1
601,1894,exercise,1
602,2119,exercise,1
602,2192,exercise,1
602,2124,exercise,1
602,2078,exercise,1
602,2072,exercise,1
602,150,exercise,1
602,2208,exercise,1
602,2166,exercise,1
602,2739,exercise,1
602,2069,exercise,1
602,2168,exercise,1
602,2740,exercise,1
602,2160,exercise,1
602,994,exercise,1
602,2077,exercise,1
602,2236,exercise,1
602,2170,exercise,1
602,2176,exercise,1
602,2131,exercise,1
602,2172,exercise,1
603,2153,exercise,1
603,2372,exercise,1
603,409,exercise,1
603,1386,exercise,1
603,1598,exercise,1
603,480,exercise,1
603,357,exercise,1
603,381,exercise,1
603,532,exercise,1
603,611,exercise,1
603,2399,exercise,1
603,997,exercise,1
603,475,exercise,1
603,2221,exercise,1
603,2365,exercise,1
603,969,exercise,1
603,306,exercise,1
603,2733,exercise,1
603,1010,exercise,1
603,2251,exercise,1
604,1609,exercise,1
604,494,exercise,1
604,260,exercise,1
604,1511,exercise,1
604,2228,exercise,1
604,197,exercise,1
604,1035,exercise,1
604,614,exercise,1
604,2396,exercise,1
604,2731,exercise,1
604,1391,exercise,1
604,968,exercise,1
604,1512,exercise,1
604,2340,exercise,1
604,2385,exercise,1
604,2901,exercise,1
604,354,exercise,1
604,403,exercise,1
604,2278,exercise,1
604,346,exercise,1
605,446,exercise,1
605,213,exercise,1
605,517,exercise,1
605,2897,exercise,1
605,434,exercise,1
605,526,exercise,1
605,590,exercise,1
605,2292,exercise,1
605,418,exercise,1
605,265,exercise,1
605,2264,exercise,1
605,2410,exercise,1
605,535,exercise,1
605,2907,exercise,1
605,2393,exercise,1
605,477,exercise,1
605,2261,exercise,1
605,2222,exercise,1
605,204,exercise,1
605,1285,exercise,1
606,2033,exercise,1
606,1323,exercise,1
606,1189,exercise,1
606,2473,exercise,1
606,1475,exercise,1
606,2889,exercise,1
606,1710,exercise,1
606,2642,exercise,1
606,719,exercise,1
606,596,exercise,1
606,1285,exercise,1
606,2476,exercise,1
606,882,exercise,1
606,2884,exercise,1
606,1708,exercise,1
606,2467,exercise,1
606,2859,exercise,1
606,1097,exercise,1
606,2264,exercise,1
606,2224,exercise,1
607,1507,exercise,1
607,571,exercise,1
607,712,exercise,1
607,2480,exercise,1
607,2261,exercise,1
607,41,exercise,1
607,1455,exercise,1
607,1927,exercise,1
607,774,exercise,1
607,634,exercise,1
607,2248,exercise,1
607,289,exercise,1
607,23,exercise,1
607,1431,exercise,1
607,808,exercise,1
607,866,exercise,1
607,404,exercise,1
607,2550,exercise,1
607,2209,exercise,1
607,1525,exercise,1
608,265,exercise,1
608,2240,exercise,1
608,2803,exercise,1
608,659,exercise,1
608,288,exercise,1
608,1619,exercise,1
608,2623,exercise,1
608,987,exercise,1
608,1588,exercise,1
608,58,exercise,1
608,830,exercise,1
608,1205,exercise,1
608,1261,exercise,1
608,1969,exercise,1
608,2743,exercise,1
608,1413,exercise,1
608,1702,exercise,1
608,1881,exercise,1
608,1119,exercise,1
608,2644,exercise,1
609,2072,exercise,1
609,1338,exercise,1
609,2032,exercise,1
609,2001,exercise,1
609,2166,exercise,1
609,2208,exercise,1
609,2031,exercise,1
609,1730,exercise,1
609,2177,exercise,1
609,2124,exercise,1
609,994,exercise,1
609,2739,exercise,1
609,2079,exercise,1
609,2170,exercise,1
609,2131,exercise,1
609,2125,exercise,1
609,2236,exercise,1
609,2078,exercise,1
609,350,exercise,1
609,2076,exercise,1
610,11,exercise,1
610,1014,exercise,1
610,944,exercise,1
610,391,exercise,1
610,2888,exercise,1
610,617,exercise,1
610,604,exercise,1
610,715,exercise,1
610,2268,exercise,1
610,2,exercise,1
610,1479,exercise,1
610,333,exercise,1
610,218,exercise,1
610,578,exercise,1
610,2417,exercise,1
610,2062,exercise,1
610,1978,exercise,1
610,2265,exercise,1
610,1506,exercise,1
610,1398,exercise,1
611,2003,exercise,1
611,2078,exercise,1
611,2170,exercise,1
611,2168,exercise,1
611,2208,exercise,1
611,2072,exercise,1
611,2160,exercise,1
611,2739,exercise,1
611,2069,exercise,1
611,2032,exercise,1
611,2079,exercise,1
611,2067,exercise,1
611,2192,exercise,1
611,885,exercise,1
611,2125,exercise,1
611,2740,exercise,1
611,2077,exercise,1
611,2236,exercise,1
611,2076,exercise,1
611,2131,exercise,1
612,2177,exercise,1
612,2208,exercise,1
612,2079,exercise,1
612,2003,exercise,1
612,2119,exercise,1
612,2740,exercise,1
612,2076,exercise,1
612,2131,exercise,1
612,2069,exercise,1
612,1730,exercise,1
612,150,exercise,1
612,2172,exercise,1
612,2077,exercise,1
612,2135,exercise,1
612,2166,exercise,1
612,994,exercise,1
612,2739,exercise,1
612,885,exercise,1
612,2168,exercise,1
612,350,exercise,1
613,552,exercise,1
613,207,exercise,1
613,587,exercise,1
613,2301,exercise,1
613,2135,exercise,1
613,2910,exercise,1
613,585,exercise,1
613,197,exercise,1
613,1385,exercise,1
613,1525,exercise,1
613,378,exercise,1
613,2151,exercise,1
613,1005,exercise,1
613,2737,exercise,1
613,212,exercise,1
613,1236,exercise,1
613,257,exercise,1
613,1240,exercise,1
613,2389,exercise,1
613,2223,exercise,1
614,1106,exercise,1
614,1204,exercise,1
614,246,exercise,1
614,2682,exercise,1
614,126,exercise,1
614,2249,exercise,1
614,2858,exercise,1
614,2118,exercise,1
614,2329,exercise,1
614,751,exercise,1
614,2260,exercise,1
614,2567,exercise,1
614,442,exercise,1
614,159,exercise,1
614,1701,exercise,1
614,120,exercise,1
614,2898,exercise,1
614,650,exercise,1
614,769,exercise,1
614,560,exercise,1
615,1942,exercise,1
615,506,exercise,1
615,241,exercise,1
615,2066,exercise,1
615,270,exercise,1
615,1441,exercise,1
615,416,exercise,1
615,2561,exercise,1
615,1225,exercise,1
615,836,exercise,1
615,2884,exercise,1
615,69,exercise,1
615,1521,exercise,1
615,1450,exercise,1
615,733,exercise,1
615,2783,exercise,1
615,1699,exercise,1
615,2455,exercise,1
615,59,exercise,1
615,1883,exercise,1
616,311,exercise,1
616,319,exercise,1
616,581,exercise,1
616,2735,exercise,1
616,488,exercise,1
616,1032,exercise,1
616,357,exercise,1
616,539,exercise,1
616,2304,exercise,1
616,277,exercise,1
616,1233,exercise,1
616,592,exercise,1
616,2743,exercise,1
616,2234,exercise,1
616,540,exercise,1
616,192,exercise,1
616,1398,exercise,1
616,1240,exercise,1
616,2125,exercise,1
616,431,exercise,1
617,2350,exercise,1
617,362,exercise,1
617,2344,exercise,1
617,366,exercise,1
617,424,exercise,1
617,371,exercise,1
617,559,exercise,1
617,566,exercise,1
617,1400,exercise,1
617,227,exercise,1
617,532,exercise,1
617,207,exercise,1
617,683,exercise,1
617,2163,exercise,1
617,2338,exercise,1
617,354,exercise,1
617,1001,exercise,1
617,1390,exercise,1
617,586,exercise,1
617,463,exercise,1
618,295,exercise,1
618,2172,exercise,1
618,1256,exercise,1
618,550,exercise,1
618,1240,exercise,1
618,473,exercise,1
618,1396,exercise,1
618,2243,exercise,1
618,854,exercise,1
618,571,exercise,1
618,1044,exercise,1
618,594,exercise,1
618,548,exercise,1
618,1273,exercise,1
618,1017,exercise,1
618,2311,exercise,1
618,1035,exercise,1
618,376,exercise,1
618,2414,exercise,1
618,2136,exercise,1
619,2166,exercise,1
619,2160,exercise,1
619,2177,exercise,1
619,2067,exercise,1
619,350,exercise,1
619,2172,exercise,1
619,2124,exercise,1
619,2072,exercise,1
619,1338,exercise,1
619,2119,exercise,1
619,2236,exercise,1
619,2001,exercise,1
619,2739,exercise,1
619,2076,exercise,1
619,2069,exercise,1
619,1730,exercise,1
619,2079,exercise,1
619,2125,exercise,1
619,2032,exercise,1
619,2740,exercise,1
620,2429,exercise,1
620,920,exercise,1
620,1127,exercise,1
620,951,exercise,1
620,2235,exercise,1
620,1138,exercise,1
620,130,exercise,1
620,489,exercise,1
620,2444,exercise,1
620,803,exercise,1
620,2267,exercise,1
620,589,exercise,1
620,2232,exercise,1
620,2762,exercise,1
620,1477,exercise,1
620,1721,exercise,1
620,2656,exercise,1
620,1749,exercise,1
620,2794,exercise,1
620,141,exercise,1
621,400,exercise,1
621,2130,exercise,1
621,202,exercise,1
621,511,exercise,1
621,2259,exercise,1
621,2369,exercise,1
621,1603,exercise,1
621,1607,exercise,1
621,391,exercise,1
621,569,exercise,1
621,2129,exercise,1
621,1377,exercise,1
621,519,exercise,1
621,2352,exercise,1
621,567,exercise,1
621,231,exercise,1
621,2308,exercise,1
621,2343,exercise,1
621,2299,exercise,1
621,2225,exercise,1
622,984,exercise,1
622,1003,exercise,1
622,2160,exercise,1
622,1609,exercise,1
622,2384,exercise,1
622,2217,exercise,1
622,1283,exercise,1
622,268,exercise,1
622,965,exercise,1
622,2746,exercise,1
622,406,exercise,1
622,2258,exercise,1
622,2268,exercise,1
622,1037,exercise,1
622,2216,exercise,1
622,244,exercise,1
622,523,exercise,1
622,2896,exercise,1
622,528,exercise,1
622,1372,exercise,1
623,2739,exercise,1
623,2072,exercise,1
623,2031,exercise,1
623,2236,exercise,1
623,2135,exercise,1
623,2067,exercise,1
623,2170,exercise,1
623,350,exercise,1
623,885,exercise,1
623,2032,exercise,1
623,2168,exercise,1
623,1338,exercise,1
623,2069,exercise,1
623,2077,exercise,1
623,2740,exercise,1
623,2076,exercise,1
623,2003,exercise,1
623,2176,exercise,1
623,150,exercise,1
623,2078,exercise,1
624,1362,exercise,1
624,1412,exercise,1
624,345,exercise,1
624,796,exercise,1
624,1032,exercise,1
624,877,exercise,1
624,2038,exercise,1
624,386,exercise,1
624,1067,exercise,1
624,650,exercise,1
624,2607,exercise,1
624,1720,exercise,1
624,21,exercise,1
624,2276,exercise,1
624,686,exercise,1
624,1605,exercise,1
624,429,exercise,1
624,2262,exercise,1
624,2599,exercise,1
624,1840,exercise,1
625,2076,exercise,1
625,2192,exercise,1
625,2168,exercise,1
625,2178,exercise,1
625,2160,exercise,1
625,2003,exercise,1
625,2236,exercise,1
625,994,exercise,1
625,2072,exercise,1
625,1338,exercise,1
625,2067,exercise,1
625,2170,exercise,1
625,2172,exercise,1
625,2177,exercise,1
625,2032,exercise,1
625,2001,exercise,1
625,2125,exercise,1
625,2031,exercise,1
625,150,exercise,1
625,2124,exercise,1
626,241,exercise,1
626,692,exercise,1
626,550,exercise,1
626,967,exercise,1
626,2151,exercise,1
626,2137,exercise,1
626,1614,exercise,1
626,2734,exercise,1
626,189,exercise,1
626,2211,exercise,1
626,344,exercise,1
626,909,exercise,1
626,468,exercise,1
626,2731,exercise,1
626,570,exercise,1
626,278,exercise,1
626,676,exercise,1
626,1377,exercise,1
626,2300,exercise,1
626,379,exercise,1
627,2182,exercise,1
627,554,exercise,1
627,2267,exercise,1
627,494,exercise,1
627,1252,exercise,1
627,1387,exercise,1
627,2188,exercise,1
627,2380,exercise,1
627,257,exercise,1
627,1020,exercise,1
627,2259,exercise,1
627,553,exercise,1
627,520,exercise,1
627,2211,exercise,1
627,2892,exercise,1
627,404,exercise,1
627,2361,exercise,1
627,356,exercise,1
627,1748,exercise,1
627,394,exercise,1
628,2170,exercise,1
628,150,exercise,1
628,2067,exercise,1
628,2131,exercise,1
628,1338,exercise,1
628,2124,exercise,1
628,2079,exercise,1
628,2072,exercise,1
628,2135,exercise,1
628,2077,exercise,1
628,2739,exercise,1
628,2078,exercise,1
628,2208,exercise,1
628,2172,exercise,1
628,2176,exercise,1
628,994,exercise,1
628,2178,exercise,1
628,2125,exercise,1
628,2168,exercise,1
628,2119,exercise,1
629,2003,exercise,1
629,2177,exercise,1
629,2236,exercise,1
629,2166,exercise,1
629,2168,exercise,1
629,2078,exercise,1
629,2160,exercise,1
629,2067,exercise,1
629,2119,exercise,1
629,2069,exercise,1
629,994,exercise,1
629,1730,exercise,1
629,2076,exercise,1
629,2172,exercise,1
629,2072,exercise,1
629,2192,exercise,1
629,2077,exercise,1
629,2176,exercise,1
629,2124,exercise,1
629,2740,exercise,1
630,2436,exercise,1
630,2887,exercise,1
630,2122,exercise,1
630,2028,exercise,1
630,202,exercise,1
630,2222,exercise,1
630,1248,exercise,1
630,166,exercise,1
630,514,exercise,1
630,2326,exercise,1
630,2203,exercise,1
630,1691,exercise,1
630,210,exercise,1
630,2823,exercise,1
630,1700,exercise,1
630,1107,exercise,1
630,1974,exercise,1
630,1559,exercise,1
630,1345,exercise,1
630,98,exercise,1
631,2119,exercise,1
631,2069,exercise,1
631,2124,exercise,1
631,2160,exercise,1
631,2076,exercise,1
631,150,exercise,1
631,2077,exercise,1
631,2067,exercise,1
631,2032,exercise,1
631,2131,exercise,1
631,350,exercise,1
631,2125,exercise,1
631,994,exercise,1
631,2739,exercise,1
631,2168,exercise,1
631,2166,exercise,1
631,2001,exercise,1
631,2208,exercise,1
631,2078,exercise,1
631,2178,exercise,1
632,2001,exercise,1
632,2031,exercise,1
632,2032,exercise,1
632,2208,exercise,1
632,2076,exercise,1
632,2177,exercise,1
632,2739,exercise,1
632,2069,exercise,1
632,2077,exercise,1
632,2160,exercise,1
632,2125,exercise,1
632,2003,exercise,1
632,2079,exercise,1
632,2124,exercise,1
632,2172,exercise,1
632,2178,exercise,1
632,2192,exercise,1
632,1730,exercise,1
632,2119,exercise,1
632,2170,exercise,1
633,2865,exercise,1
633,431,exercise,1
633,1759,exercise,1
633,2426,exercise,1
633,337,exercise,1
633,1555,exercise,1
633,1364,exercise,1
633,1954,exercise,1
633,1861,exercise,1
633,92,exercise,1
633,793,exercise,1
633,1122,exercise,1
633,339,exercise,1
633,2004,exercise,1
633,493,exercise,1
633,831,exercise,1
633,2691,exercise,1
633,1145,exercise,1
633,1397,exercise,1
633,2909,exercise,1
634,2740,exercise,1
634,2078,exercise,1
634,994,exercise,1
634,2166,exercise,1
634,2124,exercise,1
634,2739,exercise,1
634,2001,exercise,1
634,2168,exercise,1
634,2076,exercise,1
634,2031,exercise,1
634,2208,exercise,1
634,2160,exercise,1
634,1730,exercise,1
634,2170,exercise,1
634,2079,exercise,1
634,2177,exercise,1
634,2125,exercise,1
634,2069,exercise,1
634,1338,exercise,1
634,2077,exercise,1
635,1888,exercise,1
635,896,exercise,1
635,77,exercise,1
635,1918,exercise,1
635,548,exercise,1
635,1206,exercise,1
635,1171,exercise,1
635,2213,exercise,1
635,2822,exercise,1
635,1458,exercise,1
635,414,exercise,1
635,964,exercise,1
635,980,exercise,1
635,75,exercise,1
635,1484,exercise,1
635,969,exercise,1
635,278,exercise,1
635,2889,exercise,1
635,1284,exercise,1
635,2880,exercise,1
636,2257,exercise,1
636,1526,exercise,1
636,2192,exercise,1
636,2370,exercise,1
636,211,exercise,1
636,1620,exercise,1
636,1615,exercise,1
636,1507,exercise,1
636,1740,exercise,1
636,2306,exercise,1
636,496,exercise,1
636,2342,exercise,1
636,2729,exercise,1
636,617,exercise,1
636,534,exercise,1
636,2204,exercise,1
636,1013,exercise,1
636,2231,exercise,1
636,253,exercise,1
636,347,exercise,1
637,2208,exercise,1
637,2160,exercise,1
637,1730,exercise,1
637,2076,exercise,1
637,2166,exercise,1
637,2079,exercise,1
637,2069,exercise,1
637,2032,exercise,1
637,2176,exercise,1
637,2168,exercise,1
637,2067,exercise,1
637,2077,exercise,1
637,2135,exercise,1
637,2192,exercise,1
637,150,exercise,1
637,2739,exercise,1
637,2170,exercise,1
637,2740,exercise,1
637,2001,exercise,1
637,2131,exercise,1
638,233,exercise,1
638,1250,exercise,1
638,2401,exercise,1
638,966,exercise,1
638,2164,exercise,1
638,455,exercise,1
638,2171,exercise,1
638,438,exercise,1
638,384,exercise,1
638,2206,exercise,1
638,685,exercise,1
638,618,exercise,1
638,412,exercise,1
638,1261,exercise,1
638,551,exercise,1
638,516,exercise,1
638,2231,exercise,1
638,2246,exercise,1
638,2127,exercise,1
638,691,exercise,1
639,1240,exercise,1
639,1507,exercise,1
639,2139,exercise,1
639,402,exercise,1
639,1400,exercise,1
639,2736,exercise,1
639,2199,exercise,1
639,853,exercise,1
639,2223,exercise,1
639,2409,exercise,1
639,2346,exercise,1
639,1255,exercise,1
639,2316,exercise,1
639,507,exercise,1
639,549,exercise,1
639,2226,exercise,1
639,1265,exercise,1
639,192,exercise,1
639,1610,exercise,1
639,2359,exercise,1
640,2069,exercise,1
640,2001,exercise,1
640,2168,exercise,1
640,2172,exercise,1
640,2076,exercise,1
640,2192,exercise,1
640,2739,exercise,1
640,2131,exercise,1
640,150,exercise,1
640,2125,exercise,1
640,2003,exercise,1
640,1338,exercise,1
640,2170,exercise,1
640,2160,exercise,1
640,2079,exercise,1
640,2178,exercise,1
640,885,exercise,1
640,2135,exercise,1
640,2176,exercise,1
640,1730,exercise,1
641,2078,exercise,1
641,2067,exercise,1
641,2192,exercise,1
641,1730,exercise,1
641,2236,exercise,1
641,2069,exercise,1
641,150,exercise,1
641,2166,exercise,1
641,2125,exercise,1
641,2170,exercise,1
641,2131,exercise,1
641,2072,exercise,1
641,2119,exercise,1
641,2079,exercise,1
641,2001,exercise,1
641,2208,exercise,1
641,2031,exercise,1
641,2135,exercise,1
641,2740,exercise,1
641,2172,exercise,1
642,595,exercise,1
642,1513,exercise,1
642,457,exercise,1
642,1269,exercise,1
642,318,exercise,1
642,249,exercise,1
642,609,exercise,1
642,2340,exercise,1
642,2336,exercise,1
642,987,exercise,1
642,2304,exercise,1
642,981,exercise,1
642,548,exercise,1
642,2732,exercise,1
642,413,exercise,1
642,1607,exercise,1
642,516,exercise,1
642,996,exercise,1
642,2356,exercise,1
642,331,exercise,1
643,134,exercise,1
643,1885,exercise,1
643,2456,exercise,1
643,2246,exercise,1
643,1773,exercise,1
643,303,exercise,1
643,1931,exercise,1
643,1135,exercise,1
643,2533,exercise,1
643,512,exercise,1
643,2856,exercise,1
643,2520,exercise,1
643,99,exercise,1
643,2046,exercise,1
643,2290,exercise,1
643,261,exercise,1
643,1322,exercise,1
643,1857,exercise,1
643,168,exercise,1
643,1681,exercise,1
644,2755,exercise,1
644,2297,exercise,1
644,2273,exercise,1
644,440,exercise,1
644,398,exercise,1
644,484,exercise,1
644,1023,exercise,1
644,414,exercise,1
644,532,exercise,1
644,2146,exercise,1
644,2241,exercise,1
644,1613,exercise,1
644,476,exercise,1
644,983,exercise,1
644,2384,exercise,1
644,674,exercise,1
644,1035,exercise,1
644,384,exercise,1
644,1601,exercise,1
644,337,exercise,1
645,2402,exercise,1
645,987,exercise,1
645,1018,exercise,1
645,1619,exercise,1
645,1273,exercise,1
645,2306,exercise,1
645,1595,exercise,1
645,2318,exercise,1
645,1014,exercise,1
645,1207,exercise,1
645,259,exercise,1
645,472,exercise,1
645,489,exercise,1
645,2901,exercise,1
645,1259,exercise,1
645,239,exercise,1
645,693,exercise,1
645,2166,exercise,1
645,2149,exercise,1
645,1274,exercise,1
646,510,exercise,1
646,1374,exercise,1
646,2369,exercise,1
646,2296,exercise,1
646,1272,exercise,1
646,502,exercise,1
646,449,exercise,1
646,486,exercise,1
646,1267,exercise,1
646,2182,exercise,1
646,1012,exercise,1
646,858,exercise,1
646,243,exercise,1
646,619,exercise,1
646,1370,exercise,1
646,492,exercise,1
646,210,exercise,1
646,1025,exercise,1
646,2153,exercise,1
646,2889,exercise,1
647,2739,exercise,1
647,2170,exercise,1
647,2192,exercise,1
647,2067,exercise,1
647,2069,exercise,1
647,2131,exercise,1
647,1338,exercise,1
647,2124,exercise,1
647,2079,exercise,1
647,2208,exercise,1
647,2172,exercise,1
647,2236,exercise,1
647,2072,exercise,1
647,2078,exercise,1
647,2178,exercise,1
647,2740,exercise,1
647,2160,exercise,1
647,2032,exercise,1
647,2168,exercise,1
647,885,exercise,1
648,215,exercise,1
648,318,exercise,1
648,1619,exercise,1
648,698,exercise,1
648,1383,exercise,1
648,608,exercise,1
648,697,exercise,1
648,493,exercise,1
648,1238,exercise,1
648,430,exercise,1
648,589,exercise,1
648,2126,exercise,1
648,2729,exercise,1
648,2336,exercise,1
648,210,exercise,1
648,962,exercise,1
648,606,exercise,1
648,2153,exercise,1
648,255,exercise,1
648,2225,exercise,1
649,2001,exercise,1
649,2135,exercise,1
649,2236,exercise,1
649,1338,exercise,1
649,2031,exercise,1
649,2119,exercise,1
649,2178,exercise,1
649,2176,exercise,1
649,2166,exercise,1
649,2177,exercise,1
649,885,exercise,1
649,350,exercise,1
649,2077,exercise,1
649,2124,exercise,1
649,2079,exercise,1
649,2208,exercise,1
649,2172,exercise,1
649,2739,exercise,1
649,2076,exercise,1
649,2170,exercise,1
650,2153,exercise,1
650,766,exercise,1
650,167,exercise,1
650,2865,exercise,1
650,1158,exercise,1
650,2593,exercise,1
650,1225,exercise,1
650,391,exercise,1
650,819,exercise,1
650,275,exercise,1
650,559,exercise,1
650,2473,exercise,1
650,1368,exercise,1
650,264,exercise,1
650,898,exercise,1
650,1005,exercise,1
650,1072,exercise,1
650,2774,exercise,1
650,2745,exercise,1
650,2287,exercise,1
651,387,exercise,1
651,290,exercise,1
651,1506,exercise,1
651,335,exercise,1
651,588,exercise,1
651,2375,exercise,1
651,424,exercise,1
651,2301,exercise,1
651,356,exercise,1
651,2370,exercise,1
651,590,exercise,1
651,390,exercise,1
651,678,exercise,1
651,2393,exercise,1
651,1283,exercise,1
651,205,exercise,1
651,2287,exercise,1
651,419,exercise,1
651,2314,exercise,1
651,592,exercise,1
652,2178,exercise,1
652,150,exercise,1
652,2079,exercise,1
652,2172,exercise,1
652,2125,exercise,1
652,2031,exercise,1
652,2078,exercise,1
652,2131,exercise,1
652,1730,exercise,1
652,2067,exercise,1
652,2236,exercise,1
652,2177,exercise,1
652,2168,exercise,1
652,2032,exercise,1
652,2176,exercise,1
652,2119,exercise,1
652,1338,exercise,1
652,885,exercise,1
652,2740,exercise,1
652,2124,exercise,1
653,2738,exercise,1
653,1382,exercise,1
653,2297,exercise,1
653,414,exercise,1
653,559,exercise,1
653,2394,exercise,1
653,199,exercise,1
653,1506,exercise,1
653,2751,exercise,1
653,2359,exercise,1
653,2411,exercise,1
653,520,exercise,1
653,552,exercise,1
653,320,exercise,1
653,2280,exercise,1
653,1379,exercise,1
653,381,exercise,1
653,2313,exercise,1
653,1740,exercise,1
653,566,exercise,1
654,462,exercise,1
654,1014,exercise,1
654,930,exercise,1
654,1411,exercise,1
654,2376,exercise,1
654,1398,exercise,1
654,1465,exercise,1
654,2505,exercise,1
654,2253,exercise,1
654,438,exercise,1
654,1357,exercise,1
654,2866,exercise,1
654,917,exercise,1
654,2677,exercise,1
654,652,exercise,1
654,1491,exercise,1
654,662,exercise,1
654,830,exercise,1
654,1852,exercise,1
654,746,exercise,1
655,2869,exercise,1
655,662,exercise,1
655,1488,exercise,1
655,2442,exercise,1
655,2261,exercise,1
655,2807,exercise,1
655,1930,exercise,1
655,1182,exercise,1
655,1001,exercise,1
655,1146,exercise,1
655,2254,exercise,1
655,1390,exercise,1
655,1706,exercise,1
655,610,exercise,1
655,1402,exercise,1
655,1545,exercise,1
655,1645,exercise,1
655,1452,exercise,1
655,2109,exercise,1
655,1422,exercise,1
656,2201,exercise,1
656,2250,exercise,1
656,197,exercise,1
656,2223,exercise,1
656,299,exercise,1
656,2233,exercise,1
656,2120,exercise,1
656,472,exercise,1
656,2331,exercise,1
656,1047,exercise,1
656,225,exercise,1
656,600,exercise,1
656,613,exercise,1
656,1010,exercise,1
656,1272,exercise,1
656,2170,exercise,1
656,236,exercise,1
656,1521,exercise,1
656,2285,exercise,1
656,2189,exercise,1
657,594,exercise,1
657,678,exercise,1
657,2738,exercise,1
657,2297,exercise,1
657,1047,exercise,1
657,404,exercise,1
657,338,exercise,1
657,983,exercise,1
657,514,exercise,1
657,1519,exercise,1
657,2378,exercise,1
657,2358,exercise,1
657,280,exercise,1
657,2194,exercise,1
657,2393,exercise,1
657,1004,exercise,1
657,1250,exercise,1
657,2173,exercise,1
657,308,exercise,1
657,395,exercise,1
658,1575,exercise,1
658,1219,exercise,1
658,2536,exercise,1
658,1701,exercise,1
658,2044,exercise,1
658,1261,exercise,1
658,471,exercise,1
658,2253,exercise,1
658,567,exercise,1
658,318,exercise,1
658,1484,exercise,1
658,1915,exercise,1
658,640,exercise,1
658,635,exercise,1
658,2778,exercise,1
658,1359,exercise,1
658,2704,exercise,1
658,866,exercise,1
658,2648,exercise,1
658,378,exercise,1
659,988,exercise,1
659,1524,exercise,1
659,1019,exercise,1
659,1265,exercise,1
659,230,exercise,1
659,473,exercise,1
659,325,exercise,1
659,1392,exercise,1
659,2135,exercise,1
659,2309,exercise,1
659,677,exercise,1
659,563,exercise,1
659,1510,exercise,1
659,2355,exercise,1
659,858,exercise,1
659,2353,exercise,1
659,2150,exercise,1
659,1612,exercise,1
659,597,exercise,1
659,1024,exercise,1
660,233,exercise,1
660,473,exercise,1
660,430,exercise,1
660,2237,exercise,1
660,2271,exercise,1
660,2207,exercise,1
660,2392,exercise,1
660,284,exercise,1
660,309,exercise,1
660,2757,exercise,1
660,2160,exercise,1
660,219,exercise,1
660,2291,exercise,1
660,251,exercise,1
660,2740,exercise,1
660,1594,exercise,1
660,2728,exercise,1
660,1254,exercise,1
660,1608,exercise,1
660,328,exercise,1
661,1338,exercise,1
661,1730,exercise,1
661,2003,exercise,1
661,2067,exercise,1
661,2170,exercise,1
661,2079,exercise,1
661,2176,exercise,1
661,2177,exercise,1
661,885,exercise,1
661,2124,exercise,1
661,2077,exercise,1
661,2125,exercise,1
661,2131,exercise,1
661,2001,exercise,1
661,2172,exercise,1
661,350,exercise,1
661,2739,exercise,1
661,994,exercise,1
661,2160,exercise,1
661,2072,exercise,1
662,2135,exercise,1
662,1338,exercise,1
662,2069,exercise,1
662,2740,exercise,1
662,2077,exercise,1
662,2079,exercise,1
662,2168,exercise,1
662,2160,exercise,1
662,2166,exercise,1
662,2076,exercise,1
662,150,exercise,1
662,2072,exercise,1
662,2124,exercise,1
662,2032,exercise,1
662,2177,exercise,1
662,2172,exercise,1
662,2003,exercise,1
662,2176,exercise,1
662,885,exercise,1
662,2236,exercise,1
663,2270,exercise,1
663,494,exercise,1
663,1016,exercise,1
663,694,exercise,1
663,1521,exercise,1
663,2333,exercise,1
663,596,exercise,1
663,2122,exercise,1
663,498,exercise,1
663,572,exercise,1
663,489,exercise,1
663,608,exercise,1
663,1381,exercise,1
663,557,exercise,1
663,392,exercise,1
663,239,exercise,1
663,266,exercise,1
663,447,exercise,1
663,2121,exercise,1
663,327,exercise,1
664,1395,exercise,1
664,909,exercise,1
664,613,exercise,1
664,599,exercise,1
664,1370,exercise,1
664,520,exercise,1
664,2264,exercise,1
664,1041,exercise,1
664,963,exercise,1
664,682,exercise,1
664,2123,exercise,1
664,241,exercise,1
664,467,exercise,1
664,2296,exercise,1
664,438,exercise,1
664,2177,exercise,1
664,238,exercise,1
664,2320,exercise,1
664,619,exercise,1
664,2188,exercise,1
665,2087,exercise,1
665,2046,exercise,1
665,1855,exercise,1
665,855,exercise,1
665,890,exercise,1
665,1751,exercise,1
665,2783,exercise,1
665,527,exercise,1
665,397,exercise,1
665,757,exercise,1
665,2396,exercise,1
665,2707,exercise,1
665,2442,exercise,1
665,515,exercise,1
665,707,exercise,1
665,922,exercise,1
665,510,exercise,1
665,2335,exercise,1
665,2862,exercise,1
665,1662,exercise,1
666,2131,exercise,1
666,2172,exercise,1
666,2072,exercise,1
666,2076,exercise,1
666,885,exercise,1
666,2170,exercise,1
666,2079,exercise,1
666,2069,exercise,1
666,2078,exercise,1
666,2031,exercise,1
666,2177,exercise,1
666,994,exercise,1
666,2077,exercise,1
666,150,exercise,1
666,2135,exercise,1
666,2125,exercise,1
666,2001,exercise,1
666,2168,exercise,1
666,2067,exercise,1
666,2124,exercise,1
667,1384,exercise,1
667,319,exercise,1
667,2285,exercise,1
667,1284,exercise,1
667,907,exercise,1
667,358,exercise,1
667,2194,exercise,1
667,2361,exercise,1
667,218,exercise,1
667,1048,exercise,1
667,1515,exercise,1
667,278,exercise,1
667,474,exercise,1
667,995,exercise,1
667,549,exercise,1
667,204,exercise,1
667,452,exercise,1
667,2910,exercise,1
667,509,exercise,1
667,478,exercise,1
668,2192,exercise,1
668,885,exercise,1
668,994,exercise,1
668,2076,exercise,1
668,2176,exercise,1
668,2166,exercise,1
668,2135,exercise,1
668,2032,exercise,1
668,2069,exercise,1
668,2125,exercise,1
668,2208,exercise,1
668,1730,exercise,1
668,2168,exercise,1
668,2178,exercise,1
668,2177,exercise,1
668,2031,exercise,1
668,2078,exercise,1
668,2079,exercise,1
668,2124,exercise,1
668,2077,exercise,1
669,124,exercise,1
669,2358,exercise,1
669,880,exercise,1
669,1401,exercise,1
669,1873,exercise,1
669,1716,exercise,1
669,1156,exercise,1
669,1470,exercise,1
669,118,exercise,1
669,107,exercise,1
669,1513,exercise,1
669,2248,exercise,1
669,142,exercise,1
669,608,exercise,1
669,1890,exercise,1
669,198,exercise,1
669,2557,exercise,1
669,1748,exercise,1
669,2836,exercise,1
669,2499,exercise,1
670,670,exercise,1
670,427,exercise,1
670,62,exercise,1
670,1612,exercise,1
670,970,exercise,1
670,394,exercise,1
670,1943,exercise,1
670,286,exercise,1
670,477,exercise,1
670,2269,exercise,1
670,2221,exercise,1
670,1921,exercise,1
670,2531,exercise,1
670,2053,exercise,1
670,567,exercise,1
670,2855,exercise,1
670,3,exercise,1
670,1437,exercise,1
670,2285,exercise,1
670,2257,exercise,1
671,448,exercise,1
671,1514,exercise,1
671,2144,exercise,1
671,383,exercise,1
671,2374,exercise,1
671,2405,exercise,1
671,587,exercise,1
671,443,exercise,1
671,687,exercise,1
671,2887,exercise,1
671,451,exercise,1
671,478,exercise,1
671,853,exercise,1
671,354,exercise,1
671,380,exercise,1
671,2235,exercise,1
671,1257,exercise,1
671,404,exercise,1
671,1007,exercise,1
671,911,exercise,1
672,564,exercise,1
672,1285,exercise,1
672,1526,exercise,1
672,2342,exercise,1
672,2897,exercise,1
672,2891,exercise,1
672,1032,exercise,1
672,455,exercise,1
672,1524,exercise,1
672,2260,exercise,1
672,2163,exercise,1
672,483,exercise,1
672,256,exercise,1
672,2184,exercise,1
672,284,exercise,1
672,596,exercise,1
672,563,exercise,1
672,215,exercise,1
672,481,exercise,1
672,255,exercise,1
673,702,exercise,1
673,1839,exercise,1
673,1476,exercise,1
673,48,exercise,1
673,2682,exercise,1
673,2290,exercise,1
673,2302,exercise,1
673,1584,exercise,1
673,809,exercise,1
673,2703,exercise,1
673,1881,exercise,1
673,2108,exercise,1
673,937,exercise,1
673,2113,exercise,1
673,2918,exercise,1
673,1150,exercise,1
673,2580,exercise,1
673,2059,exercise,1
673,500,exercise,1
673,1237,exercise,1
674,2236,exercise,1
674,2135,exercise,1
674,2739,exercise,1
674,2069,exercise,1
674,2031,exercise,1
674,2067,exercise,1
674,2170,exercise,1
674,2176,exercise,1
674,2078,exercise,1
674,2168,exercise,1
674,2119,exercise,1
674,2077,exercise,1
674,2740,exercise,1
674,994,exercise,1
674,2178,exercise,1
674,2160,exercise,1
674,1730,exercise,1
674,150,exercise,1
674,2001,exercise,1
674,2131,exercise,1
675,350,exercise,1
675,2031,exercise,1
675,2001,exercise,1
675,2077,exercise,1
675,2208,exercise,1
675,2172,exercise,1
675,994,exercise,1
675,2177,exercise,1
675,2119,exercise,1
675,2160,exercise,1
675,2032,exercise,1
675,1338,exercise,1
675,2069,exercise,1
675,2168,exercise,1
675,2192,exercise,1
675,2125,exercise,1
675,885,exercise,1
675,2067,exercise,1
675,2135,exercise,1
675,2076,exercise,1
676,2754,exercise,1
676,585,exercise,1
676,476,exercise,1
676,692,exercise,1
676,220,exercise,1
676,592,exercise,1
676,2120,exercise,1
676,2909,exercise,1
676,496,exercise,1
676,2908,exercise,1
676,282,exercise,1
676,2138,exercise,1
676,909,exercise,1
676,527,exercise,1
676,2162,exercise,1
676,515,exercise,1
676,393,exercise,1
676,530,exercise,1
676,910,exercise,1
676,501,exercise,1
677,2176,exercise,1
677,2072,exercise,1
677,2119,exercise,1
677,994,exercise,1
677,2192,exercise,1
677,2739,exercise,1
677,2032,exercise,1
677,2178,exercise,1
677,2079,exercise,1
677,2076,exercise,1
677,2078,exercise,1
677,2077,exercise,1
677,2067,exercise,1
677,1338,exercise,1
677,2177,exercise,1
677,2069,exercise,1
677,2208,exercise,1
677,2001,exercise,1
677,2003,exercise,1
677,2124,exercise,1
678,1338,exercise,1
678,994,exercise,1
678,2172,exercise,1
678,2031,exercise,1
678,2740,exercise,1
678,2078,exercise,1
678,2236,exercise,1
678,1730,exercise,1
678,2168,exercise,1
678,2170,exercise,1
678,2003,exercise,1
678,2072,exercise,1
678,2176,exercise,1
678,2131,exercise,1
678,2076,exercise,1
678,2125,exercise,1
678,885,exercise,1
678,2077,exercise,1
678,2079,exercise,1
678,2124,exercise,1
679,988,exercise,1
679,1220,exercise,1
679,592,exercise,1
679,1864,exercise,1
679,522,exercise,1
679,2755,exercise,1
679,640,exercise,1
679,891,exercise,1
679,2066,exercise,1
679,600,exercise,1
679,1212,exercise,1
679,1496,exercise,1
679,45,exercise,1
679,497,exercise,1
679,2460,exercise,1
679,1438,exercise,1
679,2494,exercise,1
679,438,exercise,1
679,2836,exercise,1
679,2263,exercise,1
680,2045,exercise,1
680,1351,exercise,1
680,528,exercise,1
680,2549,exercise,1
680,2868,exercise,1
680,2118,exercise,1
680,648,exercise,1
680,303,exercise,1
680,1570,exercise,1
680,1193,exercise,1
680,170,exercise,1
680,1757,exercise,1
680,1116,exercise,1
680,479,exercise,1
680,2229,exercise,1
680,1978,exercise,1
680,2772,exercise,1
680,734,exercise,1
680,2329,exercise,1
680,1317,exercise,1
681,2474,exercise,1
681,439,exercise,1
681,379,exercise,1
681,2841,exercise,1
681,2822,exercise,1
681,1673,exercise,1
681,1053,exercise,1
681,2346,exercise,1
681,1995,exercise,1
681,1951,exercise,1
681,244,exercise,1
681,447,exercise,1
681,1236,exercise,1
681,1213,exercise,1
681,1095,exercise,1
681,2413,exercise,1
681,1509,exercise,1
681,1952,exercise,1
681,1102,exercise,1
681,1656,exercise,1
682,53,exercise,1
682,431,exercise,1
682,2309,exercise,1
682,1059,exercise,1
682,2755,exercise,1
682,2348,exercise,1
682,964,exercise,1
682,2789,exercise,1
682,2005,exercise,1
682,1158,exercise,1
682,442,exercise,1
682,2319,exercise,1
682,2629,exercise,1
682,2854,exercise,1
682,2649,exercise,1
682,1734,exercise,1
682,2869,exercise,1
682,2463,exercise,1
682,1768,exercise,1
682,176,exercise,1
683,2001,exercise,1
683,2740,exercise,1
683,2739,exercise,1
683,2003,exercise,1
683,2192,exercise,1
683,2168,exercise,1
683,2208,exercise,1
683,2069,exercise,1
683,2124,exercise,1
683,2135,exercise,1
683,2160,exercise,1
683,2125,exercise,1
683,2076,exercise,1
683,2072,exercise,1
683,350,exercise,1
683,2119,exercise,1
683,2031,exercise,1
683,2170,exercise,1
683,885,exercise,1
683,2177,exercise,1
684,2280,exercise,1
684,238,exercise,1
684,680,exercise,1
684,556,exercise,1
684,235,exercise,1
684,1526,exercise,1
684,388,exercise,1
684,1267,exercise,1
684,2240,exercise,1
684,244,exercise,1
684,2331,exercise,1
684,1005,exercise,1
684,2130,exercise,1
684,1622,exercise,1
684,1779,exercise,1
684,1001,exercise,1
684,1242,exercise,1
684,2323,exercise,1
684,286,exercise,1
684,1525,exercise,1
685,1024,exercise,1
685,514,exercise,1
685,614,exercise,1
685,1512,exercise,1
685,2217,exercise,1
685,1744,exercise,1
685,538,exercise,1
685,2731,exercise,1
685,368,exercise,1
685,1601,exercise,1
685,1778,exercise,1
685,858,exercise,1
685,1398,exercise,1
685,1376,exercise,1
685,393,exercise,1
685,372,exercise,1
685,2241,exercise,1
685,1399,exercise,1
685,2741,exercise,1
685,571,exercise,1
686,600,exercise,1
686,1028,exercise,1
686,2390,exercise,1
686,1776,exercise,1
686,1608,exercise,1
686,2292,exercise,1
686,2136,exercise,1
686,512,exercise,1
686,531,exercise,1
686,1514,exercise,1
686,218,exercise,1
686,414,exercise,1
686,574,exercise,1
686,1385,exercise,1
686,2744,exercise,1
686,1282,exercise,1
686,554,exercise,1
686,2223,exercise,1
686,342,exercise,1
686,597,exercise,1
687,387,exercise,1
687,2818,exercise,1
687,1877,exercise,1
687,1148,exercise,1
687,614,exercise,1
687,1565,exercise,1
687,2515,exercise,1
687,1637,exercise,1
687,1839,exercise,1
687,561,exercise,1
687,1772,exercise,1
687,441,exercise,1
687,1321,exercise,1
687,2882,exercise,1
687,2674,exercise,1
687,353,exercise,1
687,1487,exercise,1
687,985,exercise,1
687,2080,exercise,1
687,170,exercise,1
688,2577,exercise,1
688,653,exercise,1
688,1202,exercise,1
688,109,exercise,1
688,2346,exercise,1
688,979,exercise,1
688,954,exercise,1
688,1069,exercise,1
688,987,exercise,1
688,2053,exercise,1
688,942,exercise,1
688,612,exercise,1
688,51,exercise,1
688,1334,exercise,1
688,1063,exercise,1
688,87,exercise,1
688,2895,exercise,1
688,2313,exercise,1
688,2060,exercise,1
688,1932,exercise,1
689,2072,exercise,1
689,2172,exercise,1
689,2069,exercise,1
689,2170,exercise,1
689,2131,exercise,1
689,2124,exercise,1
689,2177,exercise,1
689,2740,exercise,1
689,2166,exercise,1
689,2031,exercise,1
689,2160,exercise,1
689,2236,exercise,1
689,2208,exercise,1
689,2076,exercise,1
689,2739,exercise,1
689,2125,exercise,1
689,2079,exercise,1
689,2119,exercise,1
689,2168,exercise,1
689,2192,exercise,1
690,2031,exercise,1
690,2131,exercise,1
690,2078,exercise,1
690,2740,exercise,1
690,994,exercise,1
690,2178,exercise,1
690,2170,exercise,1
690,2079,exercise,1
690,2160,exercise,1
690,2236,exercise,1
690,2119,exercise,1
690,2067,exercise,1
690,2192,exercise,1
690,2125,exercise,1
690,2003,exercise,1
690,2124,exercise,1
690,2166,exercise,1
690,2208,exercise,1
690,350,exercise,1
690,2739,exercise,1
691,994,exercise,1
691,2178,exercise,1
691,2177,exercise,1
691,2208,exercise,1
691,2124,exercise,1
691,2076,exercise,1
691,885,exercise,1
691,1730,exercise,1
691,150,exercise,1
691,2119,exercise,1
691,2077,exercise,1
691,2170,exercise,1
691,2131,exercise,1
691,350,exercise,1
691,2069,exercise,1
691,2032,exercise,1
691,2078,exercise,1
691,2067,exercise,1
691,2001,exercise,1
691,2166,exercise,1
692,2119,exercise,1
692,2079,exercise,1
692,350,exercise,1
692,2208,exercise,1
692,2076,exercise,1
692,2160,exercise,1
692,2168,exercise,1
692,1338,exercise,1
692,2072,exercise,1
692,2001,exercise,1
692,2135,exercise,1
692,2077,exercise,1
692,2032,exercise,1
692,2740,exercise,1
692,2178,exercise,1
692,2124,exercise,1
692,2739,exercise,1
692,885,exercise,1
692,2131,exercise,1
692,2069,exercise,1
693,2131,exercise,1
693,150,exercise,1
693,994,exercise,1
693,2160,exercise,1
693,2124,exercise,1
693,2236,exercise,1
693,2168,exercise,1
693,885,exercise,1
693,2125,exercise,1
693,2176,exercise,1
693,2079,exercise,1
693,2076,exercise,1
693,1730,exercise,1
693,2001,exercise,1
693,2003,exercise,1
693,2172,exercise,1
693,2072,exercise,1
693,2170,exercise,1
693,2177,exercise,1
693,2031,exercise,1
694,2003,exercise,1
694,2135,exercise,1
694,1730,exercise,1
694,2001,exercise,1
694,2192,exercise,1
694,2072,exercise,1
694,2124,exercise,1
694,2160,exercise,1
694,2739,exercise,1
694,2178,exercise,1
694,2076,exercise,1
694,2170,exercise,1
694,2176,exercise,1
694,2078,exercise,1
694,1338,exercise,1
694,2125,exercise,1
694,2079,exercise,1
694,150,exercise,1
694,2119,exercise,1
694,2131,exercise,1
695,1986,exercise,1
695,1097,exercise,1
695,2367,exercise,1
695,388,exercise,1
695,795,exercise,1
695,1137,exercise,1
695,1864,exercise,1
695,863,exercise,1
695,991,exercise,1
695,1622,exercise,1
695,351,exercise,1
695,1563,exercise,1
695,2107,exercise,1
695,402,exercise,1
695,2478,exercise,1
695,1132,exercise,1
695,84,exercise,1
695,2867,exercise,1
695,264,exercise,1
695,2629,exercise,1
696,1716,exercise,1
696,408,exercise,1
696,730,exercise,1
696,8,exercise,1
696,2500,exercise,1
696,52,exercise,1
696,20,exercise,1
696,1493,exercise,1
696,1770,exercise,1
696,1402,exercise,1
696,115,exercise,1
696,2659,exercise,1
696,2640,exercise,1
696,1723,exercise,1
696,299,exercise,1
696,753,exercise,1
696,820,exercise,1
696,2373,exercise,1
696,791,exercise,1
696,2538,exercise,1
697,1590,exercise,1
697,414,exercise,1
697,652,exercise,1
697,2825,exercise,1
697,1720,exercise,1
697,2690,exercise,1
697,764,exercise,1
697,2055,exercise,1
697,767,exercise,1
697,2399,exercise,1
697,628,exercise,1
697,2080,exercise,1
697,126,exercise,1
697,161,exercise,1
697,2534,exercise,1
697,512,exercise,1
697,1437,exercise,1
697,1318,exercise,1
697,461,exercise,1
697,1621,exercise,1
698,2069,exercise,1
698,2739,exercise,1
698,2067,exercise,1
698,2001,exercise,1
698,2078,exercise,1
698,2208,exercise,1
698,2125,exercise,1
698,1338,exercise,1
698,2177,exercise,1
698,2236,exercise,1
698,2077,exercise,1
698,2135,exercise,1
698,2119,exercise,1
698,2072,exercise,1
698,2168,exercise,1
698,150,exercise,1
698,2166,exercise,1
698,2192,exercise,1
698,2131,exercise,1
698,1730,exercise,1
699,475,exercise,1
699,976,exercise,1
699,2401,exercise,1
699,571,exercise,1
699,2223,exercise,1
699,271,exercise,1
699,2129,exercise,1
699,306,exercise,1
699,2379,exercise,1
699,388,exercise,1
699,2897,exercise,1
699,372,exercise,1
699,1509,exercise,1
699,2901,exercise,1
699,2203,exercise,1
699,603,exercise,1
699,1254,exercise,1
699,1517,exercise,1
699,467,exercise,1
699,2324,exercise,1
700,1317,exercise,1
700,1970,exercise,1
700,1875,exercise,1
700,2030,exercise,1
700,1733,exercise,1
700,354,exercise,1
700,2329,exercise,1
700,99,exercise,1
700,2333,exercise,1
700,444,exercise,1
700,1471,exercise,1
700,2631,exercise,1
700,2303,exercise,1
700,2867,exercise,1
700,1790,exercise,1
700,1409,exercise,1
700,2372,exercise,1
700,1276,exercise,1
700,238,exercise,1
700,2506,exercise,1
701,810,exercise,1
701,382,exercise,1
701,1410,exercise,1
701,2768,exercise,1
701,2678,exercise,1
701,2556,exercise,1
701,750,exercise,1
701,1438,exercise,1
701,200,exercise,1
701,2521,exercise,1
701,116,exercise,1
701,196,exercise,1
701,1368,exercise,1
701,1771,exercise,1
701,811,exercise,1
701,1638,exercise,1
701,2547,exercise,1
701,228,exercise,1
701,2037,exercise,1
701,2414,exercise,1
702,2069,exercise,1
702,2236,exercise,1
702,2166,exercise,1
702,885,exercise,1
702,2178,exercise,1
702,2001,exercise,1
702,994,exercise,1
702,2077,exercise,1
702,1730,exercise,1
702,2003,exercise,1
702,2160,exercise,1
702,2067,exercise,1
702,2208,exercise,1
702,2192,exercise,1
702,2078,exercise,1
702,2739,exercise,1
702,2170,exercise,1
702,2176,exercise,1
702,2177,exercise,1
702,2131,exercise,1
703,493,exercise,1
703,1286,exercise,1
703,20,exercise,1
703,1049,exercise,1
703,1509,exercise,1
703,765,exercise,1
703,1795,exercise,1
703,1000,exercise,1
703,1710,exercise,1
703,1866,exercise,1
703,186,exercise,1
703,657,exercise,1
703,597,exercise,1
703,2821,exercise,1
703,1073,exercise,1
703,1136,exercise,1
703,1969,exercise,1
703,2689,exercise,1
703,1432,exercise,1
703,893,exercise,1
704,2119,exercise,1
704,2172,exercise,1
704,150,exercise,1
704,2739,exercise,1
704,2208,exercise,1
704,2076,exercise,1
704,2072,exercise,1
704,2031,exercise,1
704,2192,exercise,1
704,2001,exercise,1
704,2168,exercise,1
704,2078,exercise,1
704,2176,exercise,1
704,2125,exercise,1
704,2236,exercise,1
704,2135,exercise,1
704,2178,exercise,1
704,994,exercise,1
704,2077,exercise,1
704,1338,exercise,1
705,485,exercise,1
705,489,exercise,1
705,678,exercise,1
705,2322,exercise,1
705,287,exercise,1
705,791,exercise,1
705,2532,exercise,1
705,1495,exercise,1
705,725,exercise,1
705,1120,exercise,1
705,1851,exercise,1
705,1263,exercise,1
705,2529,exercise,1
705,1270,exercise,1
705,2674,exercise,1
705,1148,exercise,1
705,462,exercise,1
705,509,exercise,1
705,1841,exercise,1
705,878,exercise,1
706,2605,exercise,1
706,2360,exercise,1
706,864,exercise,1
706,537,exercise,1
706,2449,exercise,1
706,148,exercise,1
706,2241,exercise,1
706,2282,exercise,1
706,464,exercise,1
706,473,exercise,1
706,1001,exercise,1
706,158,exercise,1
706,1786,exercise,1
706,795,exercise,1
706,359,exercise,1
706,293,exercise,1
706,1064,exercise,1
706,2045,exercise,1
706,2908,exercise,1
706,1716,exercise,1
707,478,exercise,1
707,2301,exercise,1
707,270,exercise,1
707,2739,exercise,1
707,573,exercise,1
707,616,exercise,1
707,1401,exercise,1
707,275,exercise,1
707,215,exercise,1
707,498,exercise,1
707,1617,exercise,1
707,999,exercise,1
707,545,exercise,1
707,1748,exercise,1
707,2342,exercise,1
707,603,exercise,1
707,304,exercise,1
707,2209,exercise,1
707,2186,exercise,1
707,504,exercise,1
708,2743,exercise,1
708,316,exercise,1
708,853,exercise,1
708,562,exercise,1
708,584,exercise,1
708,1605,exercise,1
708,2294,exercise,1
708,237,exercise,1
708,2298,exercise,1
708,328,exercise,1
708,989,exercise,1
708,1258,exercise,1
708,515,exercise,1
708,479,exercise,1
708,1400,exercise,1
708,303,exercise,1
708,417,exercise,1
708,321,exercise,1
708,2247,exercise,1
708,2908,exercise,1
709,350,exercise,1
709,2067,exercise,1
709,2131,exercise,1
709,2166,exercise,1
709,2740,exercise,1
709,1338,exercise,1
709,2177,exercise,1
709,994,exercise,1
709,2135,exercise,1
709,2003,exercise,1
709,150,exercise,1
709,2072,exercise,1
709,2168,exercise,1
709,2124,exercise,1
709,2192,exercise,1
709,2125,exercise,1
709,2170,exercise,1
709,2076,exercise,1
709,2208,exercise,1
709,2178,exercise,1
710,2740,exercise,1
710,1338,exercise,1
710,350,exercise,1
710,2192,exercise,1
710,2178,exercise,1
710,2124,exercise,1
710,2131,exercise,1
710,2072,exercise,1
710,2032,exercise,1
710,2135,exercise,1
710,2125,exercise,1
710,2176,exercise,1
710,2077,exercise,1
710,2003,exercise,1
710,2078,exercise,1
710,2172,exercise,1
710,2236,exercise,1
710,2001,exercise,1
710,2160,exercise,1
710,885,exercise,1
711,2117,exercise,1
711,2530,exercise,1
711,1663,exercise,1
711,975,exercise,1
711,608,exercise,1
711,1271,exercise,1
711,754,exercise,1
711,1789,exercise,1
711,1123,exercise,1
711,693,exercise,1
711,1695,exercise,1
711,86,exercise,1
711,1992,exercise,1
711,1356,exercise,1
711,606,exercise,1
711,178,exercise,1
711,2216,exercise,1
711,1913,exercise,1
711,2565,exercise,1
711,1000,exercise,1
712,442,exercise,1
712,1780,exercise,1
712,612,exercise,1
712,2227,exercise,1
712,2258,exercise,1
712,2251,exercise,1
712,2339,exercise,1
712,2322,exercise,1
712,2305,exercise,1
712,2191,exercise,1
712,2345,exercise,1
712,2140,exercise,1
712,1609,exercise,1
712,1520,exercise,1
712,2212,exercise,1
712,459,exercise,1
712,608,exercise,1
712,991,exercise,1
712,684,exercise,1
712,578,exercise,1
713,2072,exercise,1
713,2166,exercise,1
713,2178,exercise,1
713,2172,exercise,1
713,2069,exercise,1
713,2131,exercise,1
713,2032,exercise,1
713,2001,exercise,1
713,2740,exercise,1
713,1338,exercise,1
713,2078,exercise,1
713,994,exercise,1
713,2119,exercise,1
713,2236,exercise,1
713,2077,exercise,1
713,1730,exercise,1
713,2135,exercise,1
713,2177,exercise,1
713,2079,exercise,1
713,2160,exercise,1
714,506,exercise,1
714,2183,exercise,1
714,2892,exercise,1
714,2280,exercise,1
714,555,exercise,1
714,2303,exercise,1
714,234,exercise,1
714,608,exercise,1
714,2186,exercise,1
714,538,exercise,1
714,1045,exercise,1
714,505,exercise,1
714,2219,exercise,1
714,591,exercise,1
714,494,exercise,1
714,2250,exercise,1
714,1510,exercise,1
714,2369,exercise,1
714,997,exercise,1
714,454,exercise,1
715,1397,exercise,1
715,258,exercise,1
715,384,exercise,1
715,319,exercise,1
715,361,exercise,1
715,229,exercise,1
715,203,exercise,1
715,294,exercise,1
715,1596,exercise,1
715,370,exercise,1
715,1391,exercise,1
715,2126,exercise,1
715,601,exercise,1
715,494,exercise,1
715,674,exercise,1
715,1390,exercise,1
715,326,exercise,1
715,2154,exercise,1
715,1512,exercise,1
715,2325,exercise,1
716,1611,exercise,1
716,544,exercise,1
716,1262,exercise,1
716,1371,exercise,1
716,393,exercise,1
716,513,exercise,1
716,497,exercise,1
716,520,exercise,1
716,2246,exercise,1
716,428,exercise,1
716,2235,exercise,1
716,510,exercise,1
716,2357,exercise,1
716,1244,exercise,1
716,996,exercise,1
716,419,exercise,1
716,488,exercise,1
716,2321,exercise,1
716,384,exercise,1
716,266,exercise,1
717,1753,exercise,1
717,2257,exercise,1
717,1746,exercise,1
717,2274,exercise,1
717,738,exercise,1
717,82,exercise,1
717,2756,exercise,1
717,1672,exercise,1
717,2056,exercise,1
717,2748,exercise,1
717,2681,exercise,1
717,784,exercise,1
717,2089,exercise,1
717,2335,exercise,1
717,2654,exercise,1
717,1587,exercise,1
717,1566,exercise,1
717,366,exercise,1
717,1707,exercise,1
717,298,exercise,1
718,569,exercise,1
718,1357,exercise,1
718,1820,exercise,1
718,631,exercise,1
718,471,exercise,1
718,848,exercise,1
718,1468,exercise,1
718,1310,exercise,1
718,357,exercise,1
718,1640,exercise,1
718,2839,exercise,1
718,2347,exercise,1
718,66,exercise,1
718,2783,exercise,1
718,1935,exercise,1
718,737,exercise,1
718,1693,exercise,1
718,1111,exercise,1
718,832,exercise,1
718,2442,exercise,1
719,2898,exercise,1
719,234,exercise,1
719,2398,exercise,1
719,1402,exercise,1
719,527,exercise,1
719,292,exercise,1
719,975,exercise,1
719,1377,exercise,1
719,1024,exercise,1
719,2315,exercise,1
719,2282,exercise,1
719,1609,exercise,1
719,268,exercise,1
719,1044,exercise,1
719,2334,exercise,1
719,353,exercise,1
719,1608,exercise,1
719,251,exercise,1
719,456,exercise,1
719,207,exercise,1
720,350,exercise,1
720,2125,exercise,1
720,2168,exercise,1
720,2072,exercise,1
720,2177,exercise,1
720,2078,exercise,1
720,2208,exercise,1
720,2192,exercise,1
720,2740,exercise,1
720,2160,exercise,1
720,2135,exercise,1
720,2031,exercise,1
720,2170,exercise,1
720,2176,exercise,1
720,2067,exercise,1
720,2124,exercise,1
720,2032,exercise,1
720,2003,exercise,1
720,885,exercise,1
720,2119,exercise,1
721,1594,exercise,1
721,1141,exercise,1
721,2595,exercise,1
721,831,exercise,1
721,2323,exercise,1
721,1248,exercise,1
721,1170,exercise,1
721,358,exercise,1
721,2099,exercise,1
721,364,exercise,1
721,1460,exercise,1
721,2405,exercise,1
721,481,exercise,1
721,95,exercise,1
721,543,exercise,1
721,458,exercise,1
721,1066,exercise,1
721,320,exercise,1
721,770,exercise,1
721,1728,exercise,1
722,649,exercise,1
722,2681,exercise,1
722,1035,exercise,1
722,374,exercise,1
722,323,exercise,1
722,40,exercise,1
722,56,exercise,1
722,1569,exercise,1
722,2902,exercise,1
722,303,exercise,1
722,658,exercise,1
722,2725,exercise,1
722,2205,exercise,1
722,1510,exercise,1
722,450,exercise,1
722,2896,exercise,1
722,522,exercise,1
722,244,exercise,1
722,591,exercise,1
722,867,exercise,1
723,1730,exercise,1
723,2069,exercise,1
723,2740,exercise,1
723,2236,exercise,1
723,150,exercise,1
723,2076,exercise,1
723,2170,exercise,1
723,2135,exercise,1
723,2003,exercise,1
723,2001,exercise,1
723,350,exercise,1
723,2160,exercise,1
723,885,exercise,1
723,2072,exercise,1
723,2067,exercise,1
723,2032,exercise,1
723,2079,exercise,1
723,2031,exercise,1
723,2168,exercise,1
723,2166,exercise,1
724,2069,exercise,1
724,2192,exercise,1
724,2124,exercise,1
724,994,exercise,1
724,2077,exercise,1
724,1730,exercise,1
724,2079,exercise,1
724,150,exercise,1
724,885,exercise,1
724,2178,exercise,1
724,2001,exercise,1
724,2031,exercise,1
724,1338,exercise,1
724,2119,exercise,1
724,2236,exercise,1
724,2208,exercise,1
724,2072,exercise,1
724,2067,exercise,1
724,2172,exercise,1
724,2078,exercise,1
725,858,exercise,1
725,518,exercise,1
725,2204,exercise,1
725,1276,exercise,1
725,2240,exercise,1
725,2745,exercise,1
725,1253,exercise,1
725,684,exercise,1
725,2269,exercise,1
725,999,exercise,1
725,1624,exercise,1
725,979,exercise,1
725,200,exercise,1
725,1001,exercise,1
725,1245,exercise,1
725,517,exercise,1
725,319,exercise,1
725,313,exercise,1
725,315,exercise,1
725,2733,exercise,1
726,309,exercise,1
726,2276,exercise,1
726,349,exercise,1
726,2309,exercise,1
726,210,exercise,1
726,366,exercise,1
726,1402,exercise,1
726,2136,exercise,1
726,320,exercise,1
726,1023,exercise,1
726,1506,exercise,1
726,2319,exercise,1
726,2129,exercise,1
726,2379,exercise,1
726,2154,exercise,1
726,2746,exercise,1
726,1370,exercise,1
726,2412,exercise,1
726,1397,exercise,1
726,580,exercise,1
727,2767,exercise,1
727,738,exercise,1
727,177,exercise,1
727,1633,exercise,1
727,1899,exercise,1
727,2223,exercise,1
727,2209,exercise,1
727,1483,exercise,1
727,1871,exercise,1
727,2218,exercise,1
727,2221,exercise,1
727,2109,exercise,1
727,644,exercise,1
727,598,exercise,1
727,1774,exercise,1
727,1951,exercise,1
727,102,exercise,1
727,589,exercise,1
727,1455,exercise,1
727,1763,exercise,1
728,2032,exercise,1
728,2170,exercise,1
728,2166,exercise,1
728,150,exercise,1
728,2076,exercise,1
728,2739,exercise,1
728,2172,exercise,1
728,2135,exercise,1
728,1730,exercise,1
728,1338,exercise,1
728,2124,exercise,1
728,2177,exercise,1
728,2001,exercise,1
728,994,exercise,1
728,2208,exercise,1
728,2125,exercise,1
728,350,exercise,1
728,2069,exercise,1
728,2079,exercise,1
728,2236,exercise,1
729,89,exercise,1
729,2358,exercise,1
729,1813,exercise,1
729,671,exercise,1
729,1390,exercise,1
729,2583,exercise,1
729,1226,exercise,1
729,997,exercise,1
729,819,exercise,1
729,2313,exercise,1
729,2855,exercise,1
729,2365,exercise,1
729,1996,exercise,1
729,2030,exercise,1
729,688,exercise,1
729,2328,exercise,1
729,260,exercise,1
729,1642,exercise,1
729,452,exercise,1
729,290,exercise,1
730,2372,exercise,1
730,1261,exercise,1
730,475,exercise,1
730,967,exercise,1
730,2895,exercise,1
730,2408,exercise,1
730,681,exercise,1
730,2248,exercise,1
730,2400,exercise,1
730,212,exercise,1
730,1380,exercise,1
730,510,exercise,1
730,1611,exercise,1
730,1386,exercise,1
730,2274,exercise,1
730,436,exercise,1
730,452,exercise,1
730,1251,exercise,1
730,1738,exercise,1
730,2169,exercise,1
731,2031,exercise,1
731,2166,exercise,1
731,2192,exercise,1
731,1338,exercise,1
731,150,exercise,1
731,2077,exercise,1
731,2069,exercise,1
731,2076,exercise,1
731,2003,exercise,1
731,2001,exercise,1
731,2067,exercise,1
731,2160,exercise,1
731,2172,exercise,1
731,2168,exercise,1
731,2131,exercise,1
731,350,exercise,1
731,2740,exercise,1
731,2032,exercise,1
731,1730,exercise,1
731,994,exercise,1
732,2072,exercise,1
732,2031,exercise,1
732,2131,exercise,1
732,2077,exercise,1
732,2160,exercise,1
732,2124,exercise,1
732,2125,exercise,1
732,2003,exercise,1
732,2172,exercise,1
732,2176,exercise,1
732,2078,exercise,1
732,2178,exercise,1
732,2168,exercise,1
732,150,exercise,1
732,2067,exercise,1
732,2032,exercise,1
732,2076,exercise,1
732,2001,exercise,1
732,2079,exercise,1
732,1730,exercise,1
733,2500,exercise,1
733,2331,exercise,1
733,2214,exercise,1
733,2838,exercise,1
733,1164,exercise,1
733,289,exercise,1
733,2098,exercise,1
733,1793,exercise,1
733,832,exercise,1
733,1220,exercise,1
733,603,exercise,1
733,1678,exercise,1
733,256,exercise,1
733,2261,exercise,1
733,1075,exercise,1
733,978,exercise,1
733,13,exercise,1
733,1502,exercise,1
733,1653,exercise,1
733,2309,exercise,1
734,2032,exercise,1
734,2119,exercise,1
734,2131,exercise,1
734,2208,exercise,1
734,2067,exercise,1
734,2125,exercise,1
734,2177,exercise,1
734,2739,exercise,1
734,2001,exercise,1
734,2170,exercise,1
734,2236,exercise,1
734,2172,exercise,1
734,2178,exercise,1
734,2160,exercise,1
734,994,exercise,1
734,2740,exercise,1
734,2192,exercise,1
734,2077,exercise,1
734,2031,exercise,1
734,2168,exercise,1
735,1728,exercise,1
735,1956,exercise,1
735,45,exercise,1
735,1348,exercise,1
735,1139,exercise,1
735,881,exercise,1
735,607,exercise,1
735,1330,exercise,1
735,105,exercise,1
735,120,exercise,1
735,1950,exercise,1
735,337,exercise,1
735,1697,exercise,1
735,2223,exercise,1
735,621,exercise,1
735,2100,exercise,1
735,1771,exercise,1
735,2622,exercise,1
735,671,exercise,1
735,2816,exercise,1
736,1393,exercise,1
736,406,exercise,1
736,1046,exercise,1
736,2329,exercise,1
736,1234,exercise,1
736,591,exercise,1
736,2324,exercise,1
736,1252,exercise,1
736,519,exercise,1
736,449,exercise,1
736,1514,exercise,1
736,220,exercise,1
736,439,exercise,1
736,293,exercise,1
736,1521,exercise,1
736,2388,exercise,1
736,2164,exercise,1
736,481,exercise,1
736,1509,exercise,1
736,2177,exercise,1
737,350,exercise,1
737,2176,exercise,1
737,2131,exercise,1
737,2170,exercise,1
737,1730,exercise,1
737,2067,exercise,1
737,2125,exercise,1
737,2172,exercise,1
737,2168,exercise,1
737,2740,exercise,1
737,2236,exercise,1
737,2032,exercise,1
737,2178,exercise,1
737,2124,exercise,1
737,2135,exercise,1
737,2192,exercise,1
737,2031,exercise,1
737,2166,exercise,1
737,2072,exercise,1
737,994,exercise,1
738,293,exercise,1
738,590,exercise,1
738,639,exercise,1
738,435,exercise,1
738,2474,exercise,1
738,709,exercise,1
738,1027,exercise,1
738,393,exercise,1
738,1663,exercise,1
738,1650,exercise,1
738,1557,exercise,1
738,348,exercise,1
738,1911,exercise,1
738,1583,exercise,1
738,299,exercise,1
738,2352,exercise,1
738,1873,exercise,1
738,2580,exercise,1
738,269,exercise,1
738,2497,exercise,1
739,2206,exercise,1
739,503,exercise,1
739,369,exercise,1
739,610,exercise,1
739,2314,exercise,1
739,511,exercise,1
739,422,exercise,1
739,1020,exercise,1
739,857,exercise,1
739,976,exercise,1
739,301,exercise,1
739,235,exercise,1
739,293,exercise,1
739,853,exercise,1
739,2376,exercise,1
739,273,exercise,1
739,694,exercise,1
739,972,exercise,1
739,504,exercise,1
739,472,exercise,1
740,2131,exercise,1
740,2740,exercise,1
740,2168,exercise,1
740,2170,exercise,1
740,150,exercise,1
740,2079,exercise,1
740,2236,exercise,1
740,2032,exercise,1
740,2078,exercise,1
740,2192,exercise,1
740,2135,exercise,1
740,2160,exercise,1
740,2166,exercise,1
740,2076,exercise,1
740,2119,exercise,1
740,2178,exercise,1
740,2177,exercise,1
740,2077,exercise,1
740,885,exercise,1
740,2031,exercise,1
741,2725,exercise,1
741,2334,exercise,1
741,30,exercise,1
741,1615,exercise,1
741,346,exercise,1
741,2721,exercise,1
741,1695,exercise,1
741,2406,exercise,1
741,712,exercise,1
741,1840,exercise,1
741,928,exercise,1
741,642,exercise,1
741,2529,exercise,1
741,31,exercise,1
741,1247,exercise,1
741,1172,exercise,1
741,2624,exercise,1
741,1731,exercise,1
741,2431,exercise,1
741,1797,exercise,1
742,867,exercise,1
742,2858,exercise,1
742,1119,exercise,1
742,1531,exercise,1
742,842,exercise,1
742,1494,exercise,1
742,1136,exercise,1
742,1815,exercise,1
742,505,exercise,1
742,1265,exercise,1
742,2106,exercise,1
742,120,exercise,1
742,2081,exercise,1
742,2841,exercise,1
742,2418,exercise,1
742,1892,exercise,1
742,890,exercise,1
742,799,exercise,1
742,479,exercise,1
742,174,exercise,1
743,404,exercise,1
743,607,exercise,1
743,595,exercise,1
743,1280,exercise,1
743,676,exercise,1
743,1371,exercise,1
743,2135,exercise,1
743,2345,exercise,1
743,297,exercise,1
743,908,exercise,1
743,1002,exercise,1
743,682,exercise,1
743,2754,exercise,1
743,234,exercise,1
743,1384,exercise,1
743,211,exercise,1
743,688,exercise,1
743,559,exercise,1
743,1613,exercise,1
743,613,exercise,1
744,2191,exercise,1
744,1523,exercise,1
744,2333,exercise,1
744,2196,exercise,1
744,524,exercise,1
744,2402,exercise,1
744,2379,exercise,1
744,1253,exercise,1
744,994,exercise,1
744,345,exercise,1
744,405,exercise,1
744,186,exercise,1
744,249,exercise,1
744,288,exercise,1
744,208,exercise,1
744,1238,exercise,1
744,187,exercise,1
744,1380,exercise,1
744,2319,exercise,1
744,2187,exercise,1
745,2067,exercise,1
745,2001,exercise,1
745,994,exercise,1
745,2166,exercise,1
745,2739,exercise,1
745,2131,exercise,1
745,2192,exercise,1
745,2076,exercise,1
745,2208,exercise,1
745,2069,exercise,1
745,885,exercise,1
745,2031,exercise,1
745,2176,exercise,1
745,2178,exercise,1
745,150,exercise,1
745,2119,exercise,1
745,2072,exercise,1
745,2078,exercise,1
745,2172,exercise,1
745,2079,exercise,1
746,2331,exercise,1
746,605,exercise,1
746,432,exercise,1
746,248,exercise,1
746,2371,exercise,1
746,543,exercise,1
746,215,exercise,1
746,416,exercise,1
746,362,exercise,1
746,966,exercise,1
746,2328,exercise,1
746,1045,exercise,1
746,1039,exercise,1
746,232,exercise,1
746,2378,exercise,1
746,318,exercise,1
746,505,exercise,1
746,687,exercise,1
746,322,exercise,1
746,2221,exercise,1
747,2168,exercise,1
747,350,exercise,1
747,885,exercise,1
747,2208,exercise,1
747,2076,exercise,1
747,2172,exercise,1
747,2077,exercise,1
747,2192,exercise,1
747,1730,exercise,1
747,150,exercise,1
747,2124,exercise,1
747,2739,exercise,1
747,2135,exercise,1
747,2236,exercise,1
747,2031,exercise,1
747,1338,exercise,1
747,994,exercise,1
747,2078,exercise,1
747,2740,exercise,1
747,2176,exercise,1
748,2119,exercise,1
748,2072,exercise,1
748,2078,exercise,1
748,2177,exercise,1
748,2170,exercise,1
748,150,exercise,1
748,2131,exercise,1
748,350,exercise,1
748,2124,exercise,1
748,2076,exercise,1
748,2740,exercise,1
748,2160,exercise,1
748,2236,exercise,1
748,2003,exercise,1
748,2176,exercise,1
748,1730,exercise,1
748,2001,exercise,1
748,2067,exercise,1
748,2168,exercise,1
748,2031,exercise,1
749,521,exercise,1
749,2160,exercise,1
749,2156,exercise,1
749,484,exercise,1
749,1509,exercise,1
749,1741,exercise,1
749,2229,exercise,1
749,542,exercise,1
749,2218,exercise,1
749,2158,exercise,1
749,2353,exercise,1
749,1742,exercise,1
749,1267,exercise,1
749,488,exercise,1
749,2408,exercise,1
749,2244,exercise,1
749,2141,exercise,1
749,2293,exercise,1
749,363,exercise,1
749,1008,exercise,1
750,1522,exercise,1
750,1657,exercise,1
750,2230,exercise,1
750,2103,exercise,1
750,2541,exercise,1
750,712,exercise,1
750,178,exercise,1
750,1581,exercise,1
750,2395,exercise,1
750,611,exercise,1
750,2821,exercise,1
750,1571,exercise,1
750,2545,exercise,1
750,687,exercise,1
750,2688,exercise,1
750,589,exercise,1
750,895,exercise,1
750,1851,exercise,1
750,352,exercise,1
750,1948,exercise,1
751,2374,exercise,1
751,2561,exercise,1
751,174,exercise,1
751,2456,exercise,1
751,442,exercise,1
751,2696,exercise,1
751,17,exercise,1
751,1113,exercise,1
751,2587,exercise,1
751,714,exercise,1
751,991,exercise,1
751,1535,exercise,1
751,2324,exercise,1
751,495,exercise,1
751,1488,exercise,1
751,1726,exercise,1
751,2593,exercise,1
751,1840,exercise,1
751,2487,exercise,1
751,1829,exercise,1
752,2702,exercise,1
752,1622,exercise,1
752,1892,exercise,1
752,452,exercise,1
752,985,exercise,1
752,2115,exercise,1
752,656,exercise,1
752,811,exercise,1
752,3,exercise,1
752,2387,exercise,1
752,458,exercise,1
752,2349,exercise,1
752,608,exercise,1
752,310,exercise,1
752,1403,exercise,1
752,1063,exercise,1
752,1895,exercise,1
752,1396,exercise,1
752,921,exercise,1
752,2566,exercise,1
753,2001,exercise,1
753,2072,exercise,1
753,350,exercise,1
753,2236,exercise,1
753,150,exercise,1
753,2032,exercise,1
753,994,exercise,1
753,2740,exercise,1
753,1730,exercise,1
753,2168,exercise,1
753,2135,exercise,1
753,885,exercise,1
753,2166,exercise,1
753,2031,exercise,1
753,2077,exercise,1
753,2192,exercise,1
753,2124,exercise,1
753,1338,exercise,1
753,2119,exercise,1
753,2176,exercise,1
754,2125,exercise,1
754,2135,exercise,1
754,2168,exercise,1
754,2166,exercise,1
754,2001,exercise,1
754,2032,exercise,1
754,2076,exercise,1
754,2740,exercise,1
754,2124,exercise,1
754,2078,exercise,1
754,2131,exercise,1
754,2176,exercise,1
754,2172,exercise,1
754,350,exercise,1
754,2170,exercise,1
754,2178,exercise,1
754,2003,exercise,1
754,2739,exercise,1
754,1338,exercise,1
754,2177,exercise,1
755,2365,exercise,1
755,2181,exercise,1
755,386,exercise,1
755,2261,exercise,1
755,1776,exercise,1
755,2400,exercise,1
755,241,exercise,1
755,2174,exercise,1
755,265,exercise,1
755,2394,exercise,1
755,363,exercise,1
755,2368,exercise,1
755,1002,exercise,1
755,374,exercise,1
755,355,exercise,1
755,994,exercise,1
755,383,exercise,1
755,2338,exercise,1
755,2183,exercise,1
755,1615,exercise,1
756,2842,exercise,1
756,2243,exercise,1
756,142,exercise,1
756,1477,exercise,1
756,1422,exercise,1
756,2596,exercise,1
756,2105,exercise,1
756,945,exercise,1
756,2883,exercise,1
756,1902,exercise,1
756,405,exercise,1
756,43,exercise,1
756,542,exercise,1
756,2799,exercise,1
756,117,exercise,1
756,2405,exercise,1
756,2086,exercise,1
756,301,exercise,1
756,2388,exercise,1
756,787,exercise,1
757,1048,exercise,1
757,2190,exercise,1
757,285,exercise,1
757,1004,exercise,1
757,426,exercise,1
757,2891,exercise,1
757,2401,exercise,1
757,542,exercise,1
757,2321,exercise,1
757,1269,exercise,1
757,519,exercise,1
757,267,exercise,1
757,1263,exercise,1
757,1596,exercise,1
757,2269,exercise,1
757,412,exercise,1
757,506,exercise,1
757,345,exercise,1
757,598,exercise,1
757,2396,exercise,1
758,996,exercise,1
758,197,exercise,1
758,2189,exercise,1
758,547,exercise,1
758,2167,exercise,1
758,275,exercise,1
758,1369,exercise,1
758,560,exercise,1
758,695,exercise,1
758,1614,exercise,1
758,2406,exercise,1
758,906,exercise,1
758,2306,exercise,1
758,423,exercise,1
758,393,exercise,1
758,526,exercise,1
758,475,exercise,1
758,460,exercise,1
758,235,exercise,1
758,2307,exercise,1
759,2146,exercise,1
759,2276,exercise,1
759,228,exercise,1
759,2908,exercise,1
759,2150,exercise,1
759,403,exercise,1
759,2253,exercise,1
759,2366,exercise,1
759,254,exercise,1
759,1240,exercise,1
759,2289,exercise,1
759,2260,exercise,1
759,323,exercise,1
759,319,exercise,1
759,364,exercise,1
759,1030,exercise,1
759,2135,exercise,1
759,2382,exercise,1
759,2226,exercise,1
759,2885,exercise,1
760,580,exercise,1
760,512,exercise,1
760,100,exercise,1
760,702,exercise,1
760,370,exercise,1
760,2675,exercise,1
760,805,exercise,1
760,845,exercise,1
760,2084,exercise,1
760,2569,exercise,1
760,1717,exercise,1
760,2615,exercise,1
760,1147,exercise,1
760,2278,exercise,1
760,288,exercise,1
760,806,exercise,1
760,2755,exercise,1
760,1924,exercise,1
760,494,exercise,1
760,2639,exercise,1
761,1016,exercise,1
761,874,exercise,1
761,620,exercise,1
761,1358,exercise,1
761,562,exercise,1
761,1800,exercise,1
761,46,exercise,1
761,1711,exercise,1
761,260,exercise,1
761,2410,exercise,1
761,50,exercise,1
761,478,exercise,1
761,2481,exercise,1
761,1164,exercise,1
761,2754,exercise,1
761,2520,exercise,1
761,37,exercise,1
761,1400,exercise,1
761,583,exercise,1
761,1473,exercise,1
762,2288,exercise,1
762,931,exercise,1
762,813,exercise,1
762,2265,exercise,1
762,2280,exercise,1
762,2281,exercise,1
762,934,exercise,1
762,422,exercise,1
762,746,exercise,1
762,1785,exercise,1
762,2598,exercise,1
762,2550,exercise,1
762,305,exercise,1
762,615,exercise,1
762,537,exercise,1
762,2428,exercise,1
762,616,exercise,1
762,293,exercise,1
762,2290,exercise,1
762,2442,exercise,1
763,2651,exercise,1
763,714,exercise,1
763,1076,exercise,1
763,1914,exercise,1
763,1669,exercise,1
763,984,exercise,1
763,1145,exercise,1
763,1885,exercise,1
763,259,exercise,1
763,1992,exercise,1
763,178,exercise,1
763,1467,exercise,1
763,1827,exercise,1
763,115,exercise,1
763,829,exercise,1
763,1728,exercise,1
763,1818,exercise,1
763,2113,exercise,1
763,2868,exercise,1
763,988,exercise,1
764,2031,exercise,1
764,2192,exercise,1
764,2236,exercise,1
764,2172,exercise,1
764,2131,exercise,1
764,2176,exercise,1
764,2168,exercise,1
764,2739,exercise,1
764,1730,exercise,1
764,2003,exercise,1
764,2125,exercise,1
764,2079,exercise,1
764,2032,exercise,1
764,2078,exercise,1
764,885,exercise,1
764,2001,exercise,1
764,2177,exercise,1
764,2170,exercise,1
764,2067,exercise,1
764,994,exercise,1
765,2032,exercise,1
765,885,exercise,1
765,2166,exercise,1
765,2119,exercise,1
765,2072,exercise,1
765,2031,exercise,1
765,2077,exercise,1
765,2131,exercise,1
765,2170,exercise,1
765,2067,exercise,1
765,2740,exercise,1
765,2208,exercise,1
765,2125,exercise,1
765,2172,exercise,1
765,2168,exercise,1
765,2003,exercise,1
765,2135,exercise,1
765,2160,exercise,1
765,1730,exercise,1
765,2069,exercise,1
766,1608,exercise,1
766,372,exercise,1
766,2398,exercise,1
766,1619,exercise,1
766,2891,exercise,1
766,314,exercise,1
766,1001,exercise,1
766,1035,exercise,1
766,1041,exercise,1
766,1260,exercise,1
766,2884,exercise,1
766,858,exercise,1
766,1391,exercise,1
766,1516,exercise,1
766,976,exercise,1
766,579,exercise,1
766,2121,exercise,1
766,1385,exercise,1
766,580,exercise,1
766,1615,exercise,1
767,2172,exercise,1
767,2119,exercise,1
767,2079,exercise,1
767,2176,exercise,1
767,2135,exercise,1
767,2192,exercise,1
767,2001,exercise,1
767,2168,exercise,1
767,2125,exercise,1
767,2170,exercise,1
767,1338,exercise,1
767,2160,exercise,1
767,2032,exercise,1
767,2177,exercise,1
767,2069,exercise,1
767,2031,exercise,1
767,2166,exercise,1
767,2236,exercise,1
767,2078,exercise,1
767,2131,exercise,1
768,2739,exercise,1
768,2069,exercise,1
768,2003,exercise,1
768,2124,exercise,1
768,2131,exercise,1
768,2236,exercise,1
768,2001,exercise,1
768,2125,exercise,1
768,2170,exercise,1
768,2192,exercise,1
768,2067,exercise,1
768,1730,exercise,1
768,2172,exercise,1
768,2078,exercise,1
768,2740,exercise,1
768,2079,exercise,1
768,350,exercise,1
768,2032,exercise,1
768,2208,exercise,1
768,2031,exercise,1
769,2135,exercise,1
769,2032,exercise,1
769,2079,exercise,1
769,1338,exercise,1
769,2031,exercise,1
769,994,exercise,1
769,2072,exercise,1
769,2172,exercise,1
769,2119,exercise,1
769,2177,exercise,1
769,150,exercise,1
769,885,exercise,1
769,2001,exercise,1
769,2192,exercise,1
769,2078,exercise,1
769,2131,exercise,1
769,2166,exercise,1
769,2740,exercise,1
769,2160,exercise,1
769,2003,exercise,1
770,1158,exercise,1
770,213,exercise,1
770,1975,exercise,1
770,2326,exercise,1
770,2807,exercise,1
770,459,exercise,1
770,2272,exercise,1
770,2040,exercise,1
770,1781,exercise,1
770,1436,exercise,1
770,506,exercise,1
770,589,exercise,1
770,781,exercise,1
770,520,exercise,1
770,1668,exercise,1
770,236,exercise,1
770,171,exercise,1
770,303,exercise,1
770,1232,exercise,1
770,458,exercise,1
771,2740,exercise,1
771,2119,exercise,1
771,2031,exercise,1
771,2001,exercise,1
771,2178,exercise,1
771,2166,exercise,1
771,2135,exercise,1
771,2076,exercise,1
771,2208,exercise,1
771,350,exercise,1
771,2177,exercise,1
771,2124,exercise,1
771,2170,exercise,1
771,150,exercise,1
771,994,exercise,1
771,2236,exercise,1
771,2739,exercise,1
771,1338,exercise,1
771,2003,exercise,1
771,2079,exercise,1
772,960,exercise,1
772,2905,exercise,1
772,2842,exercise,1
772,2676,exercise,1
772,1170,exercise,1
772,2596,exercise,1
772,1636,exercise,1
772,1033,exercise,1
772,640,exercise,1
772,95,exercise,1
772,2600,exercise,1
772,2738,exercise,1
772,1451,exercise,1
772,958,exercise,1
772,743,exercise,1
772,1773,exercise,1
772,880,exercise,1
772,2560,exercise,1
772,2913,exercise,1
772,72,exercise,1
773,390,exercise,1
773,2678,exercise,1
773,2885,exercise,1
773,1183,exercise,1
773,2312,exercise,1
773,527,exercise,1
773,408,exercise,1
773,1073,exercise,1
773,1885,exercise,1
773,963,exercise,1
773,1056,exercise,1
773,2200,exercise,1
773,2866,exercise,1
773,718,exercise,1
773,750,exercise,1
773,966,exercise,1
773,1248,exercise,1
773,458,exercise,1
773,13,exercise,1
773,1049,exercise,1
774,2125,exercise,1
774,2176,exercise,1
774,2168,exercise,1
774,2177,exercise,1
774,2001,exercise,1
774,2003,exercise,1
774,994,exercise,1
774,2739,exercise,1
774,885,exercise,1
774,2076,exercise,1
774,2160,exercise,1
774,2077,exercise,1
774,2166,exercise,1
774,1338,exercise,1
774,2072,exercise,1
774,2172,exercise,1
774,2124,exercise,1
774,2178,exercise,1
774,2740,exercise,1
774,2079,exercise,1
775,2208,exercise,1
775,2176,exercise,1
775,2135,exercise,1
775,2131,exercise,1
775,150,exercise,1
775,2078,exercise,1
775,2079,exercise,1
775,2125,exercise,1
775,2072,exercise,1
775,2077,exercise,1
775,2739,exercise,1
775,2001,exercise,1
775,2069,exercise,1
775,1338,exercise,1
775,885,exercise,1
775,2172,exercise,1
775,994,exercise,1
775,2740,exercise,1
775,2170,exercise,1
775,2236,exercise,1
776,1441,exercise,1
776,1634,exercise,1
776,1879,exercise,1
776,1203,exercise,1
776,1083,exercise,1
776,1287,exercise,1
776,1010,exercise,1
776,1747,exercise,1
776,2829,exercise,1
776,2244,exercise,1
776,101,exercise,1
776,2640,exercise,1
776,1064,exercise,1
776,279,exercise,1
776,2109,exercise,1
776,90,exercise,1
776,1807,exercise,1
776,2694,exercise,1
776,1604,exercise,1
776,1669,exercise,1
777,227,exercise,1
777,2401,exercise,1
777,2289,exercise,1
777,2308,exercise,1
777,2264,exercise,1
777,369,exercise,1
777,2291,exercise,1
777,1008,exercise,1
777,1744,exercise,1
777,906,exercise,1
777,1037,exercise,1
777,2146,exercise,1
777,1018,exercise,1
777,2376,exercise,1
777,509,exercise,1
777,534,exercise,1
777,689,exercise,1
777,2907,exercise,1
777,589,exercise,1
777,261,exercise,1
778,2142,exercise,1
778,284,exercise,1
778,906,exercise,1
778,370,exercise,1
778,511,exercise,1
778,375,exercise,1
778,288,exercise,1
778,998,exercise,1
778,348,exercise,1
778,2908,exercise,1
778,1008,exercise,1
778,2323,exercise,1
778,491,exercise,1
778,1269,exercise,1
778,476,exercise,1
778,2301,exercise,1
778,1250,exercise,1
778,574,exercise,1
778,964,exercise,1
778,2247,exercise,1
779,527,exercise,1
779,2899,exercise,1
779,322,exercise,1
779,912,exercise,1
779,374,exercise,1
779,292,exercise,1
779,546,exercise,1
779,1259,exercise,1
779,2359,exercise,1
779,2262,exercise,1
779,529,exercise,1
779,969,exercise,1
779,221,exercise,1
779,586,exercise,1
779,343,exercise,1
779,326,exercise,1
779,398,exercise,1
779,1048,exercise,1
779,560,exercise,1
779,445,exercise,1
780,2151,exercise,1
780,552,exercise,1
780,498,exercise,1
780,568,exercise,1
780,989,exercise,1
780,203,exercise,1
780,1519,exercise,1
780,537,exercise,1
780,1043,exercise,1
780,2884,exercise,1
780,228,exercise,1
780,2733,exercise,1
780,2741,exercise,1
780,302,exercise,1
780,2202,exercise,1
780,465,exercise,1
780,532,exercise,1
780,287,exercise,1
780,2368,exercise,1
780,509,exercise,1
781,1055,exercise,1
781,2864,exercise,1
781,1692,exercise,1
781,2689,exercise,1
781,1232,exercise,1
781,2213,exercise,1
781,1071,exercise,1
781,2122,exercise,1
781,757,exercise,1
781,467,exercise,1
781,1081,exercise,1
781,702,exercise,1
781,2852,exercise,1
781,176,exercise,1
781,289,exercise,1
781,1748,exercise,1
781,576,exercise,1
781,3,exercise,1
781,1282,exercise,1
781,2218,exercise,1
782,2208,exercise,1
782,2170,exercise,1
782,2739,exercise,1
782,2178,exercise,1
782,2192,exercise,1
782,2131,exercise,1
782,2079,exercise,1
782,2069,exercise,1
782,2236,exercise,1
782,2125,exercise,1
782,2124,exercise,1
782,2160,exercise,1
782,2072,exercise,1
782,2031,exercise,1
782,2177,exercise,1
782,350,exercise,1
782,2078,exercise,1
782,885,exercise,1
782,2032,exercise,1
782,2077,exercise,1
783,895,exercise,1
783,315,exercise,1
783,2825,exercise,1
783,1693,exercise,1
783,1349,exercise,1
783,490,exercise,1
783,2845,exercise,1
783,1910,exercise,1
783,1762,exercise,1
783,1727,exercise,1
783,1354,exercise,1
783,1718,exercise,1
783,99,exercise,1
783,1442,exercise,1
783,2316,exercise,1
783,858,exercise,1
783,66,exercise,1
783,944,exercise,1
783,2045,exercise,1
783,622,exercise,1
784,472,exercise,1
784,1368,exercise,1
784,2207,exercise,1
784,986,exercise,1
784,477,exercise,1
784,219,exercise,1
784,857,exercise,1
784,2295,exercise,1
784,1003,exercise,1
784,2392,exercise,1
784,2213,exercise,1
784,2351,exercise,1
784,2348,exercise,1
784,2156,exercise,1
784,605,exercise,1
784,2358,exercise,1
784,454,exercise,1
784,2258,exercise,1
784,292,exercise,1
784,994,exercise,1
785,431,exercise,1
785,1328,exercise,1
785,1720,exercise,1
785,228,exercise,1
785,1619,exercise,1
785,2224,exercise,1
785,1778,exercise,1
785,2004,exercise,1
785,334,exercise,1
785,2819,exercise,1
785,1322,exercise,1
785,1641,exercise,1
785,2426,exercise,1
785,2592,exercise,1
785,2275,exercise,1
785,168,exercise,1
785,2296,exercise,1
785,293,exercise,1
785,1637,exercise,1
785,1521,exercise,1
786,1425,exercise,1
786,2396,exercise,1
786,719,exercise,1
786,46,exercise,1
786,431,exercise,1
786,614,exercise,1
786,2633,exercise,1
786,1183,exercise,1
786,260,exercise,1
786,103,exercise,1
786,2407,exercise,1
786,953,exercise,1
786,2462,exercise,1
786,1708,exercise,1
786,100,exercise,1
786,2104,exercise,1
786,1884,exercise,1
786,1550,exercise,1
786,2898,exercise,1
786,2215,exercise,1
787,1521,exercise,1
787,1252,exercise,1
787,2149,exercise,1
787,290,exercise,1
787,2891,exercise,1
787,438,exercise,1
787,2293,exercise,1
787,2394,exercise,1
787,2283,exercise,1
787,2885,exercise,1
787,260,exercise,1
787,2744,exercise,1
787,323,exercise,1
787,500,exercise,1
787,2169,exercise,1
787,1601,exercise,1
787,2307,exercise,1
787,1038,exercise,1
787,484,exercise,1
787,481,exercise,1
788,398,exercise,1
788,2899,exercise,1
788,1767,exercise,1
788,1213,exercise,1
788,1825,exercise,1
788,960,exercise,1
788,174,exercise,1
788,183,exercise,1
788,1368,exercise,1
788,50,exercise,1
788,561,exercise,1
788,837,exercise,1
788,1937,exercise,1
788,2669,exercise,1
788,834,exercise,1
788,1947,exercise,1
788,645,exercise,1
788,1985,exercise,1
788,2586,exercise,1
788,2680,exercise,1
789,617,exercise,1
789,187,exercise,1
789,321,exercise,1
789,520,exercise,1
789,262,exercise,1
789,1029,exercise,1
789,2384,exercise,1
789,686,exercise,1
789,2355,exercise,1
789,525,exercise,1
789,2406,exercise,1
789,419,exercise,1
789,349,exercise,1
789,2337,exercise,1
789,1619,exercise,1
789,2169,exercise,1
789,2369,exercise,1
789,1023,exercise,1
789,1605,exercise,1
789,1596,exercise,1
790,2032,exercise,1
790,2739,exercise,1
790,2119,exercise,1
790,2078,exercise,1
790,2003,exercise,1
790,2172,exercise,1
790,150,exercise,1
790,2076,exercise,1
790,2208,exercise,1
790,2031,exercise,1
790,2067,exercise,1
790,2079,exercise,1
790,2740,exercise,1
790,2178,exercise,1
790,2072,exercise,1
790,2177,exercise,1
790,2168,exercise,1
790,2125,exercise,1
790,2124,exercise,1
790,2069,exercise,1
791,2606,exercise,1
791,974,exercise,1
791,954,exercise,1
791,1083,exercise,1
791,2220,exercise,1
791,646,exercise,1
791,420,exercise,1
791,2553,exercise,1
791,2392,exercise,1
791,1674,exercise,1
791,1911,exercise,1
791,1857,exercise,1
791,1941,exercise,1
791,2653,exercise,1
791,1511,exercise,1
791,1358,exercise,1
791,348,exercise,1
791,1062,exercise,1
791,707,exercise,1
791,2302,exercise,1
792,1338,exercise,1
792,2131,exercise,1
792,994,exercise,1
792,2176,exercise,1
792,2072,exercise,1
792,2172,exercise,1
792,2076,exercise,1
792,2740,exercise,1
792,2177,exercise,1
792,2078,exercise,1
792,150,exercise,1
792,2067,exercise,1
792,2069,exercise,1
792,2236,exercise,1
792,2032,exercise,1
792,2119,exercise,1
792,2160,exercise,1
792,2168,exercise,1
792,2135,exercise,1
792,1730,exercise,1
793,2276,exercise,1
793,967,exercise,1
793,1255,exercise,1
793,984,exercise,1
793,523,exercise,1
793,1606,exercise,1
793,512,exercise,1
793,1522,exercise,1
793,2167,exercise,1
793,355,exercise,1
793,392,exercise,1
793,354,exercise,1
793,203,exercise,1
793,493,exercise,1
793,2273,exercise,1
793,2731,exercise,1
793,378,exercise,1
793,502,exercise,1
793,292,exercise,1
793,190,exercise,1
794,549,exercise,1
794,252,exercise,1
794,459,exercise,1
794,1265,exercise,1
794,2147,exercise,1
794,2127,exercise,1
794,365,exercise,1
794,268,exercise,1
794,524,exercise,1
794,1384,exercise,1
794,1594,exercise,1
794,390,exercise,1
794,265,exercise,1
794,354,exercise,1
794,266,exercise,1
794,186,exercise,1
794,589,exercise,1
794,543,exercise,1
794,2211,exercise,1
794,2727,exercise,1
795,1172,exercise,1
795,2799,exercise,1
795,1293,exercise,1
795,2890,exercise,1
795,2487,exercise,1
795,308,exercise,1
795,2879,exercise,1
795,1262,exercise,1
795,584,exercise,1
795,281,exercise,1
795,2212,exercise,1
795,2852,exercise,1
795,1134,exercise,1
795,663,exercise,1
795,2435,exercise,1
795,412,exercise,1
795,2363,exercise,1
795,2867,exercise,1
795,980,exercise,1
795,1266,exercise,1
796,1819,exercise,1
796,1559,exercise,1
796,706,exercise,1
796,2257,exercise,1
796,2110,exercise,1
796,1657,exercise,1
796,2405,exercise,1
796,1403,exercise,1
796,1320,exercise,1
796,1862,exercise,1
796,1936,exercise,1
796,1028,exercise,1
796,1420,exercise,1
796,1492,exercise,1
796,919,exercise,1
796,1053,exercise,1
796,2221,exercise,1
796,628,exercise,1
796,654,exercise,1
796,153,exercise,1
797,254,exercise,1
797,2769,exercise,1
797,499,exercise,1
797,621,exercise,1
797,458,exercise,1
797,2095,exercise,1
797,533,exercise,1
797,630,exercise,1
797,315,exercise,1
797,1253,exercise,1
797,1521,exercise,1
797,1465,exercise,1
797,2711,exercise,1
797,1044,exercise,1
797,2293,exercise,1
797,2044,exercise,1
797,1910,exercise,1
797,523,exercise,1
797,2607,exercise,1
797,2790,exercise,1
798,615,exercise,1
798,2365,exercise,1
798,255,exercise,1
798,2141,exercise,1
798,506,exercise,1
798,2196,exercise,1
798,578,exercise,1
798,1624,exercise,1
798,321,exercise,1
798,286,exercise,1
798,250,exercise,1
798,1002,exercise,1
798,2193,exercise,1
798,568,exercise,1
798,2727,exercise,1
798,2358,exercise,1
798,2223,exercise,1
798,1524,exercise,1
798,2329,exercise,1
798,462,exercise,1
799,2260,exercise,1
799,1394,exercise,1
799,562,exercise,1
799,201,exercise,1
799,522,exercise,1
799,999,exercise,1
799,2247,exercise,1
799,376,exercise,1
799,2393,exercise,1
799,1603,exercise,1
799,489,exercise,1
799,272,exercise,1
799,473,exercise,1
799,977,exercise,1
799,2883,exercise,1
799,2736,exercise,1
799,1247,exercise,1
799,607,exercise,1
799,561,exercise,1
799,2264,exercise,1
800,38,exercise,1
800,1665,exercise,1
800,1576,exercise,1
800,2888,exercise,1
800,1715,exercise,1
800,1553,exercise,1
800,12,exercise,1
800,445,exercise,1
800,2298,exercise,1
800,2373,exercise,1
800,868,exercise,1
800,921,exercise,1
800,622,exercise,1
800,1520,exercise,1
800,2389,exercise,1
800,1209,exercise,1
800,2521,exercise,1
800,1819,exercise,1
800,2512,exercise,1
800,2801,exercise,1
801,2072,exercise,1
801,2176,exercise,1
801,885,exercise,1
801,2178,exercise,1
801,2192,exercise,1
801,2166,exercise,1
801,2124,exercise,1
801,2119,exercise,1
801,2032,exercise,1
801,2739,exercise,1
801,2168,exercise,1
801,2077,exercise,1
801,350,exercise,1
801,2172,exercise,1
801,2067,exercise,1
801,2177,exercise,1
801,2003,exercise,1
801,150,exercise,1
801,2135,exercise,1
801,2160,exercise,1
802,910,exercise,1
802,1395,exercise,1
802,694,exercise,1
802,2316,exercise,1
802,1028,exercise,1
802,1283,exercise,1
802,265,exercise,1
802,907,exercise,1
802,1006,exercise,1
802,2204,exercise,1
802,1029,exercise,1
802,194,exercise,1
802,269,exercise,1
802,692,exercise,1
802,975,exercise,1
802,2223,exercise,1
802,190,exercise,1
802,2290,exercise,1
802,286,exercise,1
802,344,exercise,1
803,2249,exercise,1
803,219,exercise,1
803,2735,exercise,1
803,1377,exercise,1
803,290,exercise,1
803,2413,exercise,1
803,675,exercise,1
803,1257,exercise,1
803,423,exercise,1
803,966,exercise,1
803,2192,exercise,1
803,1525,exercise,1
803,548,exercise,1
803,596,exercise,1
803,215,exercise,1
803,2288,exercise,1
803,352,exercise,1
803,1602,exercise,1
803,996,exercise,1
803,2391,exercise,1
804,424,exercise,1
804,548,exercise,1
804,1127,exercise,1
804,732,exercise,1
804,1310,exercise,1
804,1123,exercise,1
804,1924,exercise,1
804,701,exercise,1
804,1970,exercise,1
804,880,exercise,1
804,711,exercise,1
804,1668,exercise,1
804,416,exercise,1
804,1279,exercise,1
804,1421,exercise,1
804,2569,exercise,1
804,2595,exercise,1
804,295,exercise,1
804,327,exercise,1
804,659,exercise,1
805,14,exercise,1
805,1046,exercise,1
805,285,exercise,1
805,1185,exercise,1
805,773,exercise,1
805,481,exercise,1
805,2105,exercise,1
805,1554,exercise,1
805,514,exercise,1
805,2370,exercise,1
805,2522,exercise,1
805,2224,exercise,1
805,2413,exercise,1
805,517,exercise,1
805,2292,exercise,1
805,2904,exercise,1
805,1236,exercise,1
805,360,exercise,1
805,1656,exercise,1
805,395,exercise,1
806,547,exercise,1
806,2190,exercise,1
806,573,exercise,1
806,998,exercise,1
806,223,exercise,1
806,362,exercise,1
806,315,exercise,1
806,518,exercise,1
806,484,exercise,1
806,1618,exercise,1
806,514,exercise,1
806,2902,exercise,1
806,583,exercise,1
806,2376,exercise,1
806,1777,exercise,1
806,248,exercise,1
806,1738,exercise,1
806,2206,exercise,1
806,2294,exercise,1
806,401,exercise,1
807,2170,exercise,1
807,2076,exercise,1
807,2067,exercise,1
807,2072,exercise,1
807,2125,exercise,1
807,2131,exercise,1
807,2078,exercise,1
807,2168,exercise,1
807,2124,exercise,1
807,2166,exercise,1
807,2160,exercise,1
807,885,exercise,1
807,2003,exercise,1
807,2135,exercise,1
807,2177,exercise,1
807,2031,exercise,1
807,2001,exercise,1
807,1730,exercise,1
807,1338,exercise,1
807,2236,exercise,1
808,174,exercise,1
808,152,exercise,1
808,2112,exercise,1
808,810,exercise,1
808,16,exercise,1
808,2677,exercise,1
808,1643,exercise,1
808,71,exercise,1
808,1713,exercise,1
808,1559,exercise,1
808,1924,exercise,1
808,31,exercise,1
808,1444,exercise,1
808,2217,exercise,1
808,366,exercise,1
808,572,exercise,1
808,416,exercise,1
808,2819,exercise,1
808,2479,exercise,1
808,2646,exercise,1
809,2797,exercise,1
809,573,exercise,1
809,2260,exercise,1
809,2345,exercise,1
809,2600,exercise,1
809,2592,exercise,1
809,1567,exercise,1
809,507,exercise,1
809,135,exercise,1
809,1452,exercise,1
809,1072,exercise,1
809,1432,exercise,1
809,2532,exercise,1
809,1967,exercise,1
809,1319,exercise,1
809,163,exercise,1
809,454,exercise,1
809,237,exercise,1
809,1362,exercise,1
809,580,exercise,1
810,2079,exercise,1
810,2168,exercise,1
810,2032,exercise,1
810,2119,exercise,1
810,2067,exercise,1
810,2176,exercise,1
810,2076,exercise,1
810,885,exercise,1
810,2740,exercise,1
810,2069,exercise,1
810,2178,exercise,1
810,2078,exercise,1
810,2236,exercise,1
810,2160,exercise,1
810,2177,exercise,1
810,2192,exercise,1
810,2172,exercise,1
810,2125,exercise,1
810,2001,exercise,1
810,2739,exercise,1
811,1730,exercise,1
811,2031,exercise,1
811,2001,exercise,1
811,2166,exercise,1
811,994,exercise,1
811,2192,exercise,1
811,2739,exercise,1
811,2168,exercise,1
811,2067,exercise,1
811,2172,exercise,1
811,2178,exercise,1
811,2740,exercise,1
811,2124,exercise,1
811,2236,exercise,1
811,2160,exercise,1
811,2069,exercise,1
811,2078,exercise,1
811,2177,exercise,1
811,2079,exercise,1
811,2208,exercise,1
812,2740,exercise,1
812,1730,exercise,1
812,2125,exercise,1
812,2236,exercise,1
812,994,exercise,1
812,2177,exercise,1
812,2072,exercise,1
812,2168,exercise,1
812,350,exercise,1
812,2032,exercise,1
812,2076,exercise,1
812,885,exercise,1
812,2135,exercise,1
812,2067,exercise,1
812,2031,exercise,1
812,2178,exercise,1
812,150,exercise,1
812,2192,exercise,1
812,2069,exercise,1
812,2176,exercise,1
813,2274,exercise,1
813,177,exercise,1
813,2242,exercise,1
813,1667,exercise,1
813,1883,exercise,1
813,2552,exercise,1
813,454,exercise,1
813,1152,exercise,1
813,678,exercise,1
813,2788,exercise,1
813,2631,exercise,1
813,1079,exercise,1
813,352,exercise,1
813,1527,exercise,1
813,729,exercise,1
813,803,exercise,1
813,2683,exercise,1
813,444,exercise,1
813,69,exercise,1
813,2258,exercise,1
814,535,exercise,1
814,733,exercise,1
814,2408,exercise,1
814,1042,exercise,1
814,1891,exercise,1
814,22,exercise,1
814,2475,exercise,1
814,1200,exercise,1
814,2701,exercise,1
814,808,exercise,1
814,2338,exercise,1
814,2575,exercise,1
814,1039,exercise,1
814,258,exercise,1
814,1984,exercise,1
814,926,exercise,1
814,2899,exercise,1
814,1797,exercise,1
814,834,exercise,1
814,2507,exercise,1
815,1623,exercise,1
815,464,exercise,1
815,2224,exercise,1
815,2238,exercise,1
815,1258,exercise,1
815,1037,exercise,1
815,996,exercise,1
815,441,exercise,1
815,2256,exercise,1
815,1008,exercise,1
815,2727,exercise,1
815,188,exercise,1
815,420,exercise,1
815,2226,exercise,1
815,577,exercise,1
815,1011,exercise,1
815,451,exercise,1
815,567,exercise,1
815,433,exercise,1
815,1001,exercise,1
816,167,exercise,1
816,1010,exercise,1
816,1088,exercise,1
816,193,exercise,1
816,310,exercise,1
816,1827,exercise,1
816,561,exercise,1
816,951,exercise,1
816,1221,exercise,1
816,478,exercise,1
816,2692,exercise,1
816,12,exercise,1
816,916,exercise,1
816,470,exercise,1
816,57,exercise,1
816,1930,exercise,1
816,460,exercise,1
816,1587,exercise,1
816,901,exercise,1
816,2102,exercise,1
817,619,exercise,1
817,521,exercise,1
817,1698,exercise,1
817,1486,exercise,1
817,1904,exercise,1
817,1744,exercise,1
817,2453,exercise,1
817,1209,exercise,1
817,2066,exercise,1
817,867,exercise,1
817,614,exercise,1
817,894,exercise,1
817,1792,exercise,1
817,1634,exercise,1
817,810,exercise,1
817,1065,exercise,1
817,2341,exercise,1
817,2337,exercise,1
817,1212,exercise,1
817,2054,exercise,1
818,1097,exercise,1
818,13,exercise,1
818,2002,exercise,1
818,2217,exercise,1
818,674,exercise,1
818,266,exercise,1
818,259,exercise,1
818,2197,exercise,1
818,2480,exercise,1
818,1281,exercise,1
818,879,exercise,1
818,1914,exercise,1
818,469,exercise,1
818,1273,exercise,1
818,593,exercise,1
818,1265,exercise,1
818,1247,exercise,1
818,771,exercise,1
818,1980,exercise,1
818,58,exercise,1
819,319,exercise,1
819,2326,exercise,1
819,1743,exercise,1
819,1370,exercise,1
819,697,exercise,1
819,2316,exercise,1
819,597,exercise,1
819,1233,exercise,1
819,2372,exercise,1
819,2195,exercise,1
819,1038,exercise,1
819,514,exercise,1
819,2379,exercise,1
819,689,exercise,1
819,2293,exercise,1
819,460,exercise,1
819,221,exercise,1
819,971,exercise,1
819,2406,exercise,1
819,2192,exercise,1
820,2592,exercise,1
820,2408,exercise,1
820,609,exercise,1
820,466,exercise,1
820,1174,exercise,1
820,1706,exercise,1
820,2471,exercise,1
820,1113,exercise,1
820,421,exercise,1
820,1192,exercise,1
820,2442,exercise,1
820,1424,exercise,1
820,1873,exercise,1
820,84,exercise,1
820,272,exercise,1
820,2677,exercise,1
820,458,exercise,1
820,1058,exercise,1
820,1263,exercise,1
820,1107,exercise,1
821,2610,exercise,1
821,2883,exercise,1
821,2691,exercise,1
821,2503,exercise,1
821,789,exercise,1
821,2356,exercise,1
821,2497,exercise,1
821,14,exercise,1
821,629,exercise,1
821,81,exercise,1
821,1495,exercise,1
821,2601,exercise,1
821,1943,exercise,1
821,2659,exercise,1
821,1569,exercise,1
821,6,exercise,1
821,2298,exercise,1
821,837,exercise,1
821,811,exercise,1
821,463,exercise,1
822,2125,exercise,1
822,2176,exercise,1
822,2079,exercise,1
822,2119,exercise,1
822,2124,exercise,1
822,2001,exercise,1
822,2131,exercise,1
822,2072,exercise,1
822,2135,exercise,1
822,2740,exercise,1
822,2192,exercise,1
822,2168,exercise,1
822,2069,exercise,1
822,994,exercise,1
822,2739,exercise,1
822,2160,exercise,1
822,2078,exercise,1
822,2208,exercise,1
822,1730,exercise,1
822,2178,exercise,1
823,2126,exercise,1
823,2361,exercise,1
823,979,exercise,1
823,1600,exercise,1
823,2405,exercise,1
823,858,exercise,1
823,2278,exercise,1
823,219,exercise,1
823,342,exercise,1
823,397,exercise,1
823,466,exercise,1
823,911,exercise,1
823,2237,exercise,1
823,275,exercise,1
823,605,exercise,1
823,2366,exercise,1
823,2252,exercise,1
823,336,exercise,1
823,400,exercise,1
823,2312,exercise,1
824,2031,exercise,1
824,2077,exercise,1
824,2076,exercise,1
824,2236,exercise,1
824,2069,exercise,1
824,994,exercise,1
824,350,exercise,1
824,2740,exercise,1
824,150,exercise,1
824,2124,exercise,1
824,2208,exercise,1
824,2178,exercise,1
824,2176,exercise,1
824,2131,exercise,1
824,2170,exercise,1
824,2032,exercise,1
824,2739,exercise,1
824,2067,exercise,1
824,2125,exercise,1
824,1338,exercise,1
825,2003,exercise,1
825,1730,exercise,1
825,2079,exercise,1
825,2078,exercise,1
825,350,exercise,1
825,2208,exercise,1
825,2160,exercise,1
825,2031,exercise,1
825,2119,exercise,1
825,2739,exercise,1
825,2135,exercise,1
825,2177,exercise,1
825,150,exercise,1
825,2178,exercise,1
825,2001,exercise,1
825,994,exercise,1
825,2124,exercise,1
825,2069,exercise,1
825,2067,exercise,1
825,2740,exercise,1
826,2119,exercise,1
826,150,exercise,1
826,2176,exercise,1
826,2160,exercise,1
826,2178,exercise,1
826,2069,exercise,1
826,2168,exercise,1
826,2077,exercise,1
826,2740,exercise,1
826,2208,exercise,1
826,1730,exercise,1
826,2739,exercise,1
826,994,exercise,1
826,2131,exercise,1
826,2124,exercise,1
826,2177,exercise,1
826,2236,exercise,1
826,2079,exercise,1
826,2078,exercise,1
826,885,exercise,1
827,188,exercise,1
827,774,exercise,1
827,843,exercise,1
827,904,exercise,1
827,850,exercise,1
827,560,exercise,1
827,1326,exercise,1
827,2205,exercise,1
827,265,exercise,1
827,2098,exercise,1
827,985,exercise,1
827,2906,exercise,1
827,567,exercise,1
827,130,exercise,1
827,499,exercise,1
827,893,exercise,1
827,1701,exercise,1
827,1367,exercise,1
827,2017,exercise,1
827,655,exercise,1
828,1338,exercise,1
828,2067,exercise,1
828,2192,exercise,1
828,2168,exercise,1
828,150,exercise,1
828,1730,exercise,1
828,2069,exercise,1
828,350,exercise,1
828,2119,exercise,1
828,2178,exercise,1
828,2135,exercise,1
828,2076,exercise,1
828,994,exercise,1
828,885,exercise,1
828,2170,exercise,1
828,2208,exercise,1
828,2072,exercise,1
828,2078,exercise,1
828,2003,exercise,1
828,2077,exercise,1
829,907,exercise,1
829,526,exercise,1
829,1031,exercise,1
829,2898,exercise,1
829,1528,exercise,1
829,2323,exercise,1
829,508,exercise,1
829,679,exercise,1
829,2315,exercise,1
829,2266,exercise,1
829,538,exercise,1
829,2307,exercise,1
829,1240,exercise,1
829,1396,exercise,1
829,1018,exercise,1
829,680,exercise,1
829,227,exercise,1
829,590,exercise,1
829,2237,exercise,1
829,1282,exercise,1
830,2348,exercise,1
830,372,exercise,1
830,422,exercise,1
830,445,exercise,1
830,296,exercise,1
830,908,exercise,1
830,417,exercise,1
830,2377,exercise,1
830,2204,exercise,1
830,462,exercise,1
830,294,exercise,1
830,2893,exercise,1
830,554,exercise,1
830,912,exercise,1
830,444,exercise,1
830,989,exercise,1
830,289,exercise,1
830,2888,exercise,1
830,339,exercise,1
830,991,exercise,1
831,1730,exercise,1
831,2135,exercise,1
831,2740,exercise,1
831,2079,exercise,1
831,2031,exercise,1
831,2067,exercise,1
831,2119,exercise,1
831,1338,exercise,1
831,2172,exercise,1
831,2236,exercise,1
831,350,exercise,1
831,2076,exercise,1
831,2078,exercise,1
831,2001,exercise,1
831,2176,exercise,1
831,2208,exercise,1
831,2192,exercise,1
831,885,exercise,1
831,150,exercise,1
831,2032,exercise,1
832,1953,exercise,1
832,2572,exercise,1
832,344,exercise,1
832,1473,exercise,1
832,2205,exercise,1
832,714,exercise,1
832,1220,exercise,1
832,1555,exercise,1
832,124,exercise,1
832,137,exercise,1
832,48,exercise,1
832,113,exercise,1
832,101,exercise,1
832,126,exercise,1
832,359,exercise,1
832,1486,exercise,1
832,724,exercise,1
832,2777,exercise,1
832,356,exercise,1
832,363,exercise,1
833,2072,exercise,1
833,2192,exercise,1
833,2001,exercise,1
833,2177,exercise,1
833,2170,exercise,1
833,2208,exercise,1
833,2119,exercise,1
833,2131,exercise,1
833,2069,exercise,1
833,350,exercise,1
833,2176,exercise,1
833,2166,exercise,1
833,2125,exercise,1
833,150,exercise,1
833,1338,exercise,1
833,2003,exercise,1
833,2124,exercise,1
833,2135,exercise,1
833,2077,exercise,1
833,1730,exercise,1
834,1020,exercise,1
834,512,exercise,1
834,360,exercise,1
834,488,exercise,1
834,2372,exercise,1
834,1257,exercise,1
834,2401,exercise,1
834,2902,exercise,1
834,342,exercise,1
834,494,exercise,1
834,545,exercise,1
834,1260,exercise,1
834,2734,exercise,1
834,272,exercise,1
834,1393,exercise,1
834,2184,exercise,1
834,2367,exercise,1
834,268,exercise,1
834,2885,exercise,1
834,2297,exercise,1
835,239,exercise,1
835,276,exercise,1
835,286,exercise,1
835,191,exercise,1
835,1021,exercise,1
835,989,exercise,1
835,2169,exercise,1
835,1738,exercise,1
835,1617,exercise,1
835,367,exercise,1
835,2136,exercise,1
835,2889,exercise,1
835,1207,exercise,1
835,493,exercise,1
835,2225,exercise,1
835,2182,exercise,1
835,442,exercise,1
835,974,exercise,1
835,2255,exercise,1
835,497,exercise,1
836,2755,exercise,1
836,858,exercise,1
836,1511,exercise,1
836,2152,exercise,1
836,286,exercise,1
836,2145,exercise,1
836,1385,exercise,1
836,534,exercise,1
836,2164,exercise,1
836,271,exercise,1
836,266,exercise,1
836,2358,exercise,1
836,294,exercise,1
836,2228,exercise,1
836,611,exercise,1
836,985,exercise,1
836,2249,exercise,1
836,2351,exercise,1
836,2132,exercise,1
836,220,exercise,1
837,2739,exercise,1
837,2069,exercise,1
837,2031,exercise,1
837,1338,exercise,1
837,350,exercise,1
837,2236,exercise,1
837,2170,exercise,1
837,2192,exercise,1
837,994,exercise,1
837,2072,exercise,1
837,2178,exercise,1
837,2079,exercise,1
837,2172,exercise,1
837,2119,exercise,1
837,2166,exercise,1
837,2176,exercise,1
837,2740,exercise,1
837,885,exercise,1
837,2077,exercise,1
837,2135,exercise,1
838,995,exercise,1
838,2889,exercise,1
838,583,exercise,1
838,2170,exercise,1
838,570,exercise,1
838,317,exercise,1
838,2214,exercise,1
838,1034,exercise,1
838,982,exercise,1
838,503,exercise,1
838,320,exercise,1
838,475,exercise,1
838,2215,exercise,1
838,1273,exercise,1
838,535,exercise,1
838,1390,exercise,1
838,2244,exercise,1
838,1370,exercise,1
838,514,exercise,1
838,228,exercise,1
839,1943,exercise,1
839,551,exercise,1
839,1696,exercise,1
839,2497,exercise,1
839,1988,exercise,1
839,933,exercise,1
839,443,exercise,1
839,1422,exercise,1
839,1096,exercise,1
839,353,exercise,1
839,2211,exercise,1
839,170,exercise,1
839,1796,exercise,1
839,1300,exercise,1
839,1794,exercise,1
839,664,exercise,1
839,1648,exercise,1
839,1727,exercise,1
839,1310,exercise,1
839,177,exercise,1
840,1871,exercise,1
840,1003,exercise,1
840,1699,exercise,1
840,1564,exercise,1
840,2559,exercise,1
840,805,exercise,1
840,1321,exercise,1
840,826,exercise,1
840,96,exercise,1
840,363,exercise,1
840,2245,exercise,1
840,1734,exercise,1
840,1413,exercise,1
840,1905,exercise,1
840,1235,exercise,1
840,1306,exercise,1
840,2442,exercise,1
840,2712,exercise,1
840,2519,exercise,1
840,2404,exercise,1
841,987,exercise,1
841,463,exercise,1
841,1696,exercise,1
841,1053,exercise,1
841,2610,exercise,1
841,2372,exercise,1
841,2452,exercise,1
841,770,exercise,1
841,1212,exercise,1
841,1513,exercise,1
841,566,exercise,1
841,2226,exercise,1
841,2868,exercise,1
841,267,exercise,1
841,1564,exercise,1
841,156,exercise,1
841,1293,exercise,1
841,247,exercise,1
841,1318,exercise,1
841,1048,exercise,1
842,943,exercise,1
842,903,exercise,1
842,1642,exercise,1
842,836,exercise,1
842,2488,exercise,1
842,1125,exercise,1
842,2763,exercise,1
842,1444,exercise,1
842,517,exercise,1
842,1827,exercise,1
842,966,exercise,1
842,596,exercise,1
842,435,exercise,1
842,385,exercise,1
842,404,exercise,1
842,2842,exercise,1
842,2191,exercise,1
842,2502,exercise,1
842,2244,exercise,1
842,527,exercise,1
843,994,exercise,1
843,2072,exercise,1
843,2078,exercise,1
843,1730,exercise,1
843,2131,exercise,1
843,2135,exercise,1
843,2001,exercise,1
843,2236,exercise,1
843,2177,exercise,1
843,1338,exercise,1
843,2739,exercise,1
843,2192,exercise,1
843,2067,exercise,1
843,2003,exercise,1
843,350,exercise,1
843,2032,exercise,1
843,2178,exercise,1
843,2069,exercise,1
843,2168,exercise,1
843,885,exercise,1
844,2193,exercise,1
844,381,exercise,1
844,2341,exercise,1
844,2733,exercise,1
844,2229,exercise,1
844,2907,exercise,1
844,203,exercise,1
844,207,exercise,1
844,564,exercise,1
844,613,exercise,1
844,240,exercise,1
844,246,exercise,1
844,404,exercise,1
844,1603,exercise,1
844,2245,exercise,1
844,421,exercise,1
844,453,exercise,1
844,214,exercise,1
844,994,exercise,1
844,2177,exercise,1
845,2363,exercise,1
845,2414,exercise,1
845,1026,exercise,1
845,1249,exercise,1
845,431,exercise,1
845,2246,exercise,1
845,192,exercise,1
845,675,exercise,1
845,2198,exercise,1
845,2149,exercise,1
845,1739,exercise,1
845,460,exercise,1
845,304,exercise,1
845,342,exercise,1
845,1387,exercise,1
845,333,exercise,1
845,442,exercise,1
845,1264,exercise,1
845,411,exercise,1
845,1275,exercise,1
846,1012,exercise,1
846,1840,exercise,1
846,2503,exercise,1
846,2276,exercise,1
846,1576,exercise,1
846,110,exercise,1
846,2761,exercise,1
846,587,exercise,1
846,1889,exercise,1
846,838,exercise,1
846,738,exercise,1
846,664,exercise,1
846,941,exercise,1
846,2854,exercise,1
846,2835,exercise,1
846,2403,exercise,1
846,626,exercise,1
846,317,exercise,1
846,1055,exercise,1
846,2115,exercise,1
847,1604,exercise,1
847,1609,exercise,1
847,2252,exercise,1
847,343,exercise,1
847,374,exercise,1
847,1008,exercise,1
847,260,exercise,1
847,1271,exercise,1
847,452,exercise,1
847,2897,exercise,1
847,2230,exercise,1
847,273,exercise,1
847,2147,exercise,1
847,229,exercise,1
847,972,exercise,1
847,2730,exercise,1
847,2217,exercise,1
847,2287,exercise,1
847,2301,exercise,1
847,283,exercise,1
848,2001,exercise,1
848,2003,exercise,1
848,2031,exercise,1
848,2176,exercise,1
848,2168,exercise,1
848,2208,exercise,1
848,150,exercise,1
848,350,exercise,1
848,2740,exercise,1
848,2178,exercise,1
848,2079,exercise,1
848,2172,exercise,1
848,2069,exercise,1
848,2072,exercise,1
848,2135,exercise,1
848,2170,exercise,1
848,2067,exercise,1
848,2177,exercise,1
848,2125,exercise,1
848,2077,exercise,1
849,2178,exercise,1
849,1338,exercise,1
849,2131,exercise,1
849,2076,exercise,1
849,994,exercise,1
849,1730,exercise,1
849,2168,exercise,1
849,2001,exercise,1
849,2031,exercise,1
849,2067,exercise,1
849,2069,exercise,1
849,350,exercise,1
849,2208,exercise,1
849,2079,exercise,1
849,2119,exercise,1
849,2077,exercise,1
849,2135,exercise,1
849,150,exercise,1
849,2160,exercise,1
849,885,exercise,1
850,478,exercise,1
850,617,exercise,1
850,2907,exercise,1
850,1026,exercise,1
850,1263,exercise,1
850,268,exercise,1
850,423,exercise,1
850,981,exercise,1
850,1372,exercise,1
850,196,exercise,1
850,2312,exercise,1
850,583,exercise,1
850,1619,exercise,1
850,1280,exercise,1
850,972,exercise,1
850,2386,exercise,1
850,468,exercise,1
850,2243,exercise,1
850,282,exercise,1
850,678,exercise,1
851,1721,exercise,1
851,2887,exercise,1
851,525,exercise,1
851,229,exercise,1
851,436,exercise,1
851,1705,exercise,1
851,2106,exercise,1
851,74,exercise,1
851,2850,exercise,1
851,198,exercise,1
851,2399,exercise,1
851,1696,exercise,1
851,2645,exercise,1
851,2718,exercise,1
851,280,exercise,1
851,1288,exercise,1
851,1273,exercise,1
851,2702,exercise,1
851,790,exercise,1
851,65,exercise,1
852,2177,exercise,1
852,2079,exercise,1
852,2067,exercise,1
852,2170,exercise,1
852,2168,exercise,1
852,2125,exercise,1
852,2160,exercise,1
852,2124,exercise,1
852,2178,exercise,1
852,2131,exercise,1
852,2076,exercise,1
852,2172,exercise,1
852,2176,exercise,1
852,2072,exercise,1
852,2032,exercise,1
852,2031,exercise,1
852,2135,exercise,1
852,150,exercise,1
852,994,exercise,1
852,2236,exercise,1
853,2525,exercise,1
853,1687,exercise,1
853,2711,exercise,1
853,1768,exercise,1
853,2666,exercise,1
853,1081,exercise,1
853,618,exercise,1
853,1508,exercise,1
853,2648,exercise,1
853,438,exercise,1
853,1323,exercise,1
853,88,exercise,1
853,2370,exercise,1
853,1422,exercise,1
853,2670,exercise,1
853,840,exercise,1
853,760,exercise,1
853,823,exercise,1
853,462,exercise,1
853,800,exercise,1
854,1323,exercise,1
854,595,exercise,1
854,1984,exercise,1
854,1875,exercise,1
854,2642,exercise,1
854,2626,exercise,1
854,236,exercise,1
854,1891,exercise,1
854,95,exercise,1
854,2618,exercise,1
854,2258,exercise,1
854,653,exercise,1
854,1850,exercise,1
854,499,exercise,1
854,2187,exercise,1
854,1943,exercise,1
854,128,exercise,1
854,2073,exercise,1
854,757,exercise,1
854,947,exercise,1
855,905,exercise,1
855,2897,exercise,1
855,689,exercise,1
855,1520,exercise,1
855,2136,exercise,1
855,985,exercise,1
855,2898,exercise,1
855,469,exercise,1
855,221,exercise,1
855,1252,exercise,1
855,192,exercise,1
855,1623,exercise,1
855,2230,exercise,1
855,427,exercise,1
855,477,exercise,1
855,2298,exercise,1
855,1741,exercise,1
855,249,exercise,1
855,492,exercise,1
855,2240,exercise,1
856,2160,exercise,1
856,2032,exercise,1
856,2176,exercise,1
856,2119,exercise,1
856,885,exercise,1
856,2170,exercise,1
856,2208,exercise,1
856,2072,exercise,1
856,2124,exercise,1
856,2236,exercise,1
856,2069,exercise,1
856,2076,exercise,1
856,2131,exercise,1
856,2192,exercise,1
856,2001,exercise,1
856,2177,exercise,1
856,2166,exercise,1
856,994,exercise,1
856,2135,exercise,1
856,150,exercise,1
857,2032,exercise,1
857,2072,exercise,1
857,2131,exercise,1
857,2135,exercise,1
857,2178,exercise,1
857,2168,exercise,1
857,994,exercise,1
857,2031,exercise,1
857,2172,exercise,1
857,2001,exercise,1
857,2192,exercise,1
857,2176,exercise,1
857,2739,exercise,1
857,2119,exercise,1
857,1338,exercise,1
857,2079,exercise,1
857,2166,exercise,1
857,2740,exercise,1
857,2160,exercise,1
857,2208,exercise,1
858,885,exercise,1
858,350,exercise,1
858,2067,exercise,1
858,2192,exercise,1
858,2168,exercise,1
858,2003,exercise,1
858,150,exercise,1
858,2177,exercise,1
858,2135,exercise,1
858,2079,exercise,1
858,2076,exercise,1
858,2125,exercise,1
858,2072,exercise,1
858,2160,exercise,1
858,2740,exercise,1
858,2178,exercise,1
858,2077,exercise,1
858,2001,exercise,1
858,2032,exercise,1
858,2739,exercise,1
859,348,exercise,1
859,832,exercise,1
859,2876,exercise,1
859,1535,exercise,1
859,106,exercise,1
859,200,exercise,1
859,286,exercise,1
859,1724,exercise,1
859,2494,exercise,1
859,241,exercise,1
859,2877,exercise,1
859,1232,exercise,1
859,344,exercise,1
859,1318,exercise,1
859,2854,exercise,1
859,318,exercise,1
859,1480,exercise,1
859,236,exercise,1
859,2136,exercise,1
859,1902,exercise,1
860,2467,exercise,1
860,843,exercise,1
860,2724,exercise,1
860,2065,exercise,1
860,1905,exercise,1
860,605,exercise,1
860,211,exercise,1
860,1696,exercise,1
860,961,exercise,1
860,1235,exercise,1
860,1185,exercise,1
860,69,exercise,1
860,2349,exercise,1
860,2054,exercise,1
860,2063,exercise,1
860,2837,exercise,1
860,1257,exercise,1
860,1815,exercise,1
860,707,exercise,1
860,254,exercise,1
861,2177,exercise,1
861,2031,exercise,1
861,2170,exercise,1
861,2172,exercise,1
861,2135,exercise,1
861,1338,exercise,1
861,2125,exercise,1
861,2178,exercise,1
861,2069,exercise,1
861,150,exercise,1
861,2119,exercise,1
861,885,exercise,1
861,2078,exercise,1
861,2131,exercise,1
861,2160,exercise,1
861,2124,exercise,1
861,2192,exercise,1
861,2077,exercise,1
861,2067,exercise,1
861,2739,exercise,1
862,1841,exercise,1
862,2479,exercise,1
862,2518,exercise,1
862,1146,exercise,1
862,290,exercise,1
862,840,exercise,1
862,854,exercise,1
862,875,exercise,1
862,2116,exercise,1
862,1015,exercise,1
862,382,exercise,1
862,560,exercise,1
862,1440,exercise,1
862,1653,exercise,1
862,741,exercise,1
862,881,exercise,1
862,1605,exercise,1
862,1875,exercise,1
862,464,exercise,1
862,2247,exercise,1
863,1730,exercise,1
863,2178,exercise,1
863,150,exercise,1
863,2076,exercise,1
863,2176,exercise,1
863,2177,exercise,1
863,2740,exercise,1
863,2135,exercise,1
863,994,exercise,1
863,885,exercise,1
863,2125,exercise,1
863,2739,exercise,1
863,2236,exercise,1
863,2072,exercise,1
863,2172,exercise,1
863,1338,exercise,1
863,350,exercise,1
863,2170,exercise,1
863,2160,exercise,1
863,2001,exercise,1
864,2235,exercise,1
864,2351,exercise,1
864,2569,exercise,1
864,2687,exercise,1
864,1588,exercise,1
864,1728,exercise,1
864,513,exercise,1
864,820,exercise,1
864,951,exercise,1
864,2089,exercise,1
864,319,exercise,1
864,2566,exercise,1
864,1334,exercise,1
864,1410,exercise,1
864,1153,exercise,1
864,2811,exercise,1
864,206,exercise,1
864,732,exercise,1
864,2724,exercise,1
864,1485,exercise,1
865,593,exercise,1
865,1833,exercise,1
865,1322,exercise,1
865,2411,exercise,1
865,179,exercise,1
865,404,exercise,1
865,1990,exercise,1
865,1212,exercise,1
865,1263,exercise,1
865,227,exercise,1
865,1033,exercise,1
865,2107,exercise,1
865,887,exercise,1
865,1089,exercise,1
865,433,exercise,1
865,1863,exercise,1
865,2261,exercise,1
865,2536,exercise,1
865,464,exercise,1
865,602,exercise,1
866,2731,exercise,1
866,2884,exercise,1
866,534,exercise,1
866,568,exercise,1
866,339,exercise,1
866,214,exercise,1
866,516,exercise,1
866,374,exercise,1
866,2402,exercise,1
866,559,exercise,1
866,395,exercise,1
866,582,exercise,1
866,1020,exercise,1
866,2896,exercise,1
866,2255,exercise,1
866,543,exercise,1
866,1624,exercise,1
866,2414,exercise,1
866,2303,exercise,1
866,973,exercise,1
867,912,exercise,1
867,983,exercise,1
867,421,exercise,1
867,2888,exercise,1
867,548,exercise,1
867,1402,exercise,1
867,2232,exercise,1
867,245,exercise,1
867,1611,exercise,1
867,906,exercise,1
867,2316,exercise,1
867,232,exercise,1
867,2405,exercise,1
867,2273,exercise,1
867,2220,exercise,1
867,432,exercise,1
867,2337,exercise,1
867,2388,exercise,1
867,313,exercise,1
867,2230,exercise,1
868,969,exercise,1
868,2225,exercise,1
868,2894,exercise,1
868,486,exercise,1
868,217,exercise,1
868,2143,exercise,1
868,190,exercise,1
868,2166,exercise,1
868,480,exercise,1
868,358,exercise,1
868,536,exercise,1
868,555,exercise,1
868,696,exercise,1
868,1746,exercise,1
868,1524,exercise,1
868,517,exercise,1
868,365,exercise,1
868,2214,exercise,1
868,2157,exercise,1
868,218,exercise,1
869,2312,exercise,1
869,400,exercise,1
869,1028,exercise,1
869,2225,exercise,1
869,493,exercise,1
869,335,exercise,1
869,2903,exercise,1
869,542,exercise,1
869,334,exercise,1
869,470,exercise,1
869,1523,exercise,1
869,2210,exercise,1
869,2331,exercise,1
869,266,exercise,1
869,1035,exercise,1
869,974,exercise,1
869,2288,exercise,1
869,1269,exercise,1
869,219,exercise,1
869,516,exercise,1
870,157,exercise,1
870,1510,exercise,1
870,140,exercise,1
870,2848,exercise,1
870,1006,exercise,1
870,2554,exercise,1
870,2002,exercise,1
870,2819,exercise,1
870,1092,exercise,1
870,2399,exercise,1
870,1305,exercise,1
870,549,exercise,1
870,1348,exercise,1
870,2850,exercise,1
870,1555,exercise,1
870,2882,exercise,1
870,2435,exercise,1
870,2612,exercise,1
870,287,exercise,1
870,363,exercise,1
871,1741,exercise,1
871,2321,exercise,1
871,2747,exercise,1
871,2333,exercise,1
871,259,exercise,1
871,2299,exercise,1
871,373,exercise,1
871,2127,exercise,1
871,552,exercise,1
871,967,exercise,1
871,2218,exercise,1
871,2312,exercise,1
871,2195,exercise,1
871,2374,exercise,1
871,587,exercise,1
871,571,exercise,1
871,239,exercise,1
871,2334,exercise,1
871,1236,exercise,1
871,2182,exercise,1
872,2885,exercise,1
872,275,exercise,1
872,2207,exercise,1
872,2348,exercise,1
872,2870,exercise,1
872,2512,exercise,1
872,2338,exercise,1
872,1769,exercise,1
872,2552,exercise,1
872,633,exercise,1
872,2692,exercise,1
872,2037,exercise,1
872,2392,exercise,1
872,2357,exercise,1
872,649,exercise,1
872,548,exercise,1
872,1469,exercise,1
872,2452,exercise,1
872,2714,exercise,1
872,847,exercise,1
873,264,exercise,1
873,1401,exercise,1
873,2906,exercise,1
873,187,exercise,1
873,2212,exercise,1
873,567,exercise,1
873,972,exercise,1
873,2151,exercise,1
873,292,exercise,1
873,1037,exercise,1
873,247,exercise,1
873,2134,exercise,1
873,2195,exercise,1
873,2176,exercise,1
873,1597,exercise,1
873,2345,exercise,1
873,267,exercise,1
873,250,exercise,1
873,445,exercise,1
873,533,exercise,1
874,546,exercise,1
874,1619,exercise,1
874,2163,exercise,1
874,1035,exercise,1
874,1000,exercise,1
874,559,exercise,1
874,2905,exercise,1
874,2201,exercise,1
874,2339,exercise,1
874,2203,exercise,1
874,587,exercise,1
874,473,exercise,1
874,1780,exercise,1
874,1271,exercise,1
874,566,exercise,1
874,996,exercise,1
874,458,exercise,1
874,1044,exercise,1
874,2210,exercise,1
874,698,exercise,1
875,2570,exercise,1
875,2684,exercise,1
875,439,exercise,1
875,1565,exercise,1
875,1878,exercise,1
875,713,exercise,1
875,1137,exercise,1
875,341,exercise,1
875,1497,exercise,1
875,804,exercise,1
875,2516,exercise,1
875,1555,exercise,1
875,2300,exercise,1
875,768,exercise,1
875,1581,exercise,1
875,1809,exercise,1
875,729,exercise,1
875,2711,exercise,1
875,746,exercise,1
875,1885,exercise,1
876,2077,exercise,1
876,2740,exercise,1
876,2135,exercise,1
876,2166,exercise,1
876,994,exercise,1
876,2003,exercise,1
876,2176,exercise,1
876,2079,exercise,1
876,2192,exercise,1
876,2119,exercise,1
876,2160,exercise,1
876,2072,exercise,1
876,2069,exercise,1
876,2168,exercise,1
876,150,exercise,1
876,2031,exercise,1
876,2032,exercise,1
876,2236,exercise,1
876,2001,exercise,1
876,2124,exercise,1
877,2868,exercise,1
877,1467,exercise,1
877,2318,exercise,1
877,1273,exercise,1
877,1141,exercise,1
877,978,exercise,1
877,32,exercise,1
877,836,exercise,1
877,1403,exercise,1
877,508,exercise,1
877,2424,exercise,1
877,2702,exercise,1
877,320,exercise,1
877,480,exercise,1
877,2292,exercise,1
877,2837,exercise,1
877,2315,exercise,1
877,719,exercise,1
877,196,exercise,1
877,862,exercise,1
878,2135,exercise,1
878,2078,exercise,1
878,2119,exercise,1
878,885,exercise,1
878,2208,exercise,1
878,2172,exercise,1
878,2069,exercise,1
878,2001,exercise,1
878,2072,exercise,1
878,2032,exercise,1
878,2192,exercise,1
878,2067,exercise,1
878,2170,exercise,1
878,2077,exercise,1
878,994,exercise,1
878,1730,exercise,1
878,2168,exercise,1
878,2739,exercise,1
878,150,exercise,1
878,2160,exercise,1
879,2069,exercise,1
879,2166,exercise,1
879,2076,exercise,1
879,2172,exercise,1
879,2078,exercise,1
879,2739,exercise,1
879,2176,exercise,1
879,2079,exercise,1
879,994,exercise,1
879,2003,exercise,1
879,2236,exercise,1
879,2077,exercise,1
879,2067,exercise,1
879,350,exercise,1
879,150,exercise,1
879,2170,exercise,1
879,2119,exercise,1
879,2208,exercise,1
879,2072,exercise,1
879,2124,exercise,1
880,146,exercise,1
880,1637,exercise,1
880,766,exercise,1
880,2164,exercise,1
880,1763,exercise,1
880,2894,exercise,1
880,2500,exercise,1
880,516,exercise,1
880,2791,exercise,1
880,2478,exercise,1
880,2257,exercise,1
880,2632,exercise,1
880,261,exercise,1
880,2848,exercise,1
880,556,exercise,1
880,2287,exercise,1
880,28,exercise,1
880,1198,exercise,1
880,1672,exercise,1
880,551,exercise,1
881,2433,exercise,1
881,2490,exercise,1
881,2617,exercise,1
881,1610,exercise,1
881,1867,exercise,1
881,706,exercise,1
881,577,exercise,1
881,1510,exercise,1
881,2616,exercise,1
881,1977,exercise,1
881,1926,exercise,1
881,253,exercise,1
881,1483,exercise,1
881,2735,exercise,1
881,2395,exercise,1
881,1932,exercise,1
881,2108,exercise,1
881,2552,exercise,1
881,2073,exercise,1
881,1236,exercise,1
882,529,exercise,1
882,469,exercise,1
882,2405,exercise,1
882,1609,exercise,1
882,2752,exercise,1
882,1608,exercise,1
882,1241,exercise,1
882,1613,exercise,1
882,2260,exercise,1
882,2140,exercise,1
882,1399,exercise,1
882,1258,exercise,1
882,550,exercise,1
882,2736,exercise,1
882,449,exercise,1
882,1379,exercise,1
882,429,exercise,1
882,355,exercise,1
882,2284,exercise,1
882,1605,exercise,1
883,574,exercise,1
883,26,exercise,1
883,164,exercise,1
883,178,exercise,1
883,657,exercise,1
883,1409,exercise,1
883,1713,exercise,1
883,1005,exercise,1
883,2757,exercise,1
883,1015,exercise,1
883,312,exercise,1
883,1033,exercise,1
883,554,exercise,1
883,491,exercise,1
883,1490,exercise,1
883,1466,exercise,1
883,301,exercise,1
883,917,exercise,1
883,23,exercise,1
883,1495,exercise,1
884,2380,exercise,1
884,255,exercise,1
884,2901,exercise,1
884,603,exercise,1
884,2267,exercise,1
884,559,exercise,1
884,391,exercise,1
884,1250,exercise,1
884,1371,exercise,1
884,1251,exercise,1
884,2897,exercise,1
884,2907,exercise,1
884,2180,exercise,1
884,2186,exercise,1
884,2400,exercise,1
884,483,exercise,1
884,2743,exercise,1
884,696,exercise,1
884,2272,exercise,1
884,2325,exercise,1
885,2177,exercise,1
885,2124,exercise,1
885,2172,exercise,1
885,2032,exercise,1
885,2166,exercise,1
885,150,exercise,1
885,1338,exercise,1
885,2069,exercise,1
885,2079,exercise,1
885,2192,exercise,1
885,2160,exercise,1
885,1730,exercise,1
885,2176,exercise,1
885,2208,exercise,1
885,2001,exercise,1
885,2072,exercise,1
885,2031,exercise,1
885,2739,exercise,1
885,2078,exercise,1
885,2076,exercise,1
886,2031,exercise,1
886,2072,exercise,1
886,1338,exercise,1
886,2740,exercise,1
886,2001,exercise,1
886,2125,exercise,1
886,2236,exercise,1
886,2172,exercise,1
886,2131,exercise,1
886,150,exercise,1
886,2176,exercise,1
886,2032,exercise,1
886,2178,exercise,1
886,885,exercise,1
886,350,exercise,1
886,2124,exercise,1
886,2177,exercise,1
886,2067,exercise,1
886,2160,exercise,1
886,2079,exercise,1
887,1023,exercise,1
887,2398,exercise,1
887,513,exercise,1
887,603,exercise,1
887,2344,exercise,1
887,1624,exercise,1
887,235,exercise,1
887,524,exercise,1
887,2361,exercise,1
887,2223,exercise,1
887,2895,exercise,1
887,364,exercise,1
887,2329,exercise,1
887,548,exercise,1
887,556,exercise,1
887,2121,exercise,1
887,2392,exercise,1
887,2358,exercise,1
887,1518,exercise,1
887,1027,exercise,1
888,2166,exercise,1
888,2119,exercise,1
888,2192,exercise,1
888,2031,exercise,1
888,2072,exercise,1
888,1338,exercise,1
888,2176,exercise,1
888,2124,exercise,1
888,350,exercise,1
888,2067,exercise,1
888,2178,exercise,1
888,2125,exercise,1
888,885,exercise,1
888,2079,exercise,1
888,2077,exercise,1
888,2131,exercise,1
888,2168,exercise,1
888,2740,exercise,1
888,2076,exercise,1
888,2172,exercise,1
889,2583,exercise,1
889,784,exercise,1
889,2050,exercise,1
889,512,exercise,1
889,2241,exercise,1
889,759,exercise,1
889,274,exercise,1
889,2187,exercise,1
889,938,exercise,1
889,854,exercise,1
889,2064,exercise,1
889,947,exercise,1
889,2645,exercise,1
889,2725,exercise,1
889,802,exercise,1
889,121,exercise,1
889,1497,exercise,1
889,788,exercise,1
889,748,exercise,1
889,656,exercise,1
890,2076,exercise,1
890,2172,exercise,1
890,2067,exercise,1
890,2001,exercise,1
890,2166,exercise,1
890,2740,exercise,1
890,2170,exercise,1
890,2236,exercise,1
890,2135,exercise,1
890,2124,exercise,1
890,885,exercise,1
890,2131,exercise,1
890,2032,exercise,1
890,2003,exercise,1
890,2119,exercise,1
890,2031,exercise,1
890,2069,exercise,1
890,2077,exercise,1
890,150,exercise,1
890,2208,exercise,1
891,2166,exercise,1
891,2078,exercise,1
891,2076,exercise,1
891,2131,exercise,1
891,2119,exercise,1
891,2032,exercise,1
891,2031,exercise,1
891,2236,exercise,1
891,994,exercise,1
891,2739,exercise,1
891,2740,exercise,1
891,2208,exercise,1
891,2077,exercise,1
891,2170,exercise,1
891,2003,exercise,1
891,2069,exercise,1
891,2125,exercise,1
891,1338,exercise,1
891,2072,exercise,1
891,2176,exercise,1
892,2135,exercise,1
892,2079,exercise,1
892,2739,exercise,1
892,2208,exercise,1
892,2125,exercise,1
892,2160,exercise,1
892,2166,exercise,1
892,994,exercise,1
892,1730,exercise,1
892,2077,exercise,1
892,2192,exercise,1
892,2124,exercise,1
892,2170,exercise,1
892,150,exercise,1
892,2172,exercise,1
892,885,exercise,1
892,2072,exercise,1
892,2131,exercise,1
892,2178,exercise,1
892,2168,exercise,1
893,1511,exercise,1
893,1074,exercise,1
893,2809,exercise,1
893,2240,exercise,1
893,2491,exercise,1
893,2359,exercise,1
893,477,exercise,1
893,934,exercise,1
893,2329,exercise,1
893,1493,exercise,1
893,583,exercise,1
893,2712,exercise,1
893,2619,exercise,1
893,2453,exercise,1
893,1060,exercise,1
893,553,exercise,1
893,632,exercise,1
893,117,exercise,1
893,420,exercise,1
893,569,exercise,1
894,2209,exercise,1
894,297,exercise,1
894,571,exercise,1
894,540,exercise,1
894,263,exercise,1
894,277,exercise,1
894,1029,exercise,1
894,2397,exercise,1
894,2349,exercise,1
894,2895,exercise,1
894,2739,exercise,1
894,2744,exercise,1
894,2293,exercise,1
894,1746,exercise,1
894,617,exercise,1
894,2166,exercise,1
894,2901,exercise,1
894,2135,exercise,1
894,568,exercise,1
894,976,exercise,1
895,2740,exercise,1
895,2170,exercise,1
895,994,exercise,1
895,885,exercise,1
895,2001,exercise,1
895,150,exercise,1
895,2031,exercise,1
895,2032,exercise,1
895,2003,exercise,1
895,2072,exercise,1
895,2131,exercise,1
895,2208,exercise,1
895,2124,exercise,1
895,2160,exercise,1
895,2067,exercise,1
895,2192,exercise,1
895,2125,exercise,1
895,2178,exercise,1
895,2236,exercise,1
895,2076,exercise,1
896,2675,exercise,1
896,400,exercise,1
896,94,exercise,1
896,630,exercise,1
896,2703,exercise,1
896,725,exercise,1
896,2762,exercise,1
896,1610,exercise,1
896,100,exercise,1
896,395,exercise,1
896,1368,exercise,1
896,856,exercise,1
896,2278,exercise,1
896,1224,exercise,1
896,2416,exercise,1
896,836,exercise,1
896,246,exercise,1
896,2895,exercise,1
896,851,exercise,1
896,21,exercise,1
897,2172,exercise,1
897,2192,exercise,1
897,1730,exercise,1
897,2076,exercise,1
897,2135,exercise,1
897,2124,exercise,1
897,2078,exercise,1
897,885,exercise,1
897,2125,exercise,1
897,994,exercise,1
897,1338,exercise,1
897,2072,exercise,1
897,350,exercise,1
897,2131,exercise,1
897,2168,exercise,1
897,2069,exercise,1
897,2067,exercise,1
897,2077,exercise,1
897,150,exercise,1
897,2166,exercise,1
898,2178,exercise,1
898,2172,exercise,1
898,2740,exercise,1
898,2031,exercise,1
898,350,exercise,1
898,994,exercise,1
898,2125,exercise,1
898,2168,exercise,1
898,2166,exercise,1
898,2135,exercise,1
898,885,exercise,1
898,2236,exercise,1
898,2739,exercise,1
898,2072,exercise,1
898,2170,exercise,1
898,2067,exercise,1
898,2069,exercise,1
898,150,exercise,1
898,2177,exercise,1
898,2160,exercise,1
899,885,exercise,1
899,2177,exercise,1
899,2031,exercise,1
899,2135,exercise,1
899,2208,exercise,1
899,2166,exercise,1
899,2079,exercise,1
899,2168,exercise,1
899,2077,exercise,1
899,2003,exercise,1
899,2001,exercise,1
899,2125,exercise,1
899,2176,exercise,1
899,350,exercise,1
899,2032,exercise,1
899,2170,exercise,1
899,2076,exercise,1
899,2119,exercise,1
899,1730,exercise,1
899,1338,exercise,1
900,2529,exercise,1
900,55,exercise,1
900,772,exercise,1
900,2129,exercise,1
900,1362,exercise,1
900,2461,exercise,1
900,441,exercise,1
900,631,exercise,1
900,1251,exercise,1
900,761,exercise,1
900,428,exercise,1
900,386,exercise,1
900,1262,exercise,1
900,94,exercise,1
900,2620,exercise,1
900,1844,exercise,1
900,2495,exercise,1
900,597,exercise,1
900,1563,exercise,1
900,36,exercise,1
901,2131,exercise,1
901,2031,exercise,1
901,2032,exercise,1
901,2124,exercise,1
901,2072,exercise,1
901,1338,exercise,1
901,150,exercise,1
901,2172,exercise,1
901,2176,exercise,1
901,2208,exercise,1
901,2001,exercise,1
901,2160,exercise,1
901,2069,exercise,1
901,2166,exercise,1
901,2192,exercise,1
901,2067,exercise,1
901,2177,exercise,1
901,2079,exercise,1
901,2119,exercise,1
901,2077,exercise,1
902,2208,exercise,1
902,350,exercise,1
902,2001,exercise,1
902,2077,exercise,1
902,2740,exercise,1
902,994,exercise,1
902,1338,exercise,1
902,2031,exercise,1
902,2236,exercise,1
902,2076,exercise,1
902,2069,exercise,1
902,2119,exercise,1
902,2067,exercise,1
902,2166,exercise,1
902,2168,exercise,1
902,2003,exercise,1
902,1730,exercise,1
902,150,exercise,1
902,2078,exercise,1
902,2176,exercise,1
903,339,exercise,1
903,505,exercise,1
903,238,exercise,1
903,474,exercise,1
903,2382,exercise,1
903,296,exercise,1
903,2261,exercise,1
903,438,exercise,1
903,2137,exercise,1
903,517,exercise,1
903,2377,exercise,1
903,910,exercise,1
903,2409,exercise,1
903,1238,exercise,1
903,309,exercise,1
903,534,exercise,1
903,314,exercise,1
903,2315,exercise,1
903,364,exercise,1
903,2291,exercise,1
904,231,exercise,1
904,2240,exercise,1
904,905,exercise,1
904,452,exercise,1
904,445,exercise,1
904,1245,exercise,1
904,405,exercise,1
904,1619,exercise,1
904,1507,exercise,1
904,1020,exercise,1
904,510,exercise,1
904,201,exercise,1
904,692,exercise,1
904,1253,exercise,1
904,252,exercise,1
904,1006,exercise,1
904,309,exercise,1
904,446,exercise,1
904,221,exercise,1
904,2153,exercise,1
905,2412,exercise,1
905,2320,exercise,1
905,2150,exercise,1
905,2262,exercise,1
905,1381,exercise,1
905,318,exercise,1
905,2155,exercise,1
905,2302,exercise,1
905,1743,exercise,1
905,2157,exercise,1
905,1252,exercise,1
905,2266,exercise,1
905,539,exercise,1
905,990,exercise,1
905,1000,exercise,1
905,2392,exercise,1
905,404,exercise,1
905,467,exercise,1
905,1004,exercise,1
905,2355,exercise,1
906,191,exercise,1
906,412,exercise,1
906,276,exercise,1
906,307,exercise,1
906,428,exercise,1
906,2886,exercise,1
906,437,exercise,1
906,265,exercise,1
906,610,exercise,1
906,240,exercise,1
906,2240,exercise,1
906,908,exercise,1
906,391,exercise,1
906,2316,exercise,1
906,2212,exercise,1
906,1245,exercise,1
906,375,exercise,1
906,2411,exercise,1
906,526,exercise,1
906,2276,exercise,1
907,885,exercise,1
907,150,exercise,1
907,2001,exercise,1
907,2166,exercise,1
907,2077,exercise,1
907,994,exercise,1
907,1338,exercise,1
907,2124,exercise,1
907,2739,exercise,1
907,2208,exercise,1
907,2178,exercise,1
907,2067,exercise,1
907,2160,exercise,1
907,350,exercise,1
907,2192,exercise,1
907,2069,exercise,1
907,2079,exercise,1
907,2032,exercise,1
907,2177,exercise,1
907,2131,exercise,1
908,394,exercise,1
908,990,exercise,1
908,296,exercise,1
908,2342,exercise,1
908,907,exercise,1
908,1598,exercise,1
908,349,exercise,1
908,283,exercise,1
908,1258,exercise,1
908,2135,exercise,1
908,1233,exercise,1
908,2403,exercise,1
908,1283,exercise,1
908,594,exercise,1
908,2216,exercise,1
908,548,exercise,1
908,423,exercise,1
908,592,exercise,1
908,236,exercise,1
908,221,exercise,1
909,2176,exercise,1
909,2069,exercise,1
909,2160,exercise,1
909,2236,exercise,1
909,2077,exercise,1
909,2076,exercise,1
909,2208,exercise,1
909,2178,exercise,1
909,2125,exercise,1
909,2031,exercise,1
909,2078,exercise,1
909,150,exercise,1
909,2001,exercise,1
909,994,exercise,1
909,2119,exercise,1
909,2177,exercise,1
909,2003,exercise,1
909,2740,exercise,1
909,2168,exercise,1
909,2135,exercise,1
910,2050,exercise,1
910,1111,exercise,1
910,2041,exercise,1
910,1820,exercise,1
910,2039,exercise,1
910,628,exercise,1
910,338,exercise,1
910,1634,exercise,1
910,2752,exercise,1
910,277,exercise,1
910,2481,exercise,1
910,1050,exercise,1
910,583,exercise,1
910,2266,exercise,1
910,78,exercise,1
910,134,exercise,1
910,248,exercise,1
910,1174,exercise,1
910,1879,exercise,1
910,1931,exercise,1
911,391,exercise,1
911,1386,exercise,1
911,1594,exercise,1
911,237,exercise,1
911,324,exercise,1
911,424,exercise,1
911,289,exercise,1
911,2311,exercise,1
911,2390,exercise,1
911,2353,exercise,1
911,440,exercise,1
911,1002,exercise,1
911,262,exercise,1
911,226,exercise,1
911,1023,exercise,1
911,977,exercise,1
911,330,exercise,1
911,1048,exercise,1
911,192,exercise,1
911,1509,exercise,1
912,284,exercise,1
912,1451,exercise,1
912,745,exercise,1
912,176,exercise,1
912,1116,exercise,1
912,2870,exercise,1
912,2863,exercise,1
912,2376,exercise,1
912,158,exercise,1
912,2778,exercise,1
912,1346,exercise,1
912,2818,exercise,1
912,2356,exercise,1
912,1829,exercise,1
912,2852,exercise,1
912,2510,exercise,1
912,2347,exercise,1
912,980,exercise,1
912,283,exercise,1
912,859,exercise,1
913,2295,exercise,1
913,432,exercise,1
913,2245,exercise,1
913,2178,exercise,1
913,1268,exercise,1
913,395,exercise,1
913,2237,exercise,1
913,389,exercise,1
913,490,exercise,1
913,680,exercise,1
913,2389,exercise,1
913,1256,exercise,1
913,286,exercise,1
913,2378,exercise,1
913,1031,exercise,1
913,1000,exercise,1
913,969,exercise,1
913,547,exercise,1
913,1522,exercise,1
913,2303,exercise,1
914,920,exercise,1
914,2438,exercise,1
914,2788,exercise,1
914,2806,exercise,1
914,1281,exercise,1
914,2726,exercise,1
914,2665,exercise,1
914,483,exercise,1
914,2870,exercise,1
914,2084,exercise,1
914,61,exercise,1
914,289,exercise,1
914,1151,exercise,1
914,716,exercise,1
914,1988,exercise,1
914,591,exercise,1
914,110,exercise,1
914,940,exercise,1
914,2243,exercise,1
914,214,exercise,1
915,2178,exercise,1
915,2067,exercise,1
915,2001,exercise,1
915,1730,exercise,1
915,2076,exercise,1
915,350,exercise,1
915,2172,exercise,1
915,2208,exercise,1
915,2135,exercise,1
915,2177,exercise,1
915,2170,exercise,1
915,150,exercise,1
915,2131,exercise,1
915,2168,exercise,1
915,2160,exercise,1
915,2740,exercise,1
915,2072,exercise,1
915,2032,exercise,1
915,2069,exercise,1
915,2739,exercise,1
916,2883,exercise,1
916,2741,exercise,1
916,2314,exercise,1
916,486,exercise,1
916,415,exercise,1
916,357,exercise,1
916,2306,exercise,1
916,231,exercise,1
916,2739,exercise,1
916,1262,exercise,1
916,2748,exercise,1
916,248,exercise,1
916,330,exercise,1
916,2213,exercise,1
916,1018,exercise,1
916,1380,exercise,1
916,474,exercise,1
916,521,exercise,1
916,437,exercise,1
916,2331,exercise,1
917,2901,exercise,1
917,2883,exercise,1
917,963,exercise,1
917,2297,exercise,1
917,2746,exercise,1
917,2161,exercise,1
917,2292,exercise,1
917,209,exercise,1
917,539,exercise,1
917,312,exercise,1
917,238,exercise,1
917,1017,exercise,1
917,281,exercise,1
917,2253,exercise,1
917,2367,exercise,1
917,1515,exercise,1
917,2377,exercise,1
917,381,exercise,1
917,559,exercise,1
917,577,exercise,1
918,360,exercise,1
918,1282,exercise,1
918,2221,exercise,1
918,373,exercise,1
918,358,exercise,1
918,509,exercise,1
918,2754,exercise,1
918,2731,exercise,1
918,1039,exercise,1
918,524,exercise,1
918,2263,exercise,1
918,2741,exercise,1
918,494,exercise,1
918,2344,exercise,1
918,2199,exercise,1
918,2385,exercise,1
918,288,exercise,1
918,1040,exercise,1
918,274,exercise,1
918,2130,exercise,1
919,499,exercise,1
919,1129,exercise,1
919,379,exercise,1
919,2718,exercise,1
919,1958,exercise,1
919,477,exercise,1
919,1640,exercise,1
919,1973,exercise,1
919,183,exercise,1
919,2345,exercise,1
919,2593,exercise,1
919,1081,exercise,1
919,765,exercise,1
919,2317,exercise,1
919,1260,exercise,1
919,2612,exercise,1
919,2633,exercise,1
919,984,exercise,1
919,1537,exercise,1
919,1747,exercise,1
920,405,exercise,1
920,2338,exercise,1
920,2211,exercise,1
920,558,exercise,1
920,1268,exercise,1
920,278,exercise,1
920,2259,exercise,1
920,1248,exercise,1
920,2166,exercise,1
920,2181,exercise,1
920,995,exercise,1
920,1028,exercise,1
920,2275,exercise,1
920,238,exercise,1
920,1030,exercise,1
920,2337,exercise,1
920,2895,exercise,1
920,1398,exercise,1
920,499,exercise,1
920,320,exercise,1
921,209,exercise,1
921,499,exercise,1
921,1610,exercise,1
921,395,exercise,1
921,2186,exercise,1
921,477,exercise,1
921,513,exercise,1
921,2124,exercise,1
921,983,exercise,1
921,2228,exercise,1
921,1207,exercise,1
921,442,exercise,1
921,186,exercise,1
921,2737,exercise,1
921,692,exercise,1
921,1039,exercise,1
921,2229,exercise,1
921,2750,exercise,1
921,912,exercise,1
921,272,exercise,1
922,467,exercise,1
922,1015,exercise,1
922,2205,exercise,1
922,2378,exercise,1
922,495,exercise,1
922,2307,exercise,1
922,325,exercise,1
922,2266,exercise,1
922,231,exercise,1
922,315,exercise,1
922,368,exercise,1
922,1283,exercise,1
922,337,exercise,1
922,677,exercise,1
922,417,exercise,1
922,1003,exercise,1
922,2139,exercise,1
922,528,exercise,1
922,612,exercise,1
922,2242,exercise,1
923,1017,exercise,1
923,930,exercise,1
923,2267,exercise,1
923,1890,exercise,1
923,2,exercise,1
923,1571,exercise,1
923,804,exercise,1
923,1083,exercise,1
923,182,exercise,1
923,1112,exercise,1
923,1470,exercise,1
923,2611,exercise,1
923,2414,exercise,1
923,403,exercise,1
923,1860,exercise,1
923,1531,exercise,1
923,91,exercise,1
923,721,exercise,1
923,1673,exercise,1
923,1237,exercise,1
924,2410,exercise,1
924,482,exercise,1
924,1022,exercise,1
924,441,exercise,1
924,385,exercise,1
924,2274,exercise,1
924,1401,exercise,1
924,250,exercise,1
924,581,exercise,1
924,1261,exercise,1
924,1046,exercise,1
924,243,exercise,1
924,2248,exercise,1
924,2219,exercise,1
924,315,exercise,1
924,2372,exercise,1
924,2401,exercise,1
924,322,exercise,1
924,2904,exercise,1
924,450,exercise,1
925,2079,exercise,1
925,885,exercise,1
925,150,exercise,1
925,2170,exercise,1
925,2077,exercise,1
925,2172,exercise,1
925,2119,exercise,1
925,1338,exercise,1
925,994,exercise,1
925,2031,exercise,1
925,2739,exercise,1
925,2192,exercise,1
925,2208,exercise,1
925,2076,exercise,1
925,2740,exercise,1
925,2067,exercise,1
925,2236,exercise,1
925,2125,exercise,1
925,2072,exercise,1
925,2003,exercise,1
926,2168,exercise,1
926,2079,exercise,1
926,2176,exercise,1
926,2078,exercise,1
926,2160,exercise,1
926,2124,exercise,1
926,2072,exercise,1
926,2192,exercise,1
926,2125,exercise,1
926,2119,exercise,1
926,2077,exercise,1
926,2032,exercise,1
926,2739,exercise,1
926,2177,exercise,1
926,2178,exercise,1
926,2001,exercise,1
926,150,exercise,1
926,2003,exercise,1
926,2166,exercise,1
926,1730,exercise,1
927,286,exercise,1
927,412,exercise,1
927,440,exercise,1
927,462,exercise,1
927,555,exercise,1
927,305,exercise,1
927,2374,exercise,1
927,2135,exercise,1
927,990,exercise,1
927,2177,exercise,1
927,277,exercise,1
927,1777,exercise,1
927,418,exercise,1
927,330,exercise,1
927,2367,exercise,1
927,350,exercise,1
927,2274,exercise,1
927,315,exercise,1
927,912,exercise,1
927,2217,exercise,1
928,1949,exercise,1
928,1441,exercise,1
928,1083,exercise,1
928,1903,exercise,1
928,532,exercise,1
928,426,exercise,1
928,2435,exercise,1
928,2711,exercise,1
928,1134,exercise,1
928,1497,exercise,1
928,1713,exercise,1
928,2824,exercise,1
928,240,exercise,1
928,1745,exercise,1
928,2309,exercise,1
928,32,exercise,1
928,206,exercise,1
928,103,exercise,1
928,2816,exercise,1
928,2696,exercise,1
929,464,exercise,1
929,1280,exercise,1
929,998,exercise,1
929,552,exercise,1
929,282,exercise,1
929,1269,exercise,1
929,2166,exercise,1
929,2164,exercise,1
929,1047,exercise,1
929,2286,exercise,1
929,2279,exercise,1
929,2414,exercise,1
929,2236,exercise,1
929,288,exercise,1
929,1522,exercise,1
929,2302,exercise,1
929,1027,exercise,1
929,520,exercise,1
929,215,exercise,1
929,1394,exercise,1
930,2263,exercise,1
930,2141,exercise,1
930,2399,exercise,1
930,2303,exercise,1
930,1614,exercise,1
930,245,exercise,1
930,2318,exercise,1
930,1381,exercise,1
930,1506,exercise,1
930,690,exercise,1
930,579,exercise,1
930,2745,exercise,1
930,2266,exercise,1
930,453,exercise,1
930,982,exercise,1
930,2161,exercise,1
930,1019,exercise,1
930,2233,exercise,1
930,2185,exercise,1
930,455,exercise,1
931,2069,exercise,1
931,2172,exercise,1
931,2135,exercise,1
931,2124,exercise,1
931,350,exercise,1
931,994,exercise,1
931,2072,exercise,1
931,2131,exercise,1
931,2067,exercise,1
931,2125,exercise,1
931,2170,exercise,1
931,2740,exercise,1
931,2003,exercise,1
931,2192,exercise,1
931,150,exercise,1
931,2001,exercise,1
931,2078,exercise,1
931,2166,exercise,1
931,2076,exercise,1
931,885,exercise,1
932,1322,exercise,1
932,781,exercise,1
932,2108,exercise,1
932,1977,exercise,1
932,2280,exercise,1
932,2262,exercise,1
932,1426,exercise,1
932,1863,exercise,1
932,567,exercise,1
932,1448,exercise,1
932,2881,exercise,1
932,290,exercise,1
932,1796,exercise,1
932,115,exercise,1
932,441,exercise,1
932,340,exercise,1
932,768,exercise,1
932,1251,exercise,1
932,428,exercise,1
932,397,exercise,1
933,2738,exercise,1
933,1000,exercise,1
933,2891,exercise,1
933,2191,exercise,1
933,308,exercise,1
933,198,exercise,1
933,216,exercise,1
933,407,exercise,1
933,2367,exercise,1
933,2890,exercise,1
933,2207,exercise,1
933,2381,exercise,1
933,2408,exercise,1
933,447,exercise,1
933,587,exercise,1
933,351,exercise,1
933,545,exercise,1
933,2136,exercise,1
933,2314,exercise,1
933,214,exercise,1
934,2309,exercise,1
934,462,exercise,1
934,2232,exercise,1
934,1024,exercise,1
934,522,exercise,1
934,2266,exercise,1
934,341,exercise,1
934,487,exercise,1
934,413,exercise,1
934,523,exercise,1
934,295,exercise,1
934,603,exercise,1
934,1000,exercise,1
934,906,exercise,1
934,2376,exercise,1
934,1742,exercise,1
934,961,exercise,1
934,2289,exercise,1
934,1777,exercise,1
934,2197,exercise,1
935,994,exercise,1
935,2178,exercise,1
935,2160,exercise,1
935,2067,exercise,1
935,2069,exercise,1
935,2031,exercise,1
935,2079,exercise,1
935,1730,exercise,1
935,2032,exercise,1
935,1338,exercise,1
935,2740,exercise,1
935,2135,exercise,1
935,2119,exercise,1
935,2003,exercise,1
935,2177,exercise,1
935,2124,exercise,1
935,2739,exercise,1
935,2125,exercise,1
935,2170,exercise,1
935,2192,exercise,1
936,1982,exercise,1
936,1112,exercise,1
936,1399,exercise,1
936,1692,exercise,1
936,1265,exercise,1
936,2232,exercise,1
936,1558,exercise,1
936,613,exercise,1
936,847,exercise,1
936,329,exercise,1
936,473,exercise,1
936,590,exercise,1
936,833,exercise,1
936,650,exercise,1
936,2089,exercise,1
936,1275,exercise,1
936,2548,exercise,1
936,2906,exercise,1
936,2348,exercise,1
936,365,exercise,1
937,2293,exercise,1
937,2211,exercise,1
937,608,exercise,1
937,983,exercise,1
937,1270,exercise,1
937,526,exercise,1
937,2398,exercise,1
937,533,exercise,1
937,248,exercise,1
937,578,exercise,1
937,2173,exercise,1
937,335,exercise,1
937,2368,exercise,1
937,2120,exercise,1
937,211,exercise,1
937,312,exercise,1
937,325,exercise,1
937,2199,exercise,1
937,999,exercise,1
937,273,exercise,1
938,1526,exercise,1
938,584,exercise,1
938,253,exercise,1
938,2187,exercise,1
938,908,exercise,1
938,1518,exercise,1
938,2738,exercise,1
938,482,exercise,1
938,1032,exercise,1
938,907,exercise,1
938,1595,exercise,1
938,1375,exercise,1
938,210,exercise,1
938,259,exercise,1
938,398,exercise,1
938,2902,exercise,1
938,330,exercise,1
938,2221,exercise,1
938,2312,exercise,1
938,2381,exercise,1
939,2124,exercise,1
939,2236,exercise,1
939,1338,exercise,1
939,2176,exercise,1
939,2069,exercise,1
939,1730,exercise,1
939,2031,exercise,1
939,2177,exercise,1
939,2208,exercise,1
939,2135,exercise,1
939,2192,exercise,1
939,2172,exercise,1
939,2166,exercise,1
939,2076,exercise,1
939,350,exercise,1
939,885,exercise,1
939,2079,exercise,1
939,2170,exercise,1
939,2001,exercise,1
939,150,exercise,1
940,683,exercise,1
940,2318,exercise,1
940,405,exercise,1
940,217,exercise,1
940,1509,exercise,1
940,979,exercise,1
940,438,exercise,1
940,487,exercise,1
940,2330,exercise,1
940,2736,exercise,1
940,2757,exercise,1
940,1009,exercise,1
940,2186,exercise,1
940,2267,exercise,1
940,2886,exercise,1
940,507,exercise,1
940,311,exercise,1
940,1383,exercise,1
940,1401,exercise,1
940,2393,exercise,1
941,2031,exercise,1
941,2192,exercise,1
941,2001,exercise,1
941,2119,exercise,1
941,2172,exercise,1
941,2077,exercise,1
941,2135,exercise,1
941,1338,exercise,1
941,2740,exercise,1
941,2072,exercise,1
941,2003,exercise,1
941,350,exercise,1
941,885,exercise,1
941,2125,exercise,1
941,2208,exercise,1
941,2124,exercise,1
941,2079,exercise,1
941,150,exercise,1
941,2168,exercise,1
941,2069,exercise,1
942,2613,exercise,1
942,990,exercise,1
942,2795,exercise,1
942,2098,exercise,1
942,706,exercise,1
942,2463,exercise,1
942,1029,exercise,1
942,1040,exercise,1
942,2659,exercise,1
942,439,exercise,1
942,637,exercise,1
942,478,exercise,1
942,2584,exercise,1
942,2368,exercise,1
942,125,exercise,1
942,1823,exercise,1
942,670,exercise,1
942,2673,exercise,1
942,922,exercise,1
942,751,exercise,1
943,2236,exercise,1
943,994,exercise,1
943,2076,exercise,1
943,2067,exercise,1
943,1338,exercise,1
943,2739,exercise,1
943,350,exercise,1
943,2172,exercise,1
943,2178,exercise,1
943,150,exercise,1
943,1730,exercise,1
943,2003,exercise,1
943,2168,exercise,1
943,2170,exercise,1
943,2135,exercise,1
943,2192,exercise,1
943,2032,exercise,1
943,2125,exercise,1
943,2131,exercise,1
943,2001,exercise,1
944,420,exercise,1
944,278,exercise,1
944,247,exercise,1
944,2748,exercise,1
944,2380,exercise,1
944,2187,exercise,1
944,435,exercise,1
944,208,exercise,1
944,357,exercise,1
944,1274,exercise,1
944,573,exercise,1
944,2159,exercise,1
944,2181,exercise,1
944,376,exercise,1
944,1260,exercise,1
944,315,exercise,1
944,975,exercise,1
944,1270,exercise,1
944,1516,exercise,1
944,993,exercise,1
945,1730,exercise,1
945,2236,exercise,1
945,994,exercise,1
945,2192,exercise,1
945,2031,exercise,1
945,2076,exercise,1
945,2170,exercise,1
945,2168,exercise,1
945,2176,exercise,1
945,2119,exercise,1
945,2131,exercise,1
945,1338,exercise,1
945,2001,exercise,1
945,2067,exercise,1
945,2032,exercise,1
945,2003,exercise,1
945,2166,exercise,1
945,2740,exercise,1
945,150,exercise,1
945,2178,exercise,1
946,855,exercise,1
946,70,exercise,1
946,2187,exercise,1
946,1875,exercise,1
946,787,exercise,1
946,15,exercise,1
946,1703,exercise,1
946,1231,exercise,1
946,1504,exercise,1
946,2771,exercise,1
946,1746,exercise,1
946,2042,exercise,1
946,320,exercise,1
946,1512,exercise,1
946,81,exercise,1
946,194,exercise,1
946,2048,exercise,1
946,2034,exercise,1
946,1815,exercise,1
946,1964,exercise,1
947,374,exercise,1
947,337,exercise,1
947,212,exercise,1
947,2200,exercise,1
947,2155,exercise,1
947,1281,exercise,1
947,363,exercise,1
947,370,exercise,1
947,698,exercise,1
947,1246,exercise,1
947,189,exercise,1
947,2311,exercise,1
947,1516,exercise,1
947,391,exercise,1
947,2212,exercise,1
947,1044,exercise,1
947,2372,exercise,1
947,273,exercise,1
947,218,exercise,1
947,2160,exercise,1
948,2072,exercise,1
948,2176,exercise,1
948,2172,exercise,1
948,2740,exercise,1
948,2032,exercise,1
948,2119,exercise,1
948,1338,exercise,1
948,2208,exercise,1
948,2178,exercise,1
948,2166,exercise,1
948,2124,exercise,1
948,2168,exercise,1
948,2125,exercise,1
948,2739,exercise,1
948,1730,exercise,1
948,2131,exercise,1
948,350,exercise,1
948,2177,exercise,1
948,2031,exercise,1
948,2078,exercise,1
949,2176,exercise,1
949,2739,exercise,1
949,2003,exercise,1
949,2192,exercise,1
949,2079,exercise,1
949,2135,exercise,1
949,2178,exercise,1
949,2131,exercise,1
949,2078,exercise,1
949,2170,exercise,1
949,2125,exercise,1
949,885,exercise,1
949,2069,exercise,1
949,150,exercise,1
949,2160,exercise,1
949,2168,exercise,1
949,350,exercise,1
949,2208,exercise,1
949,2124,exercise,1
949,994,exercise,1
950,2670,exercise,1
950,2118,exercise,1
950,1733,exercise,1
950,96,exercise,1
950,2804,exercise,1
950,1034,exercise,1
950,535,exercise,1
950,92,exercise,1
950,373,exercise,1
950,560,exercise,1
950,1991,exercise,1
950,1656,exercise,1
950,2471,exercise,1
950,2703,exercise,1
950,2622,exercise,1
950,810,exercise,1
950,1760,exercise,1
950,61,exercise,1
950,1393,exercise,1
950,339,exercise,1
951,150,exercise,1
951,2166,exercise,1
951,2031,exercise,1
951,1338,exercise,1
951,2170,exercise,1
951,2077,exercise,1
951,2069,exercise,1
951,2067,exercise,1
951,2079,exercise,1
951,2176,exercise,1
951,994,exercise,1
951,2178,exercise,1
951,2078,exercise,1
951,2739,exercise,1
951,2032,exercise,1
951,2072,exercise,1
951,2208,exercise,1
951,350,exercise,1
951,2124,exercise,1
951,2003,exercise,1
952,2069,exercise,1
952,1338,exercise,1
952,2001,exercise,1
952,2032,exercise,1
952,2031,exercise,1
952,885,exercise,1
952,2125,exercise,1
952,2160,exercise,1
952,2124,exercise,1
952,2072,exercise,1
952,2739,exercise,1
952,2076,exercise,1
952,2192,exercise,1
952,1730,exercise,1
952,2135,exercise,1
952,150,exercise,1
952,994,exercise,1
952,2236,exercise,1
952,2166,exercise,1
952,2178,exercise,1
953,295,exercise,1
953,1027,exercise,1
953,2146,exercise,1
953,1031,exercise,1
953,456,exercise,1
953,401,exercise,1
953,1740,exercise,1
953,1270,exercise,1
953,2159,exercise,1
953,2391,exercise,1
953,278,exercise,1
953,1506,exercise,1
953,2287,exercise,1
953,2743,exercise,1
953,444,exercise,1
953,191,exercise,1
953,480,exercise,1
953,448,exercise,1
953,2158,exercise,1
953,2739,exercise,1
954,2692,exercise,1
954,74,exercise,1
954,208,exercise,1
954,274,exercise,1
954,1855,exercise,1
954,957,exercise,1
954,1573,exercise,1
954,1900,exercise,1
954,1209,exercise,1
954,227,exercise,1
954,2199,exercise,1
954,743,exercise,1
954,922,exercise,1
954,574,exercise,1
954,1229,exercise,1
954,2260,exercise,1
954,773,exercise,1
954,2395,exercise,1
954,712,exercise,1
954,2640,exercise,1
955,2131,exercise,1
955,2119,exercise,1
955,150,exercise,1
955,994,exercise,1
955,885,exercise,1
955,2078,exercise,1
955,2079,exercise,1
955,2740,exercise,1
955,2172,exercise,1
955,2177,exercise,1
955,1730,exercise,1
955,2168,exercise,1
955,2160,exercise,1
955,2031,exercise,1
955,2077,exercise,1
955,2208,exercise,1
955,2192,exercise,1
955,2069,exercise,1
955,2001,exercise,1
955,2166,exercise,1
956,2160,exercise,1
956,198,exercise,1
956,2382,exercise,1
956,320,exercise,1
956,306,exercise,1
956,1777,exercise,1
956,373,exercise,1
956,423,exercise,1
956,2157,exercise,1
956,188,exercise,1
956,550,exercise,1
956,2345,exercise,1
956,409,exercise,1
956,362,exercise,1
956,1395,exercise,1
956,575,exercise,1
956,2284,exercise,1
956,355,exercise,1
956,277,exercise,1
956,2149,exercise,1
957,2054,exercise,1
957,229,exercise,1
957,2670,exercise,1
957,574,exercise,1
957,859,exercise,1
957,182,exercise,1
957,136,exercise,1
957,2212,exercise,1
957,305,exercise,1
957,1986,exercise,1
957,2800,exercise,1
957,1439,exercise,1
957,61,exercise,1
957,19,exercise,1
957,2302,exercise,1
957,1128,exercise,1
957,377,exercise,1
957,2399,exercise,1
957,2704,exercise,1
957,1442,exercise,1
958,2131,exercise,1
958,2124,exercise,1
958,2077,exercise,1
958,2032,exercise,1
958,2170,exercise,1
958,2739,exercise,1
958,2079,exercise,1
958,2236,exercise,1
958,2076,exercise,1
958,2178,exercise,1
958,2119,exercise,1
958,2192,exercise,1
958,2001,exercise,1
958,2172,exercise,1
958,2069,exercise,1
958,2072,exercise,1
958,1338,exercise,1
958,2166,exercise,1
958,2031,exercise,1
958,150,exercise,1
959,366,exercise,1
959,2887,exercise,1
959,475,exercise,1
959,2367,exercise,1
959,600,exercise,1
959,1386,exercise,1
959,355,exercise,1
959,674,exercise,1
959,330,exercise,1
959,258,exercise,1
959,1014,exercise,1
959,1598,exercise,1
959,278,exercise,1
959,500,exercise,1
959,1778,exercise,1
959,2234,exercise,1
959,855,exercise,1
959,568,exercise,1
959,328,exercise,1
959,2369,exercise,1
960,674,exercise,1
960,2133,exercise,1
960,2292,exercise,1
960,1010,exercise,1
960,2906,exercise,1
960,981,exercise,1
960,1608,exercise,1
960,496,exercise,1
960,2257,exercise,1
960,309,exercise,1
960,2226,exercise,1
960,1045,exercise,1
960,2287,exercise,1
960,265,exercise,1
960,2275,exercise,1
960,2327,exercise,1
960,585,exercise,1
960,690,exercise,1
960,1005,exercise,1
960,1370,exercise,1
961,2236,exercise,1
961,2072,exercise,1
961,2125,exercise,1
961,2069,exercise,1
961,2067,exercise,1
961,2170,exercise,1
961,2003,exercise,1
961,2739,exercise,1
961,2178,exercise,1
961,2131,exercise,1
961,2032,exercise,1
961,2176,exercise,1
961,1338,exercise,1
961,2119,exercise,1
961,350,exercise,1
961,2124,exercise,1
961,2172,exercise,1
961,2192,exercise,1
961,2031,exercise,1
961,885,exercise,1
962,288,exercise,1
962,2201,exercise,1
962,2133,exercise,1
962,2315,exercise,1
962,1605,exercise,1
962,1779,exercise,1
962,349,exercise,1
962,2141,exercise,1
962,2209,exercise,1
962,512,exercise,1
962,607,exercise,1
962,560,exercise,1
962,205,exercise,1
962,255,exercise,1
962,1600,exercise,1
962,1524,exercise,1
962,409,exercise,1
962,275,exercise,1
962,2733,exercise,1
962,1390,exercise,1
963,350,exercise,1
963,2001,exercise,1
963,2077,exercise,1
963,2739,exercise,1
963,2192,exercise,1
963,885,exercise,1
963,994,exercise,1
963,2236,exercise,1
963,2168,exercise,1
963,2079,exercise,1
963,2072,exercise,1
963,2177,exercise,1
963,2125,exercise,1
963,2135,exercise,1
963,150,exercise,1
963,2076,exercise,1
963,2119,exercise,1
963,1730,exercise,1
963,2031,exercise,1
963,2003,exercise,1
964,765,exercise,1
964,728,exercise,1
964,99,exercise,1
964,1884,exercise,1
964,2917,exercise,1
964,1707,exercise,1
964,1022,exercise,1
964,1444,exercise,1
964,1176,exercise,1
964,357,exercise,1
964,3,exercise,1
964,355,exercise,1
964,570,exercise,1
964,786,exercise,1
964,2042,exercise,1
964,1450,exercise,1
964,2669,exercise,1
964,1662,exercise,1
964,260,exercise,1
964,45,exercise,1
965,1933,exercise,1
965,212,exercise,1
965,338,exercise,1
965,1463,exercise,1
965,471,exercise,1
965,1553,exercise,1
965,935,exercise,1
965,789,exercise,1
965,1604,exercise,1
965,2771,exercise,1
965,1133,exercise,1
965,2052,exercise,1
965,2902,exercise,1
965,1563,exercise,1
965,133,exercise,1
965,2057,exercise,1
965,1261,exercise,1
965,183,exercise,1
965,2350,exercise,1
965,429,exercise,1
966,577,exercise,1
966,450,exercise,1
966,2345,exercise,1
966,287,exercise,1
966,2120,exercise,1
966,2145,exercise,1
966,243,exercise,1
966,910,exercise,1
966,320,exercise,1
966,284,exercise,1
966,205,exercise,1
966,2200,exercise,1
966,1258,exercise,1
966,680,exercise,1
966,1372,exercise,1
966,211,exercise,1
966,609,exercise,1
966,433,exercise,1
966,192,exercise,1
966,1246,exercise,1
967,444,exercise,1
967,250,exercise,1
967,677,exercise,1
967,2273,exercise,1
967,279,exercise,1
967,2745,exercise,1
967,1251,exercise,1
967,317,exercise,1
967,333,exercise,1
967,1283,exercise,1
967,378,exercise,1
967,691,exercise,1
967,1607,exercise,1
967,542,exercise,1
967,2131,exercise,1
967,1778,exercise,1
967,993,exercise,1
967,2174,exercise,1
967,1740,exercise,1
967,492,exercise,1
968,1668,exercise,1
968,1785,exercise,1
968,304,exercise,1
968,138,exercise,1
968,257,exercise,1
968,1890,exercise,1
968,2315,exercise,1
968,2670,exercise,1
968,2704,exercise,1
968,54,exercise,1
968,79,exercise,1
968,1845,exercise,1
968,2678,exercise,1
968,1979,exercise,1
968,2575,exercise,1
968,259,exercise,1
968,321,exercise,1
968,2584,exercise,1
968,1789,exercise,1
968,2059,exercise,1
969,1024,exercise,1
969,276,exercise,1
969,980,exercise,1
969,2376,exercise,1
969,2733,exercise,1
969,1032,exercise,1
969,442,exercise,1
969,684,exercise,1
969,582,exercise,1
969,1260,exercise,1
969,1378,exercise,1
969,2163,exercise,1
969,698,exercise,1
969,228,exercise,1
969,191,exercise,1
969,2213,exercise,1
969,2727,exercise,1
969,2347,exercise,1
969,2181,exercise,1
969,511,exercise,1
970,1524,exercise,1
970,202,exercise,1
970,684,exercise,1
970,515,exercise,1
970,1743,exercise,1
970,208,exercise,1
970,335,exercise,1
970,2406,exercise,1
970,673,exercise,1
970,2173,exercise,1
970,1391,exercise,1
970,1008,exercise,1
970,452,exercise,1
970,2197,exercise,1
970,562,exercise,1
970,1263,exercise,1
970,405,exercise,1
970,2350,exercise,1
970,1016,exercise,1
970,568,exercise,1
971,994,exercise,1
971,2069,exercise,1
971,2032,exercise,1
971,2077,exercise,1
971,2170,exercise,1
971,2003,exercise,1
971,2236,exercise,1
971,2067,exercise,1
971,2740,exercise,1
971,885,exercise,1
971,150,exercise,1
971,2166,exercise,1
971,350,exercise,1
971,2124,exercise,1
971,2160,exercise,1
971,2125,exercise,1
971,2177,exercise,1
971,1730,exercise,1
971,2079,exercise,1
971,2176,exercise,1
972,2740,exercise,1
972,2172,exercise,1
972,2236,exercise,1
972,2079,exercise,1
972,2003,exercise,1
972,150,exercise,1
972,1338,exercise,1
972,994,exercise,1
972,885,exercise,1
972,2072,exercise,1
972,2170,exercise,1
972,2077,exercise,1
972,2192,exercise,1
972,2177,exercise,1
972,2125,exercise,1
972,2176,exercise,1
972,2119,exercise,1
972,2124,exercise,1
972,350,exercise,1
972,2160,exercise,1
973,2740,exercise,1
973,2177,exercise,1
973,2131,exercise,1
973,2069,exercise,1
973,885,exercise,1
973,1730,exercise,1
973,2124,exercise,1
973,2166,exercise,1
973,2739,exercise,1
973,2168,exercise,1
973,2076,exercise,1
973,2032,exercise,1
973,2178,exercise,1
973,2072,exercise,1
973,350,exercise,1
973,2208,exercise,1
973,2172,exercise,1
973,2003,exercise,1
973,2078,exercise,1
973,2176,exercise,1
974,2032,exercise,1
974,2178,exercise,1
974,2166,exercise,1
974,2160,exercise,1
974,2079,exercise,1
974,1730,exercise,1
974,885,exercise,1
974,2031,exercise,1
974,2077,exercise,1
974,2172,exercise,1
974,150,exercise,1
974,2208,exercise,1
974,2125,exercise,1
974,1338,exercise,1
974,2168,exercise,1
974,2003,exercise,1
974,2067,exercise,1
974,2192,exercise,1
974,2119,exercise,1
974,2072,exercise,1
975,2588,exercise,1
975,26,exercise,1
975,781,exercise,1
975,815,exercise,1
975,1991,exercise,1
975,729,exercise,1
975,422,exercise,1
975,2860,exercise,1
975,740,exercise,1
975,291,exercise,1
975,1632,exercise,1
975,2481,exercise,1
975,526,exercise,1
975,2472,exercise,1
975,2685,exercise,1
975,2333,exercise,1
975,18,exercise,1
975,1696,exercise,1
975,2666,exercise,1
975,405,exercise,1
976,403,exercise,1
976,415,exercise,1
976,2738,exercise,1
976,2290,exercise,1
976,619,exercise,1
976,2156,exercise,1
976,1598,exercise,1
976,353,exercise,1
976,1390,exercise,1
976,2345,exercise,1
976,2359,exercise,1
976,528,exercise,1
976,378,exercise,1
976,2177,exercise,1
976,2891,exercise,1
976,277,exercise,1
976,289,exercise,1
976,1621,exercise,1
976,976,exercise,1
976,2389,exercise,1
977,2076,exercise,1
977,1338,exercise,1
977,2168,exercise,1
977,2032,exercise,1
977,2079,exercise,1
977,2178,exercise,1
977,2124,exercise,1
977,2078,exercise,1
977,1730,exercise,1
977,2170,exercise,1
977,2192,exercise,1
977,2031,exercise,1
977,2067,exercise,1
977,2208,exercise,1
977,350,exercise,1
977,150,exercise,1
977,2160,exercise,1
977,2072,exercise,1
977,2077,exercise,1
977,994,exercise,1
978,5,exercise,1
978,232,exercise,1
978,767,exercise,1
978,2590,exercise,1
978,932,exercise,1
978,2889,exercise,1
978,1324,exercise,1
978,2531,exercise,1
978,539,exercise,1
978,1001,exercise,1
978,571,exercise,1
978,655,exercise,1
978,257,exercise,1
978,1097,exercise,1
978,380,exercise,1
978,1236,exercise,1
978,1247,exercise,1
978,2328,exercise,1
978,930,exercise,1
978,561,exercise,1
979,2739,exercise,1
979,2003,exercise,1
979,1338,exercise,1
979,2172,exercise,1
979,2192,exercise,1
979,2069,exercise,1
979,2124,exercise,1
979,2125,exercise,1
979,2160,exercise,1
979,2001,exercise,1
979,2208,exercise,1
979,150,exercise,1
979,2135,exercise,1
979,2236,exercise,1
979,2131,exercise,1
979,2176,exercise,1
979,2072,exercise,1
979,2177,exercise,1
979,2077,exercise,1
979,2166,exercise,1
980,491,exercise,1
980,686,exercise,1
980,454,exercise,1
980,453,exercise,1
980,2294,exercise,1
980,2727,exercise,1
980,2131,exercise,1
980,446,exercise,1
980,397,exercise,1
980,985,exercise,1
980,2159,exercise,1
980,583,exercise,1
980,270,exercise,1
980,2738,exercise,1
980,377,exercise,1
980,2263,exercise,1
980,1615,exercise,1
980,283,exercise,1
980,2241,exercise,1
980,1015,exercise,1
981,589,exercise,1
981,191,exercise,1
981,303,exercise,1
981,1623,exercise,1
981,910,exercise,1
981,2297,exercise,1
981,2331,exercise,1
981,2337,exercise,1
981,2124,exercise,1
981,2210,exercise,1
981,382,exercise,1
981,697,exercise,1
981,456,exercise,1
981,331,exercise,1
981,232,exercise,1
981,523,exercise,1
981,373,exercise,1
981,2259,exercise,1
981,341,exercise,1
981,2372,exercise,1
982,2170,exercise,1
982,269,exercise,1
982,511,exercise,1
982,684,exercise,1
982,430,exercise,1
982,245,exercise,1
982,1025,exercise,1
982,993,exercise,1
982,1234,exercise,1
982,322,exercise,1
982,2188,exercise,1
982,2198,exercise,1
982,518,exercise,1
982,494,exercise,1
982,352,exercise,1
982,609,exercise,1
982,433,exercise,1
982,2270,exercise,1
982,2408,exercise,1
982,214,exercise,1
983,994,exercise,1
983,2166,exercise,1
983,2170,exercise,1
983,2739,exercise,1
983,2172,exercise,1
983,2076,exercise,1
983,2192,exercise,1
983,2072,exercise,1
983,2077,exercise,1
983,2168,exercise,1
983,350,exercise,1
983,2176,exercise,1
983,2003,exercise,1
983,2208,exercise,1
983,1338,exercise,1
983,2067,exercise,1
983,2160,exercise,1
983,2031,exercise,1
983,2125,exercise,1
983,2124,exercise,1
984,309,exercise,1
984,1370,exercise,1
984,1256,exercise,1
984,1007,exercise,1
984,1284,exercise,1
984,260,exercise,1
984,2299,exercise,1
984,2279,exercise,1
984,2197,exercise,1
984,588,exercise,1
984,1377,exercise,1
984,572,exercise,1
984,698,exercise,1
984,2249,exercise,1
984,1622,exercise,1
984,203,exercise,1
984,1379,exercise,1
984,2178,exercise,1
984,530,exercise,1
984,2340,exercise,1
985,547,exercise,1
985,731,exercise,1
985,1773,exercise,1
985,568,exercise,1
985,2008,exercise,1
985,498,exercise,1
985,379,exercise,1
985,1328,exercise,1
985,618,exercise,1
985,1117,exercise,1
985,944,exercise,1
985,1904,exercise,1
985,579,exercise,1
985,1583,exercise,1
985,2605,exercise,1
985,1478,exercise,1
985,1179,exercise,1
985,644,exercise,1
985,433,exercise,1
985,2449,exercise,1
986,885,exercise,1
986,2208,exercise,1
986,2001,exercise,1
986,2172,exercise,1
986,1338,exercise,1
986,2131,exercise,1
986,2003,exercise,1
986,2166,exercise,1
986,2032,exercise,1
986,2160,exercise,1
986,2740,exercise,1
986,2135,exercise,1
986,2125,exercise,1
986,2124,exercise,1
986,2072,exercise,1
986,2077,exercise,1
986,2076,exercise,1
986,150,exercise,1
986,2079,exercise,1
986,2168,exercise,1
987,1248,exercise,1
987,2205,exercise,1
987,804,exercise,1
987,1685,exercise,1
987,247,exercise,1
987,1681,exercise,1
987,2510,exercise,1
987,1031,exercise,1
987,982,exercise,1
987,1070,exercise,1
987,1137,exercise,1
987,873,exercise,1
987,144,exercise,1
987,1051,exercise,1
987,332,exercise,1
987,340,exercise,1
987,1699,exercise,1
987,2514,exercise,1
987,2380,exercise,1
987,1895,exercise,1
988,1719,exercise,1
988,1171,exercise,1
988,1702,exercise,1
988,2231,exercise,1
988,1797,exercise,1
988,2641,exercise,1
988,1179,exercise,1
988,2366,exercise,1
988,1510,exercise,1
988,2114,exercise,1
988,1864,exercise,1
988,2762,exercise,1
988,1177,exercise,1
988,1545,exercise,1
988,858,exercise,1
988,1670,exercise,1
988,1048,exercise,1
988,2048,exercise,1
988,1713,exercise,1
988,2658,exercise,1
989,1040,exercise,1
989,2200,exercise,1
989,2187,exercise,1
989,2737,exercise,1
989,2178,exercise,1
989,316,exercise,1
989,2278,exercise,1
989,613,exercise,1
989,1243,exercise,1
989,445,exercise,1
989,347,exercise,1
989,548,exercise,1
989,1620,exercise,1
989,1253,exercise,1
989,2153,exercise,1
989,231,exercise,1
989,202,exercise,1
989,1606,exercise,1
989,1385,exercise,1
989,2888,exercise,1
990,1571,exercise,1
990,799,exercise,1
990,1854,exercise,1
990,2809,exercise,1
990,601,exercise,1
990,1478,exercise,1
990,1708,exercise,1
990,2697,exercise,1
990,1756,exercise,1
990,1840,exercise,1
990,1365,exercise,1
990,2086,exercise,1
990,784,exercise,1
990,479,exercise,1
990,1046,exercise,1
990,56,exercise,1
990,2157,exercise,1
990,1225,exercise,1
990,577,exercise,1
990,1051,exercise,1
991,429,exercise,1
991,1030,exercise,1
991,557,exercise,1
991,2184,exercise,1
991,436,exercise,1
991,1254,exercise,1
991,293,exercise,1
991,1028,exercise,1
991,586,exercise,1
991,993,exercise,1
991,508,exercise,1
991,2246,exercise,1
991,424,exercise,1
991,1285,exercise,1
991,1398,exercise,1
991,1394,exercise,1
991,682,exercise,1
991,301,exercise,1
991,2338,exercise,1
991,2256,exercise,1
992,2191,exercise,1
992,987,exercise,1
992,444,exercise,1
992,75,exercise,1
992,124,exercise,1
992,2520,exercise,1
992,516,exercise,1
992,2351,exercise,1
992,2507,exercise,1
992,1647,exercise,1
992,724,exercise,1
992,598,exercise,1
992,509,exercise,1
992,340,exercise,1
992,1696,exercise,1
992,2596,exercise,1
992,2097,exercise,1
992,398,exercise,1
992,2629,exercise,1
992,1256,exercise,1
993,506,exercise,1
993,614,exercise,1
993,2138,exercise,1
993,1241,exercise,1
993,546,exercise,1
993,2282,exercise,1
993,2743,exercise,1
993,2339,exercise,1
993,1017,exercise,1
993,1032,exercise,1
993,2728,exercise,1
993,285,exercise,1
993,416,exercise,1
993,2414,exercise,1
993,583,exercise,1
993,524,exercise,1
993,237,exercise,1
993,2247,exercise,1
993,1739,exercise,1
993,490,exercise,1
994,2074,exercise,1
994,2214,exercise,1
994,2112,exercise,1
994,557,exercise,1
994,2703,exercise,1
994,1985,exercise,1
994,1859,exercise,1
994,1481,exercise,1
994,1886,exercise,1
994,811,exercise,1
994,839,exercise,1
994,2238,exercise,1
994,14,exercise,1
994,473,exercise,1
994,1230,exercise,1
994,269,exercise,1
994,195,exercise,1
994,1657,exercise,1
994,646,exercise,1
994,2059,exercise,1
995,1338,exercise,1
995,350,exercise,1
995,2166,exercise,1
995,2131,exercise,1
995,2208,exercise,1
995,2079,exercise,1
995,2135,exercise,1
995,2739,exercise,1
995,2176,exercise,1
995,150,exercise,1
995,2740,exercise,1
995,2078,exercise,1
995,2177,exercise,1
995,1730,exercise,1
995,2168,exercise,1
995,2067,exercise,1
995,2124,exercise,1
995,2076,exercise,1
995,2125,exercise,1
995,2031,exercise,1
996,2072,exercise,1
996,2003,exercise,1
996,2176,exercise,1
996,350,exercise,1
996,2125,exercise,1
996,2032,exercise,1
996,2739,exercise,1
996,2124,exercise,1
996,2160,exercise,1
996,2170,exercise,1
996,994,exercise,1
996,2001,exercise,1
996,2740,exercise,1
996,2079,exercise,1
996,2131,exercise,1
996,2192,exercise,1
996,2031,exercise,1
996,150,exercise,1
996,2178,exercise,1
996,2076,exercise,1
997,852,exercise,1
997,1737,exercise,1
997,1592,exercise,1
997,1621,exercise,1
997,650,exercise,1
997,2449,exercise,1
997,1800,exercise,1
997,760,exercise,1
997,111,exercise,1
997,2831,exercise,1
997,803,exercise,1
997,2696,exercise,1
997,2306,exercise,1
997,1073,exercise,1
997,1584,exercise,1
997,541,exercise,1
997,1726,exercise,1
997,2908,exercise,1
997,1639,exercise,1
997,935,exercise,1
998,626,exercise,1
998,732,exercise,1
998,636,exercise,1
998,2063,exercise,1
998,993,exercise,1
998,2895,exercise,1
998,819,exercise,1
998,2471,exercise,1
998,2841,exercise,1
998,2860,exercise,1
998,753,exercise,1
998,6,exercise,1
998,1273,exercise,1
998,1677,exercise,1
998,2261,exercise,1
998,974,exercise,1
998,1646,exercise,1
998,995,exercise,1
998,547,exercise,1
998,1000,exercise,1
999,2270,exercise,1
999,364,exercise,1
999,2746,exercise,1
999,1747,exercise,1
999,257,exercise,1
999,2357,exercise,1
999,2209,exercise,1
999,373,exercise,1
999,286,exercise,1
999,2336,exercise,1
999,279,exercise,1
999,2755,exercise,1
999,569,exercise,1
999,2192,exercise,1
999,2727,exercise,1
999,438,exercise,1
999,2883,exercise,1
999,515,exercise,1
999,601,exercise,1
999,2183,exercise,1
1000,421,exercise,1
1000,58,exercise,1
1000,2333,exercise,1
1000,527,exercise,1
1000,657,exercise,1
1000,1837,exercise,1
1000,425,exercise,1
1000,1638,exercise,1
1000,2600,exercise,1
1000,968,exercise,1
1000,2619,exercise,1
1000,2627,exercise,1
1000,789,exercise,1
1000,384,exercise,1
1000,2340,exercise,1
1000,2040,exercise,1
1000,1151,exercise,1
1000,2532,exercise,1
1000,1135,exercise,1
1000,1878,exercise,1
